facilityId,typeOfFacility,categoryOfFacility,averageInspectionScore,healthScore
FA0003323,RESTAURANT 0 TO 100 SEATS,FULL MENU LIMITED SERVICE,14,5
FA0000616,RESTAURANT MORE THAN 200 SEATS,FULL SERVICE FULL MENU,48,3
FA0004494,RESTAURANT 0 TO 100 SEATS,FULL MENU LIMITED SERVICE,30,4
FA0003893,SPECIAL EVENT,SPECIAL EVENT,4,5
FA0003472,LIMITED FOOD SERVICE CONVENIENCE OTHER,FAST FOOD LIMITED MENU,15,5
FA0003618,GROCERY STORE 0 TO 15000 SQ FT,GROCERY FINISHED FOODS,50,3
FA0002790,RESTAURANT 0 TO 100 SEATS,FAST FOOD LIMITED MENU,33,4
FA0001363,RESTAURANT 0 TO 100 SEATS,FULL SERVICE FULL MENU,34,4
FA0000878,RESTAURANT 0 TO 100 SEATS,FAST FOOD LIMITED MENU,19,5
FA0004983,MOBILE UNIT FULL FOOD SERVICE,MOBILE UNITS,15,5
FA0005140,MOBILE UNIT PREPACKAGED,PRE PACKAGED,0,5
FA0000679,RESTAURANT 0 TO 100 SEATS,FAST FOOD LIMITED MENU,18,5
FA0005261,MOBILE UNIT FULL FOOD SERVICE,MOBILE UNITS,5,5
FA0000100,RESTAURANT 0 TO 100 SEATS,FULL MENU LIMITED SERVICE,35,4
FA0003437,RESTAURANT 0 TO 100 SEATS,FULL MENU LIMITED SERVICE,1,5
FA0003426,RESTAURANT 0 TO 100 SEATS,FULL MENU LIMITED SERVICE,8,5
FA0005083,MOBILE UNIT FULL FOOD SERVICE,MOBILE UNITS,13,5
FA0003541,RESTAURANT 0 TO 100 SEATS,FULL MENU LIMITED SERVICE,47,3
FA0000024,RESTAURANT 0 TO 100 SEATS,FAST FOOD LIMITED MENU,35,4
FA0001380,RESTAURANT 0 TO 100 SEATS,FULL MENU LIMITED SERVICE,18,5
FA0003427,RESTAURANT 0 TO 100 SEATS,FULL SERVICE FULL MENU,6,5
FA0001344,RESTAURANT 0 TO 100 SEATS,FULL SERVICE FULL MENU,61,3
FA0001169,RESTAURANT 0 TO 100 SEATS,FAST FOOD LIMITED MENU,31,4
FA0001247,RESTAURANT 0 TO 100 SEATS,FAST FOOD LIMITED MENU,32,4
FA0003435,GROCERY STORE W DELI 0 TO 15000 SQ FT,FULL MENU LIMITED SERVICE,9,5
FA0004603,RESTAURANT 0 TO 100 SEATS,FULL MENU LIMITED SERVICE,18,5
FA0000018,RESTAURANT 0 TO 100 SEATS,FAST FOOD LIMITED MENU,43,3
FA0002382,RESTAURANT 0 TO 100 SEATS,FULL SERVICE FULL MENU,71,2
FA0001306,RESTAURANT 0 TO 100 SEATS,FULL MENU LIMITED SERVICE,29,4
FA0003434,RESTAURANT 0 TO 100 SEATS,FULL MENU LIMITED SERVICE,8,5
FA0000200,RESTAURANT 101 TO 200 SEATS,FULL SERVICE FULL MENU,50,3
FA0000966,RESTAURANT 0 TO 100 SEATS,FAST FOOD LIMITED MENU,13,5
FA0000027,GROCERY STORE W DELI 0 TO 15000 SQ FT,GROCERY FINISHED FOODS,11,5
FA0003002,RESTAURANT 0 TO 100 SEATS,FULL MENU LIMITED SERVICE,22,4
FA0003428,RESTAURANT 0 TO 100 SEATS,FAST FOOD LIMITED MENU,0,5
FA0001149,RESTAURANT 0 TO 100 SEATS,FULL SERVICE FULL MENU,38,4
FA0003432,RESTAURANT 0 TO 100 SEATS,FULL MENU LIMITED SERVICE,6,5
FA0001299,RESTAURANT 0 TO 100 SEATS,FAST FOOD LIMITED MENU,26,4
FA0000057,RESTAURANT 101 TO 200 SEATS,FULL SERVICE FULL MENU,27,4
FA0004801,SPECIAL EVENT,SPECIAL EVENT,10,5
FA0000502,RESTAURANT 0 TO 100 SEATS,FULL SERVICE FULL MENU,37,4
FA0004579,MOBILE UNIT PREPACKAGED,PRE PACKAGED,0,5
FA0003425,RESTAURANT MORE THAN 200 SEATS,FULL MENU LIMITED SERVICE,15,5
FA0003431,RESTAURANT 0 TO 100 SEATS,FULL MENU LIMITED SERVICE,8,5
FA0003433,RESTAURANT 0 TO 100 SEATS,FULL MENU LIMITED SERVICE,11,5
FA0003436,RESTAURANT 0 TO 100 SEATS,FULL MENU LIMITED SERVICE,11,5
FA0003430,RESTAURANT 0 TO 100 SEATS,FULL MENU LIMITED SERVICE,4,5
FA0003429,RESTAURANT 0 TO 100 SEATS,FULL MENU LIMITED SERVICE,3,5
FA0004505,RESTAURANT 0 TO 100 SEATS,FULL MENU LIMITED SERVICE,25,4
FA0000287,GROCERY STORE 0 TO 15000 SQ FT,GROCERY FINISHED FOODS,23,4
FA0001319,RESTAURANT 0 TO 100 SEATS,FULL SERVICE FULL MENU,3,5
FA0004526,RESTAURANT 0 TO 100 SEATS,FULL MENU LIMITED SERVICE,22,4
FA0001273,RESTAURANT 0 TO 100 SEATS,FAST FOOD LIMITED MENU,21,4
FA0000346,RESTAURANT 0 TO 100 SEATS,FAST FOOD LIMITED MENU,17,5
FA0000665,RESTAURANT 0 TO 100 SEATS,FAST FOOD LIMITED MENU,9,5
FA0002421,SPECIAL EVENT,SPECIAL EVENT,3,5
FA0000731,RESTAURANT 0 TO 100 SEATS,FAST FOOD LIMITED MENU,14,5
FA0002869,RESTAURANT 0 TO 100 SEATS,FULL MENU LIMITED SERVICE,0,5
FA0000476,RESTAURANT 0 TO 100 SEATS,FULL SERVICE FULL MENU,25,4
FA0003850,RESTAURANT 0 TO 100 SEATS,FAST FOOD LIMITED MENU,23,4
FA0000666,RESTAURANT 0 TO 100 SEATS,FULL SERVICE FULL MENU,35,4
FA0002979,MOBILE UNIT FULL FOOD SERVICE,MOBILE UNITS,15,5
FA0004967,MOBILE UNIT FULL FOOD SERVICE,MOBILE UNITS,43,3
FA0001266,RESTAURANT 0 TO 100 SEATS,RESIDENTIAL FACILITIES,15,5
FA0003410,RESTAURANT 101 TO 200 SEATS,FULL SERVICE FULL MENU,34,4
FA0000442,RESTAURANT 0 TO 100 SEATS,FULL MENU LIMITED SERVICE,22,4
FA0005285,RESTAURANT 0 TO 100 SEATS,FAST FOOD LIMITED MENU,20,5
FA0000521,GROCERY STORE 0 TO 15000 SQ FT,GROCERY FINISHED FOODS,1,5
FA0000654,RESTAURANT 0 TO 100 SEATS,FULL SERVICE FULL MENU,66,3
FA0004972,NO FEE LICENSE K12 SCHOOLS NON PROFIT,FOOD BANK,0,5
FA0001261,RESTAURANT 0 TO 100 SEATS,FULL MENU LIMITED SERVICE,0,5
FA0004497,RESTAURANT 101 TO 200 SEATS,FULL MENU LIMITED SERVICE,44,3
FA0001251,RESTAURANT 0 TO 100 SEATS,FULL SERVICE FULL MENU,43,3
FA0005450,MOBILE UNIT FULL FOOD SERVICE,MOBILE UNITS,0,5
FA0003837,RESTAURANT 0 TO 100 SEATS,FULL SERVICE FULL MENU,16,5
FA0000943,RESTAURANT 101 TO 200 SEATS,FULL SERVICE FULL MENU,67,3
FA0002315,RESTAURANT 0 TO 100 SEATS,FULL SERVICE FULL MENU,39,4
FA0000724,RESTAURANT 0 TO 100 SEATS,FULL SERVICE FULL MENU,13,5
FA0005003,RESTAURANT 0 TO 100 SEATS,FULL SERVICE FULL MENU,37,4
FA0002506,RESTAURANT 0 TO 100 SEATS,FULL SERVICE FULL MENU,34,4
FA0002718,RESTAURANT 0 TO 100 SEATS,FAST FOOD LIMITED MENU,13,5
FA0000798,RESTAURANT 101 TO 200 SEATS,FULL SERVICE FULL MENU,55,3
FA0000467,RESTAURANT 0 TO 100 SEATS,FULL SERVICE FULL MENU,34,4
FA0004847,RESTAURANT 0 TO 100 SEATS,FULL MENU LIMITED SERVICE,30,4
FA0003739,RESTAURANT 0 TO 100 SEATS,FULL MENU LIMITED SERVICE,18,5
FA0001138,RESTAURANT 101 TO 200 SEATS,FULL SERVICE FULL MENU,43,3
FA0000630,RESTAURANT 0 TO 100 SEATS,FAST FOOD LIMITED MENU,15,5
FA0002345,RESTAURANT 101 TO 200 SEATS,FULL MENU LIMITED SERVICE,12,5
FA0005025,RESTAURANT 0 TO 100 SEATS,FULL MENU LIMITED SERVICE,15,5
FA0003809,GROCERY STORE 0 TO 15000 SQ FT,GROCERY FINISHED FOODS,27,4
FA0001283,RESTAURANT 0 TO 100 SEATS,FAST FOOD LIMITED MENU,19,5
FA0000848,RESTAURANT 0 TO 100 SEATS,FULL SERVICE FULL MENU,48,3
FA0004885,RESTAURANT 0 TO 100 SEATS,FULL SERVICE FULL MENU,20,5
FA0001278,RESTAURANT 0 TO 100 SEATS,FULL MENU LIMITED SERVICE,3,5
FA0000942,RESTAURANT 0 TO 100 SEATS,FULL SERVICE FULL MENU,35,4
FA0001595,RESTAURANT 0 TO 100 SEATS,FULL MENU LIMITED SERVICE,6,5
FA0002657,RESTAURANT 0 TO 100 SEATS,FAST FOOD LIMITED MENU,18,5
FA0001493,RESTAURANT 0 TO 100 SEATS,FULL SERVICE FULL MENU,30,4
FA0003319,RESTAURANT 0 TO 100 SEATS,FAST FOOD LIMITED MENU,30,4
FA0000110,RESTAURANT 0 TO 100 SEATS,FAST FOOD LIMITED MENU,12,5
FA0002592,RESTAURANT 0 TO 100 SEATS,FAST FOOD LIMITED MENU,27,4
FA0003376,GROCERY STORE 0 TO 15000 SQ FT,GROCERY FINISHED FOODS,7,5
FA0003267,RESTAURANT 0 TO 100 SEATS,FAST FOOD LIMITED MENU,13,5
FA0000808,RESTAURANT 0 TO 100 SEATS,FAST FOOD LIMITED MENU,6,5
FA0004908,RESTAURANT 0 TO 100 SEATS,FULL MENU LIMITED SERVICE,3,5
FA0002311,RESTAURANT 0 TO 100 SEATS,FAST FOOD LIMITED MENU,28,4
FA0002874,RESTAURANT 0 TO 100 SEATS,FULL MENU LIMITED SERVICE,34,4
FA0000112,RESTAURANT 0 TO 100 SEATS,FAST FOOD LIMITED MENU,2,5
FA0004554,LIMITED FOOD SERVICE CONVENIENCE OTHER,FAST FOOD LIMITED MENU,13,5
FA0003365,RESTAURANT 0 TO 100 SEATS,FAST FOOD LIMITED MENU,38,4
FA0005127,MOBILE UNIT FULL FOOD SERVICE,MOBILE UNITS,20,5
FA0000124,LIMITED FOOD SERVICE CONVENIENCE OTHER,FAST FOOD LIMITED MENU,24,4
FA0001182,RESTAURANT 0 TO 100 SEATS,FAST FOOD LIMITED MENU,63,3
FA0000714,RESTAURANT 0 TO 100 SEATS,FULL SERVICE FULL MENU,15,5
FA0002162,RESTAURANT 0 TO 100 SEATS,FAST FOOD LIMITED MENU,37,4
FA0005347,MOBILE UNIT FULL FOOD SERVICE,MOBILE UNITS,0,5
FA0002651,RESTAURANT 0 TO 100 SEATS,FULL MENU LIMITED SERVICE,49,3
FA0004837,RESTAURANT MORE THAN 200 SEATS,FULL SERVICE FULL MENU,53,3
FA0001355,RESTAURANT 0 TO 100 SEATS,FAST FOOD LIMITED MENU,56,3
FA0001514,RESTAURANT 101 TO 200 SEATS,FAST FOOD LIMITED MENU,14,5
FA0004651,LIMITED FOOD SERVICE CONVENIENCE OTHER,BARS FRATERNAL ORGANIZATIONS,3,5
FA0005372,NO FEE LICENSE K12 SCHOOLS NON PROFIT,FOOD BANK,0,5
FA0003265,RESTAURANT 0 TO 100 SEATS,FAST FOOD LIMITED MENU,9,5
FA0004769,RESTAURANT 0 TO 100 SEATS,FAST FOOD LIMITED MENU,28,4
FA0000633,RESTAURANT 0 TO 100 SEATS,FULL MENU LIMITED SERVICE,22,4
FA0004641,RESTAURANT 0 TO 100 SEATS,FAST FOOD LIMITED MENU,4,5
FA0003891,MOBILE UNIT FULL FOOD SERVICE,MOBILE UNITS,16,5
FA0000365,RESTAURANT 0 TO 100 SEATS,FAST FOOD LIMITED MENU,26,4
FA0004736,RESTAURANT 101 TO 200 SEATS,FULL SERVICE FULL MENU,38,4
FA0000515,RESTAURANT 0 TO 100 SEATS,FULL SERVICE FULL MENU,67,3
FA0000973,RESTAURANT 0 TO 100 SEATS,FAST FOOD LIMITED MENU,20,5
FA0000458,RESTAURANT 0 TO 100 SEATS,FULL SERVICE FULL MENU,59,3
FA0000818,RESTAURANT 0 TO 100 SEATS,FULL SERVICE FULL MENU,49,3
FA0000080,GROCERY STORE 0 TO 15000 SQ FT,GROCERY FINISHED FOODS,5,5
FA0003784,RESTAURANT 101 TO 200 SEATS,FULL SERVICE FULL MENU,8,5
FA0001055,LIMITED FOOD SERVICE CONVENIENCE OTHER,FAST FOOD LIMITED MENU,3,5
FA0005101,RESTAURANT 0 TO 100 SEATS,FAST FOOD LIMITED MENU,5,5
FA0000779,GROCERY STORE W DELI MORE THAN 15000 SQ FT,GROCERY FINISHED FOODS,16,5
FA0002502,GROCERY STORE W DELI MORE THAN 15000 SQ FT,GROCERY FINISHED FOODS,25,4
FA0002505,RESTAURANT 0 TO 100 SEATS,FAST FOOD LIMITED MENU,17,5
FA0004749,RESTAURANT 0 TO 100 SEATS,FULL MENU LIMITED SERVICE,5,5
FA0000751,RESTAURANT 0 TO 100 SEATS,BARS FRATERNAL ORGANIZATIONS,16,5
FA0002863,RESTAURANT 0 TO 100 SEATS,FULL MENU LIMITED SERVICE,3,5
FA0000599,RESTAURANT 101 TO 200 SEATS,FULL SERVICE FULL MENU,13,5
FA0000396,RESTAURANT 0 TO 100 SEATS,FULL SERVICE FULL MENU,43,3
FA0000193,RESTAURANT 0 TO 100 SEATS,FULL MENU LIMITED SERVICE,15,5
FA0000109,RESTAURANT 0 TO 100 SEATS,FAST FOOD LIMITED MENU,20,5
FA0001272,RESTAURANT 0 TO 100 SEATS,FULL MENU LIMITED SERVICE,49,3
FA0005345,MOBILE UNIT FULL FOOD SERVICE,MOBILE UNITS,10,5
FA0005301,MOBILE UNIT PREPACKAGED,PRE PACKAGED,5,5
FA0002492,RESTAURANT 0 TO 100 SEATS,FULL MENU LIMITED SERVICE,35,4
FA0003585,RESTAURANT 0 TO 100 SEATS,FULL SERVICE FULL MENU,34,4
FA0003651,SPECIAL EVENT,SPECIAL EVENT,22,4
FA0000801,RESTAURANT 0 TO 100 SEATS,FAST FOOD LIMITED MENU,26,4
FA0001233,GROCERY STORE W DELI 0 TO 15000 SQ FT,GROCERY FINISHED FOODS,32,4
FA0000419,GROCERY STORE W DELI MORE THAN 15000 SQ FT,GROCERY FINISHED FOODS,8,5
FA0002374,GROCERY STORE 0 TO 15000 SQ FT,GROCERY FINISHED FOODS,5,5
FA0001091,RESTAURANT 0 TO 100 SEATS,FAST FOOD LIMITED MENU,8,5
FA0004975,RESTAURANT 0 TO 100 SEATS,FAST FOOD LIMITED MENU,28,4
FA0001550,MOBILE UNIT FULL FOOD SERVICE,MOBILE UNITS,62,3
FA0005386,MOBILE UNIT FULL FOOD SERVICE,MOBILE UNITS,5,5
FA0001343,RESTAURANT 0 TO 100 SEATS,FULL SERVICE FULL MENU,86,2
FA0000245,RESTAURANT 0 TO 100 SEATS,FULL MENU LIMITED SERVICE,26,4
FA0000569,MOBILE UNIT FULL FOOD SERVICE,MOBILE UNITS,9,5
FA0000565,MOBILE UNIT FULL FOOD SERVICE,MOBILE UNITS,13,5
FA0000466,RESTAURANT 101 TO 200 SEATS,FULL SERVICE FULL MENU,57,3
FA0001347,RESTAURANT 0 TO 100 SEATS,FULL SERVICE FULL MENU,42,3
FA0005329,MOBILE UNIT FULL FOOD SERVICE,MOBILE UNITS,65,3
FA0004835,MOBILE UNIT FULL FOOD SERVICE,MOBILE UNITS,10,5
FA0002925,LIMITED FOOD SERVICE CONVENIENCE OTHER,FAST FOOD LIMITED MENU,10,5
FA0000258,RESTAURANT 0 TO 100 SEATS,FAST FOOD LIMITED MENU,29,4
FA0002416,RESTAURANT 0 TO 100 SEATS,FULL SERVICE FULL MENU,44,3
FA0004977,LIMITED FOOD SERVICE CONVENIENCE OTHER,FULL SERVICE FULL MENU,1,5
FA0003614,RESTAURANT 0 TO 100 SEATS,FAST FOOD LIMITED MENU,11,5
FA0000605,RESTAURANT 0 TO 100 SEATS,FAST FOOD LIMITED MENU,18,5
FA0002882,RESTAURANT 0 TO 100 SEATS,FAST FOOD LIMITED MENU,15,5
FA0000863,RESTAURANT 0 TO 100 SEATS,FULL SERVICE FULL MENU,26,4
FA0001336,RESTAURANT 0 TO 100 SEATS,FAST FOOD LIMITED MENU,25,4
FA0002873,RESTAURANT 0 TO 100 SEATS,FULL MENU LIMITED SERVICE,16,5
FA0000925,RESTAURANT 0 TO 100 SEATS,FULL MENU LIMITED SERVICE,49,3
FA0002171,RESTAURANT 0 TO 100 SEATS,FAST FOOD LIMITED MENU,49,3
FA0003050,RESTAURANT 0 TO 100 SEATS,FULL MENU LIMITED SERVICE,42,3
FA0002939,LIMITED FOOD SERVICE CONVENIENCE OTHER,FULL SERVICE FULL MENU,23,4
FA0003257,RESTAURANT 0 TO 100 SEATS,FAST FOOD LIMITED MENU,20,5
FA0000064,RESTAURANT 0 TO 100 SEATS,FAST FOOD LIMITED MENU,26,4
FA0000535,RESTAURANT 0 TO 100 SEATS,FULL SERVICE FULL MENU,23,4
FA0002759,RESTAURANT 0 TO 100 SEATS,FAST FOOD LIMITED MENU,19,5
FA0000486,RESTAURANT MORE THAN 200 SEATS,FULL SERVICE FULL MENU,47,3
FA0000113,RESTAURANT 0 TO 100 SEATS,FAST FOOD LIMITED MENU,16,5
FA0000642,RESTAURANT 101 TO 200 SEATS,FAST FOOD LIMITED MENU,13,5
FA0001351,GROCERY STORE 0 TO 15000 SQ FT,GROCERY FINISHED FOODS,6,5
FA0001186,RESTAURANT 0 TO 100 SEATS,FAST FOOD LIMITED MENU,4,5
FA0000355,RESTAURANT 0 TO 100 SEATS,FULL SERVICE FULL MENU,53,3
FA0000500,NO FEE LICENSE K12 SCHOOLS NON PROFIT,FULL SERVICE FULL MENU,10,5
FA0000164,RESTAURANT 101 TO 200 SEATS,FULL SERVICE FULL MENU,43,3
FA0000803,RESTAURANT 0 TO 100 SEATS,FAST FOOD LIMITED MENU,17,5
FA0000721,RESTAURANT 0 TO 100 SEATS,FAST FOOD LIMITED MENU,37,4
FA0005038,LIMITED FOOD SERVICE CONVENIENCE OTHER,FAST FOOD LIMITED MENU,44,3
FA0003806,RESTAURANT 0 TO 100 SEATS,FAST FOOD LIMITED MENU,2,5
FA0000628,RESTAURANT 0 TO 100 SEATS,FULL SERVICE FULL MENU,46,3
FA0000279,RESTAURANT 101 TO 200 SEATS,FULL SERVICE FULL MENU,9,5
FA0000017,RESTAURANT 0 TO 100 SEATS,FULL SERVICE FULL MENU,21,4
FA0001605,RESTAURANT 101 TO 200 SEATS,FULL SERVICE FULL MENU,6,5
FA0003722,LIMITED FOOD SERVICE CONVENIENCE OTHER,FAST FOOD LIMITED MENU,6,5
FA0005050,RESTAURANT 0 TO 100 SEATS,FAST FOOD LIMITED MENU,6,5
FA0002133,RESTAURANT 0 TO 100 SEATS,FAST FOOD LIMITED MENU,19,5
FA0004740,NO FEE LICENSE K12 SCHOOLS NON PROFIT,FOOD BANK,9,5
FA0000445,RESTAURANT 101 TO 200 SEATS,FULL SERVICE FULL MENU,28,4
FA0005178,GROCERY STORE 0 TO 15000 SQ FT,GROCERY FINISHED FOODS,0,5
FA0005072,LIMITED FOOD SERVICE CONVENIENCE OTHER,FAST FOOD LIMITED MENU,0,5
FA0005044,RESTAURANT 0 TO 100 SEATS,FULL SERVICE FULL MENU,15,5
FA0005047,RESTAURANT 0 TO 100 SEATS,FAST FOOD LIMITED MENU,8,5
FA0002868,RESTAURANT 0 TO 100 SEATS,FULL MENU LIMITED SERVICE,38,4
FA0000657,RESTAURANT 0 TO 100 SEATS,FAST FOOD LIMITED MENU,13,5
FA0003606,RESTAURANT 101 TO 200 SEATS,FULL SERVICE FULL MENU,31,4
FA0001614,RESTAURANT 101 TO 200 SEATS,FULL SERVICE FULL MENU,11,5
FA0001292,RESTAURANT 101 TO 200 SEATS,FAST FOOD LIMITED MENU,13,5
FA0004833,GROCERY STORE  MORE THAN 15000 SQ FT,GROCERY FINISHED FOODS,0,5
FA0004539,RESTAURANT 0 TO 100 SEATS,FAST FOOD LIMITED MENU,21,4
FA0002758,RESTAURANT 0 TO 100 SEATS,FULL SERVICE FULL MENU,35,4
FA0003599,RESTAURANT 0 TO 100 SEATS,FAST FOOD LIMITED MENU,6,5
FA0000931,RESTAURANT 0 TO 100 SEATS,FAST FOOD LIMITED MENU,16,5
FA0004817,RESTAURANT 0 TO 100 SEATS,FULL MENU LIMITED SERVICE,5,5
FA0005408,RESTAURANT 0 TO 100 SEATS,FAST FOOD LIMITED MENU,20,5
FA0002178,RESTAURANT 0 TO 100 SEATS,FULL MENU LIMITED SERVICE,42,3
FA0000036,GROCERY STORE 0 TO 15000 SQ FT,GROCERY FINISHED FOODS,14,5
FA0002287,LIMITED FOOD SERVICE CONVENIENCE OTHER,FAST FOOD LIMITED MENU,40,4
FA0000185,RESTAURANT 0 TO 100 SEATS,FAST FOOD LIMITED MENU,15,5
FA0002087,MOBILE UNIT FULL FOOD SERVICE,MOBILE UNITS,3,5
FA0004818,RESTAURANT 0 TO 100 SEATS,FULL MENU LIMITED SERVICE,10,5
FA0001623,RESTAURANT 101 TO 200 SEATS,FULL SERVICE FULL MENU,37,4
FA0003820,RESTAURANT 0 TO 100 SEATS,FULL SERVICE FULL MENU,5,5
FA0002021,RESTAURANT 0 TO 100 SEATS,FULL SERVICE FULL MENU,7,5
FA0005058,RESTAURANT 0 TO 100 SEATS,RETAIL COMMISSARY,0,5
FA0000326,RESTAURANT 0 TO 100 SEATS,FAST FOOD LIMITED MENU,27,4
FA0005060,RESTAURANT 0 TO 100 SEATS,RETAIL COMMISSARY,7,5
FA0000390,RESTAURANT 0 TO 100 SEATS,FAST FOOD LIMITED MENU,23,4
FA0005059,RESTAURANT 0 TO 100 SEATS,RETAIL COMMISSARY,0,5
FA0000278,RESTAURANT 101 TO 200 SEATS,FAST FOOD LIMITED MENU,22,4
FA0002130,RESTAURANT 0 TO 100 SEATS,FULL MENU LIMITED SERVICE,13,5
FA0001161,RESTAURANT 0 TO 100 SEATS,FAST FOOD LIMITED MENU,10,5
FA0002088,MOBILE UNIT FULL FOOD SERVICE,MOBILE UNITS,5,5
FA0000821,LIMITED FOOD SERVICE CONVENIENCE OTHER,FAST FOOD LIMITED MENU,5,5
FA0002019,RESTAURANT 0 TO 100 SEATS,FULL SERVICE FULL MENU,4,5
FA0000493,RESTAURANT 0 TO 100 SEATS,FULL SERVICE FULL MENU,64,3
FA0002839,LIMITED FOOD SERVICE CONVENIENCE OTHER,FAST FOOD LIMITED MENU,42,3
FA0002701,RESTAURANT 101 TO 200 SEATS,FULL SERVICE FULL MENU,30,4
FA0000649,RESTAURANT 101 TO 200 SEATS,FULL SERVICE FULL MENU,18,5
FA0000886,RESTAURANT 101 TO 200 SEATS,FULL SERVICE FULL MENU,42,3
FA0004638,RESTAURANT 101 TO 200 SEATS,FULL SERVICE FULL MENU,41,3
FA0004897,SPECIAL EVENT,SPECIAL EVENT,10,5
FA0003769,RESTAURANT MORE THAN 200 SEATS,FULL SERVICE FULL MENU,12,5
FA0004519,RESTAURANT 0 TO 100 SEATS,FAST FOOD LIMITED MENU,10,5
FA0000399,RESTAURANT 0 TO 100 SEATS,FULL MENU LIMITED SERVICE,48,3
FA0000738,RESTAURANT MORE THAN 200 SEATS,FULL SERVICE FULL MENU,56,3
FA0003737,RESTAURANT 0 TO 100 SEATS,FULL SERVICE FULL MENU,40,4
FA0003916,LIMITED FOOD SERVICE CONVENIENCE OTHER,FAST FOOD LIMITED MENU,13,5
FA0001288,RESTAURANT 0 TO 100 SEATS,FULL SERVICE FULL MENU,63,3
FA0000133,LIMITED FOOD SERVICE CONVENIENCE OTHER,FAST FOOD LIMITED MENU,23,4
FA0004654,RESTAURANT 0 TO 100 SEATS,FAST FOOD LIMITED MENU,10,5
FA0000033,RESTAURANT 101 TO 200 SEATS,FULL SERVICE FULL MENU,34,4
FA0005053,RESTAURANT 0 TO 100 SEATS,FAST FOOD LIMITED MENU,0,5
FA0002320,LIMITED FOOD SERVICE CONVENIENCE OTHER,FAST FOOD LIMITED MENU,4,5
FA0005049,LIMITED FOOD SERVICE CONVENIENCE OTHER,FAST FOOD LIMITED MENU,0,5
FA0005048,RESTAURANT 0 TO 100 SEATS,FAST FOOD LIMITED MENU,2,5
FA0002090,MOBILE UNIT FULL FOOD SERVICE,MOBILE UNITS,7,5
FA0000135,RESTAURANT 101 TO 200 SEATS,FULL SERVICE FULL MENU,23,4
FA0005052,RESTAURANT 0 TO 100 SEATS,FAST FOOD LIMITED MENU,10,5
FA0005177,RESTAURANT 0 TO 100 SEATS,FULL SERVICE FULL MENU,5,5
FA0005051,RESTAURANT 0 TO 100 SEATS,FAST FOOD LIMITED MENU,10,5
FA0003592,RESTAURANT 0 TO 100 SEATS,FULL SERVICE FULL MENU,44,3
FA0002629,RESTAURANT 0 TO 100 SEATS,FAST FOOD LIMITED MENU,45,3
FA0000844,RESTAURANT 0 TO 100 SEATS,FULL SERVICE FULL MENU,52,3
FA0003825,RESTAURANT 0 TO 100 SEATS,FAST FOOD LIMITED MENU,21,4
FA0002284,RESTAURANT 0 TO 100 SEATS,FULL MENU LIMITED SERVICE,6,5
FA0005282,MOBILE UNIT FULL FOOD SERVICE,MOBILE UNITS,5,5
FA0005391,MOBILE UNIT FULL FOOD SERVICE,MOBILE UNITS,15,5
FA0000106,RESTAURANT 0 TO 100 SEATS,FAST FOOD LIMITED MENU,19,5
FA0000843,RESTAURANT 0 TO 100 SEATS,FAST FOOD LIMITED MENU,11,5
FA0003324,GROCERY STORE 0 TO 15000 SQ FT,GROCERY FINISHED FOODS,49,3
FA0004625,RESTAURANT 0 TO 100 SEATS,FULL MENU LIMITED SERVICE,37,4
FA0001088,RESTAURANT 101 TO 200 SEATS,FULL SERVICE FULL MENU,55,3
FA0002755,NO FEE LICENSE K12 SCHOOLS NON PROFIT,RESIDENTIAL FACILITIES,41,3
FA0000230,RESTAURANT 0 TO 100 SEATS,FAST FOOD LIMITED MENU,17,5
FA0000940,RESTAURANT 101 TO 200 SEATS,FULL SERVICE FULL MENU,15,5
FA0001253,RESTAURANT 0 TO 100 SEATS,FAST FOOD LIMITED MENU,64,3
FA0002128,RESTAURANT 0 TO 100 SEATS,FAST FOOD LIMITED MENU,34,4
FA0004511,RESTAURANT 0 TO 100 SEATS,FAST FOOD LIMITED MENU,13,5
FA0000547,RESTAURANT 0 TO 100 SEATS,FAST FOOD LIMITED MENU,46,3
FA0000951,RESTAURANT MORE THAN 200 SEATS,FULL SERVICE FULL MENU,17,5
FA0000474,RESTAURANT 0 TO 100 SEATS,FAST FOOD LIMITED MENU,34,4
FA0003703,RESTAURANT 0 TO 100 SEATS,FAST FOOD LIMITED MENU,26,4
FA0005283,MOBILE UNIT FULL FOOD SERVICE,MOBILE UNITS,0,5
FA0005421,MOBILE UNIT FULL FOOD SERVICE,MOBILE UNITS,0,5
FA0000879,RESTAURANT 0 TO 100 SEATS,BARS FRATERNAL ORGANIZATIONS,40,4
FA0004652,RESTAURANT 0 TO 100 SEATS,FAST FOOD LIMITED MENU,7,5
FA0004821,RESTAURANT 0 TO 100 SEATS,FAST FOOD LIMITED MENU,27,4
FA0003485,RESTAURANT 0 TO 100 SEATS,FAST FOOD LIMITED MENU,24,4
FA0001077,RESTAURANT 101 TO 200 SEATS,FULL SERVICE FULL MENU,67,3
FA0000945,RESTAURANT 0 TO 100 SEATS,FAST FOOD LIMITED MENU,58,3
FA0001074,RESTAURANT 0 TO 100 SEATS,FULL SERVICE FULL MENU,22,4
FA0002689,RESTAURANT 0 TO 100 SEATS,FAST FOOD LIMITED MENU,15,5
FA0001037,GROCERY STORE W DELI MORE THAN 15000 SQ FT,GROCERY FINISHED FOODS,36,4
FA0000360,RESTAURANT 0 TO 100 SEATS,FAST FOOD LIMITED MENU,28,4
FA0002676,RESTAURANT 0 TO 100 SEATS,FAST FOOD LIMITED MENU,20,5
FA0000672,RESTAURANT 0 TO 100 SEATS,FAST FOOD LIMITED MENU,20,5
FA0002719,LIMITED FOOD SERVICE CONVENIENCE OTHER,FAST FOOD LIMITED MENU,1,5
FA0005319,MOBILE UNIT FULL FOOD SERVICE,MOBILE UNITS,14,5
FA0003015,RESTAURANT 0 TO 100 SEATS,FULL MENU LIMITED SERVICE,38,4
FA0001002,GROCERY STORE W DELI MORE THAN 15000 SQ FT,GROCERY FINISHED FOODS,22,4
FA0004789,RESTAURANT 0 TO 100 SEATS,FAST FOOD LIMITED MENU,4,5
FA0001126,RESTAURANT 0 TO 100 SEATS,FAST FOOD LIMITED MENU,30,4
FA0003350,MOBILE UNIT FULL FOOD SERVICE,MOBILE UNITS,3,5
FA0001624,RESTAURANT 0 TO 100 SEATS,FAST FOOD LIMITED MENU,25,4
FA0005088,RESTAURANT 0 TO 100 SEATS,FULL MENU LIMITED SERVICE,20,5
FA0005085,GROCERY STORE  MORE THAN 15000 SQ FT,GROCERY FINISHED FOODS,23,4
FA0000031,RESTAURANT 0 TO 100 SEATS,FAST FOOD LIMITED MENU,6,5
FA0000579,RESTAURANT 0 TO 100 SEATS,FAST FOOD LIMITED MENU,4,5
FA0000688,RESTAURANT 0 TO 100 SEATS,FULL MENU LIMITED SERVICE,19,5
FA0003785,RESTAURANT 0 TO 100 SEATS,FULL MENU LIMITED SERVICE,33,4
FA0001204,RESTAURANT 0 TO 100 SEATS,FULL MENU LIMITED SERVICE,39,4
FA0000247,RESTAURANT 0 TO 100 SEATS,FULL SERVICE FULL MENU,38,4
FA0000127,RESTAURANT 0 TO 100 SEATS,BARS FRATERNAL ORGANIZATIONS,9,5
FA0000178,RESTAURANT 101 TO 200 SEATS,FULL SERVICE FULL MENU,42,3
FA0002745,RESTAURANT 0 TO 100 SEATS,FULL MENU LIMITED SERVICE,41,3
FA0004706,RESTAURANT 0 TO 100 SEATS,FAST FOOD LIMITED MENU,13,5
FA0001003,RESTAURANT 0 TO 100 SEATS,FAST FOOD LIMITED MENU,14,5
FA0001242,RESTAURANT 0 TO 100 SEATS,FULL SERVICE FULL MENU,48,3
FA0003536,RESTAURANT 0 TO 100 SEATS,FAST FOOD LIMITED MENU,10,5
FA0001286,RESTAURANT 101 TO 200 SEATS,FULL SERVICE FULL MENU,48,3
FA0001000,RESTAURANT 0 TO 100 SEATS,FULL SERVICE FULL MENU,50,3
FA0003652,SPECIAL EVENT,SPECIAL EVENT,28,4
FA0002891,LIMITED FOOD SERVICE CONVENIENCE OTHER,FAST FOOD LIMITED MENU,7,5
FA0001183,RESTAURANT 0 TO 100 SEATS,FULL SERVICE FULL MENU,21,4
FA0001447,RESTAURANT 0 TO 100 SEATS,FAST FOOD LIMITED MENU,25,4
FA0000473,RESTAURANT 0 TO 100 SEATS,FULL SERVICE FULL MENU,36,4
FA0002343,RESTAURANT 0 TO 100 SEATS,FULL SERVICE FULL MENU,61,3
FA0001289,RESTAURANT 0 TO 100 SEATS,FULL MENU LIMITED SERVICE,30,4
FA0005073,LIMITED FOOD SERVICE CONVENIENCE OTHER,FAST FOOD LIMITED MENU,4,5
FA0005084,LIMITED FOOD SERVICE CONVENIENCE OTHER,FULL MENU LIMITED SERVICE,20,5
FA0002609,RESTAURANT 0 TO 100 SEATS,FULL MENU LIMITED SERVICE,38,4
FA0000421,RESTAURANT MORE THAN 200 SEATS,FULL SERVICE FULL MENU,29,4
FA0000075,RESTAURANT 0 TO 100 SEATS,FULL SERVICE FULL MENU,23,4
FA0000881,RESTAURANT 0 TO 100 SEATS,FAST FOOD LIMITED MENU,20,5
FA0000347,RESTAURANT 0 TO 100 SEATS,FULL MENU LIMITED SERVICE,15,5
FA0004941,RESTAURANT 0 TO 100 SEATS,FULL MENU LIMITED SERVICE,36,4
FA0000783,RESTAURANT 0 TO 100 SEATS,FULL MENU LIMITED SERVICE,14,5
FA0001327,RESTAURANT 0 TO 100 SEATS,FAST FOOD LIMITED MENU,23,4
FA0000974,LIMITED FOOD SERVICE CONVENIENCE OTHER,FAST FOOD LIMITED MENU,15,5
FA0002210,MOBILE UNIT FULL FOOD SERVICE,MOBILE UNITS,21,4
FA0000677,RESTAURANT 0 TO 100 SEATS,FULL SERVICE FULL MENU,54,3
FA0001373,RESTAURANT 0 TO 100 SEATS,FAST FOOD LIMITED MENU,20,5
FA0003792,RESTAURANT 0 TO 100 SEATS,FAST FOOD LIMITED MENU,13,5
FA0000218,GROCERY STORE W DELI 0 TO 15000 SQ FT,GROCERY FINISHED FOODS,29,4
FA0005008,RESTAURANT 0 TO 100 SEATS,FAST FOOD LIMITED MENU,26,4
FA0004521,RESTAURANT 0 TO 100 SEATS,FULL MENU LIMITED SERVICE,30,4
FA0001444,RESTAURANT 101 TO 200 SEATS,FULL SERVICE FULL MENU,20,5
FA0000147,RESTAURANT 0 TO 100 SEATS,FAST FOOD LIMITED MENU,19,5
FA0000257,RESTAURANT 0 TO 100 SEATS,FULL SERVICE FULL MENU,31,4
FA0001257,RESTAURANT 0 TO 100 SEATS,FULL SERVICE FULL MENU,16,5
FA0001732,RESTAURANT 0 TO 100 SEATS,FULL SERVICE FULL MENU,16,5
FA0001321,RESTAURANT MORE THAN 200 SEATS,FULL SERVICE FULL MENU,33,4
FA0004853,MOBILE UNIT FULL FOOD SERVICE,MOBILE UNITS,62,3
FA0001641,RESTAURANT 0 TO 100 SEATS,FAST FOOD LIMITED MENU,7,5
FA0002879,MOBILE UNIT PREPACKAGED,PRE PACKAGED,0,5
FA0000411,RESTAURANT 0 TO 100 SEATS,FULL SERVICE FULL MENU,37,4
FA0005061,GROCERY STORE 0 TO 15000 SQ FT,FAST FOOD LIMITED MENU,0,5
FA0004518,RESTAURANT 0 TO 100 SEATS,FAST FOOD LIMITED MENU,19,5
FA0001023,RESTAURANT 0 TO 100 SEATS,FULL SERVICE FULL MENU,14,5
FA0005390,RESTAURANT 0 TO 100 SEATS,FULL MENU LIMITED SERVICE,23,4
FA0000371,RESTAURANT 0 TO 100 SEATS,FAST FOOD LIMITED MENU,36,4
FA0000253,RESTAURANT 0 TO 100 SEATS,FULL MENU LIMITED SERVICE,19,5
FA0001024,RESTAURANT MORE THAN 200 SEATS,FULL SERVICE FULL MENU,26,4
FA0004986,LIMITED FOOD SERVICE CONVENIENCE OTHER,FAST FOOD LIMITED MENU,0,5
FA0005343,MOBILE UNIT FULL FOOD SERVICE,MOBILE UNITS,0,5
FA0001290,LIMITED FOOD SERVICE CONVENIENCE OTHER,FAST FOOD LIMITED MENU,29,4
FA0002680,RESTAURANT 0 TO 100 SEATS,FAST FOOD LIMITED MENU,7,5
FA0000682,RESTAURANT 0 TO 100 SEATS,FAST FOOD LIMITED MENU,64,3
FA0002750,RESTAURANT 0 TO 100 SEATS,FULL SERVICE FULL MENU,58,3
FA0001549,RESTAURANT 0 TO 100 SEATS,FULL MENU LIMITED SERVICE,30,4
FA0004683,RESTAURANT 0 TO 100 SEATS,FULL MENU LIMITED SERVICE,22,4
FA0000422,GROCERY STORE W DELI MORE THAN 15000 SQ FT,GROCERY FINISHED FOODS,25,4
FA0003487,RESTAURANT 0 TO 100 SEATS,FAST FOOD LIMITED MENU,19,5
FA0000436,RESTAURANT 0 TO 100 SEATS,FULL MENU LIMITED SERVICE,27,4
FA0001191,RESTAURANT 0 TO 100 SEATS,FULL SERVICE FULL MENU,74,2
FA0000329,RESTAURANT 0 TO 100 SEATS,FAST FOOD LIMITED MENU,10,5
FA0005045,RESTAURANT 0 TO 100 SEATS,FAST FOOD LIMITED MENU,0,5
FA0005063,RESTAURANT 0 TO 100 SEATS,FULL MENU LIMITED SERVICE,1,5
FA0001198,RESTAURANT 0 TO 100 SEATS,FAST FOOD LIMITED MENU,13,5
FA0001542,RESTAURANT 0 TO 100 SEATS,FULL MENU LIMITED SERVICE,21,4
FA0004787,RESTAURANT 0 TO 100 SEATS,FULL MENU LIMITED SERVICE,22,4
FA0001515,RESTAURANT 0 TO 100 SEATS,FAST FOOD LIMITED MENU,5,5
FA0000375,RESTAURANT 0 TO 100 SEATS,FULL MENU LIMITED SERVICE,26,4
FA0001524,RESTAURANT 0 TO 100 SEATS,FULL MENU LIMITED SERVICE,9,5
FA0002245,RESTAURANT 0 TO 100 SEATS,FULL MENU LIMITED SERVICE,1,5
FA0004836,RESTAURANT 0 TO 100 SEATS,FAST FOOD LIMITED MENU,2,5
FA0005034,GROCERY STORE 0 TO 15000 SQ FT,GROCERY FINISHED FOODS,23,4
FA0003857,MOBILE UNIT FULL FOOD SERVICE,MOBILE UNITS,37,4
FA0000624,RESTAURANT 101 TO 200 SEATS,FULL SERVICE FULL MENU,68,3
FA0003664,RESTAURANT 0 TO 100 SEATS,GROCERY FINISHED FOODS,26,4
FA0001381,GROCERY STORE 0 TO 15000 SQ FT,GROCERY FINISHED FOODS,17,5
FA0003307,RESTAURANT 101 TO 200 SEATS,FAST FOOD LIMITED MENU,9,5
FA0002703,RESTAURANT 0 TO 100 SEATS,FULL MENU LIMITED SERVICE,43,3
FA0005418,RESTAURANT 0 TO 100 SEATS,FAST FOOD LIMITED MENU,15,5
FA0000011,RESTAURANT 0 TO 100 SEATS,FAST FOOD LIMITED MENU,19,5
FA0000962,LIMITED FOOD SERVICE CONVENIENCE OTHER,FULL SERVICE FULL MENU,3,5
FA0000655,RESTAURANT 0 TO 100 SEATS,FULL SERVICE FULL MENU,32,4
FA0001291,RESTAURANT 0 TO 100 SEATS,FULL MENU LIMITED SERVICE,30,4
FA0001779,SPECIAL EVENT,SPECIAL EVENT,8,5
FA0003598,MOBILE UNIT PREPACKAGED,PRE PACKAGED,1,5
FA0000995,RESTAURANT 0 TO 100 SEATS,FAST FOOD LIMITED MENU,8,5
FA0000098,RESTAURANT 0 TO 100 SEATS,FAST FOOD LIMITED MENU,43,3
FA0002989,GROCERY STORE 0 TO 15000 SQ FT,GROCERY FINISHED FOODS,15,5
FA0004750,RESTAURANT 0 TO 100 SEATS,FULL MENU LIMITED SERVICE,9,5
FA0002792,RESTAURANT 0 TO 100 SEATS,FULL MENU LIMITED SERVICE,13,5
FA0002294,RESTAURANT 0 TO 100 SEATS,FULL SERVICE FULL MENU,44,3
FA0001362,GROCERY STORE W DELI 0 TO 15000 SQ FT,GROCERY FINISHED FOODS,48,3
FA0003663,RESTAURANT 101 TO 200 SEATS,FULL SERVICE FULL MENU,1,5
FA0004956,GROCERY STORE W DELI MORE THAN 15000 SQ FT,GROCERY FINISHED FOODS,62,3
FA0003243,RESTAURANT 0 TO 100 SEATS,FULL MENU LIMITED SERVICE,44,3
FA0002393,RESTAURANT 0 TO 100 SEATS,FAST FOOD LIMITED MENU,3,5
FA0000182,RESTAURANT 0 TO 100 SEATS,FULL SERVICE FULL MENU,90,2
FA0003464,RESTAURANT 0 TO 100 SEATS,FULL MENU LIMITED SERVICE,66,3
FA0000997,RESTAURANT 101 TO 200 SEATS,FULL SERVICE FULL MENU,48,3
FA0000758,RESTAURANT 0 TO 100 SEATS,FULL SERVICE FULL MENU,3,5
FA0004745,MOBILE UNIT PREPACKAGED,PRE PACKAGED,0,5
FA0004866,RESTAURANT 0 TO 100 SEATS,FAST FOOD LIMITED MENU,41,3
FA0001662,RESTAURANT 101 TO 200 SEATS,FULL SERVICE FULL MENU,54,3
FA0001294,RESTAURANT 0 TO 100 SEATS,FAST FOOD LIMITED MENU,8,5
FA0002132,RESTAURANT 101 TO 200 SEATS,FULL SERVICE FULL MENU,41,3
FA0000675,RESTAURANT MORE THAN 200 SEATS,FULL SERVICE FULL MENU,32,4
FA0004883,RESTAURANT 101 TO 200 SEATS,FULL SERVICE FULL MENU,42,3
FA0000510,GROCERY STORE 0 TO 15000 SQ FT,GROCERY FINISHED FOODS,44,3
FA0004907,RESTAURANT 0 TO 100 SEATS,FULL MENU LIMITED SERVICE,15,5
FA0005151,RESTAURANT 0 TO 100 SEATS,FAST FOOD LIMITED MENU,59,3
FA0002704,RESTAURANT 0 TO 100 SEATS,FAST FOOD LIMITED MENU,62,3
FA0002668,RESTAURANT 0 TO 100 SEATS,FAST FOOD LIMITED MENU,12,5
FA0000234,RESTAURANT 0 TO 100 SEATS,FULL MENU LIMITED SERVICE,46,3
FA0004500,RESTAURANT 101 TO 200 SEATS,FULL MENU LIMITED SERVICE,19,5
FA0004942,GROCERY STORE W DELI MORE THAN 15000 SQ FT,GROCERY FINISHED FOODS,27,4
FA0005381,RESTAURANT 0 TO 100 SEATS,FULL MENU LIMITED SERVICE,25,4
FA0001260,RESTAURANT 101 TO 200 SEATS,FULL MENU LIMITED SERVICE,17,5
FA0002307,RESTAURANT 0 TO 100 SEATS,FAST FOOD LIMITED MENU,17,5
FA0000446,SPECIAL EVENT,SPECIAL EVENT,3,5
FA0004996,RESTAURANT 0 TO 100 SEATS,FAST FOOD LIMITED MENU,10,5
FA0003814,RESTAURANT 0 TO 100 SEATS,FAST FOOD LIMITED MENU,23,4
FA0001018,NO FEE LICENSE K12 SCHOOLS NON PROFIT,RESIDENTIAL FACILITIES,5,5
FA0000909,RESTAURANT 101 TO 200 SEATS,FULL SERVICE FULL MENU,17,5
FA0003791,GROCERY STORE 0 TO 15000 SQ FT,GROCERY FINISHED FOODS,1,5
FA0002697,RESTAURANT 0 TO 100 SEATS,FAST FOOD LIMITED MENU,3,5
FA0004872,RESTAURANT 0 TO 100 SEATS,FAST FOOD LIMITED MENU,7,5
FA0004848,RESTAURANT 101 TO 200 SEATS,FULL SERVICE FULL MENU,40,4
FA0000047,GROCERY STORE  MORE THAN 15000 SQ FT,GROCERY FINISHED FOODS,51,3
FA0000331,RESTAURANT 101 TO 200 SEATS,FULL SERVICE FULL MENU,49,3
FA0000387,RESTAURANT 0 TO 100 SEATS,FULL MENU LIMITED SERVICE,25,4
FA0001585,RESTAURANT 0 TO 100 SEATS,FULL SERVICE FULL MENU,64,3
FA0003813,RESTAURANT 0 TO 100 SEATS,FULL MENU LIMITED SERVICE,10,5
FA0005179,MOBILE UNIT FULL FOOD SERVICE,MOBILE UNITS,11,5
FA0002513,RESTAURANT 0 TO 100 SEATS,FAST FOOD LIMITED MENU,1,5
FA0004696,RESTAURANT 0 TO 100 SEATS,FAST FOOD LIMITED MENU,14,5
FA0002449,RESTAURANT 0 TO 100 SEATS,FAST FOOD LIMITED MENU,12,5
FA0001587,GROCERY STORE W DELI 0 TO 15000 SQ FT,GROCERY FINISHED FOODS,31,4
FA0005435,SPECIAL EVENT,SPECIAL EVENT,10,5
FA0003336,SPECIAL EVENT,SPECIAL EVENT,4,5
FA0003821,RESTAURANT 0 TO 100 SEATS,FAST FOOD LIMITED MENU,29,4
FA0003411,RESTAURANT 0 TO 100 SEATS,FAST FOOD LIMITED MENU,12,5
FA0002840,LIMITED FOOD SERVICE CONVENIENCE OTHER,FAST FOOD LIMITED MENU,11,5
FA0000768,GROCERY STORE W DELI MORE THAN 15000 SQ FT,GROCERY FINISHED FOODS,24,4
FA0000389,RESTAURANT 0 TO 100 SEATS,FAST FOOD LIMITED MENU,33,4
FA0004910,RESTAURANT 0 TO 100 SEATS,FULL MENU LIMITED SERVICE,18,5
FA0000847,RESTAURANT 0 TO 100 SEATS,FAST FOOD LIMITED MENU,3,5
FA0002471,RESTAURANT 0 TO 100 SEATS,FAST FOOD LIMITED MENU,17,5
FA0004846,RESTAURANT 0 TO 100 SEATS,FAST FOOD LIMITED MENU,40,4
FA0000685,RESTAURANT 101 TO 200 SEATS,FULL SERVICE FULL MENU,38,4
FA0003452,GROCERY STORE 0 TO 15000 SQ FT,GROCERY FINISHED FOODS,6,5
FA0004661,RESTAURANT 0 TO 100 SEATS,FAST FOOD LIMITED MENU,20,5
FA0004763,SPECIAL EVENT,SPECIAL EVENT,12,5
FA0002435,RESTAURANT 101 TO 200 SEATS,FAST FOOD LIMITED MENU,2,5
FA0005267,RESTAURANT 0 TO 100 SEATS,FAST FOOD LIMITED MENU,64,3
FA0000670,GROCERY STORE W DELI 0 TO 15000 SQ FT,GROCERY FINISHED FOODS,3,5
FA0002108,RESTAURANT 0 TO 100 SEATS,FAST FOOD LIMITED MENU,35,4
FA0002143,RESTAURANT 0 TO 100 SEATS,FULL SERVICE FULL MENU,46,3
FA0002855,GROCERY STORE W DELI MORE THAN 15000 SQ FT,GROCERY FINISHED FOODS,11,5
FA0001390,GROCERY STORE 0 TO 15000 SQ FT,GROCERY FINISHED FOODS,29,4
FA0000613,RESTAURANT 0 TO 100 SEATS,FAST FOOD LIMITED MENU,56,3
FA0004960,RESTAURANT 0 TO 100 SEATS,FULL MENU LIMITED SERVICE,14,5
FA0002168,RESTAURANT MORE THAN 200 SEATS,FULL SERVICE FULL MENU,17,5
FA0004974,MOBILE UNIT FULL FOOD SERVICE,MOBILE UNITS,4,5
FA0000764,GROCERY STORE W DELI MORE THAN 15000 SQ FT,GROCERY FINISHED FOODS,13,5
FA0003811,GROCERY STORE W DELI 0 TO 15000 SQ FT,GROCERY FINISHED FOODS,38,4
FA0002297,RESTAURANT 0 TO 100 SEATS,FAST FOOD LIMITED MENU,30,4
FA0000115,RESTAURANT 0 TO 100 SEATS,FAST FOOD LIMITED MENU,3,5
FA0000021,RESTAURANT 0 TO 100 SEATS,FULL MENU LIMITED SERVICE,2,5
FA0002356,RESTAURANT 0 TO 100 SEATS,FAST FOOD LIMITED MENU,30,4
FA0000770,RESTAURANT 0 TO 100 SEATS,FAST FOOD LIMITED MENU,42,3
FA0000594,LIMITED FOOD SERVICE CONVENIENCE OTHER,FAST FOOD LIMITED MENU,37,4
FA0003255,RESTAURANT 0 TO 100 SEATS,FAST FOOD LIMITED MENU,30,4
FA0001202,RESTAURANT 0 TO 100 SEATS,FULL SERVICE FULL MENU,50,3
FA0004762,SPECIAL EVENT,SPECIAL EVENT,8,5
FA0005198,RESTAURANT MORE THAN 200 SEATS,FULL MENU LIMITED SERVICE,21,4
FA0000372,RESTAURANT MORE THAN 200 SEATS,FULL SERVICE FULL MENU,47,3
FA0001084,RESTAURANT 101 TO 200 SEATS,FULL SERVICE FULL MENU,60,3
FA0000830,RESTAURANT 101 TO 200 SEATS,FULL SERVICE FULL MENU,12,5
FA0003836,RESTAURANT 0 TO 100 SEATS,FULL MENU LIMITED SERVICE,0,5
FA0001007,RESTAURANT 0 TO 100 SEATS,FULL SERVICE FULL MENU,42,3
FA0000351,RESTAURANT 0 TO 100 SEATS,FAST FOOD LIMITED MENU,14,5
FA0000603,RESTAURANT 101 TO 200 SEATS,FULL SERVICE FULL MENU,54,3
FA0002339,RESTAURANT MORE THAN 200 SEATS,FULL SERVICE FULL MENU,78,2
FA0002631,RESTAURANT 0 TO 100 SEATS,FULL SERVICE FULL MENU,15,5
FA0002828,RESTAURANT 0 TO 100 SEATS,FAST FOOD LIMITED MENU,4,5
FA0004949,MOBILE UNIT FULL FOOD SERVICE,MOBILE UNITS,54,3
FA0002527,RESTAURANT 0 TO 100 SEATS,FULL MENU LIMITED SERVICE,12,5
FA0000957,RESTAURANT 0 TO 100 SEATS,FULL SERVICE FULL MENU,62,3
FA0000350,RESTAURANT 0 TO 100 SEATS,FAST FOOD LIMITED MENU,43,3
FA0000536,RESTAURANT 0 TO 100 SEATS,FULL SERVICE FULL MENU,28,4
FA0003782,RESTAURANT 0 TO 100 SEATS,FAST FOOD LIMITED MENU,1,5
FA0003491,RESTAURANT 0 TO 100 SEATS,FAST FOOD LIMITED MENU,10,5
FA0000578,RESTAURANT 0 TO 100 SEATS,FULL MENU LIMITED SERVICE,23,4
FA0002481,RESTAURANT 0 TO 100 SEATS,FAST FOOD LIMITED MENU,28,4
FA0001543,RESTAURANT 101 TO 200 SEATS,FULL MENU LIMITED SERVICE,43,3
FA0005150,SPECIAL EVENT,SPECIAL EVENT,0,5
FA0004861,SPECIAL EVENT,SPECIAL EVENT,0,5
FA0002383,RESTAURANT 0 TO 100 SEATS,FAST FOOD LIMITED MENU,47,3
FA0001406,RESTAURANT 0 TO 100 SEATS,GROCERY FINISHED FOODS,19,5
FA0000545,RESTAURANT 0 TO 100 SEATS,FAST FOOD LIMITED MENU,20,5
FA0003551,RESTAURANT 0 TO 100 SEATS,FULL MENU LIMITED SERVICE,20,5
FA0000829,RESTAURANT 0 TO 100 SEATS,FULL SERVICE FULL MENU,20,5
FA0000462,RESTAURANT 0 TO 100 SEATS,FAST FOOD LIMITED MENU,34,4
FA0002815,RESTAURANT 101 TO 200 SEATS,FULL SERVICE FULL MENU,76,2
FA0001200,RESTAURANT 101 TO 200 SEATS,BARS FRATERNAL ORGANIZATIONS,56,3
FA0004795,MOBILE UNIT FULL FOOD SERVICE,MOBILE UNITS,5,5
FA0004879,RESTAURANT 101 TO 200 SEATS,FULL SERVICE FULL MENU,37,4
FA0003512,RESTAURANT 0 TO 100 SEATS,FAST FOOD LIMITED MENU,14,5
FA0000413,GROCERY STORE W DELI MORE THAN 15000 SQ FT,GROCERY FINISHED FOODS,8,5
FA0002027,RESTAURANT 0 TO 100 SEATS,FULL SERVICE FULL MENU,13,5
FA0000332,RESTAURANT 0 TO 100 SEATS,FULL MENU LIMITED SERVICE,30,4
FA0000678,RESTAURANT 101 TO 200 SEATS,FULL SERVICE FULL MENU,35,4
FA0003815,LIMITED FOOD SERVICE CONVENIENCE OTHER,GROCERY FINISHED FOODS,5,5
FA0003566,RESTAURANT 0 TO 100 SEATS,FAST FOOD LIMITED MENU,15,5
FA0000429,GROCERY STORE W DELI MORE THAN 15000 SQ FT,GROCERY FINISHED FOODS,12,5
FA0000840,RESTAURANT 0 TO 100 SEATS,FAST FOOD LIMITED MENU,8,5
FA0003833,GROCERY STORE 0 TO 15000 SQ FT,GROCERY FINISHED FOODS,3,5
FA0000165,RESTAURANT 0 TO 100 SEATS,FULL SERVICE FULL MENU,26,4
FA0004799,SPECIAL EVENT,SPECIAL EVENT,15,5
FA0001660,RESTAURANT 0 TO 100 SEATS,FULL SERVICE FULL MENU,0,5
FA0002169,RESTAURANT 0 TO 100 SEATS,FAST FOOD LIMITED MENU,63,3
FA0000238,RESTAURANT 0 TO 100 SEATS,FULL SERVICE FULL MENU,42,3
FA0000534,RESTAURANT 0 TO 100 SEATS,FULL MENU LIMITED SERVICE,50,3
FA0001005,RESTAURANT 0 TO 100 SEATS,FULL SERVICE FULL MENU,37,4
FA0002089,MOBILE UNIT FULL FOOD SERVICE,MOBILE UNITS,0,5
FA0000882,RESTAURANT 0 TO 100 SEATS,FAST FOOD LIMITED MENU,20,5
FA0004568,SPECIAL EVENT,SPECIAL EVENT,5,5
FA0000658,RESTAURANT 0 TO 100 SEATS,FULL SERVICE FULL MENU,33,4
FA0003583,RESTAURANT 0 TO 100 SEATS,FAST FOOD LIMITED MENU,43,3
FA0000342,RESTAURANT 0 TO 100 SEATS,FULL SERVICE FULL MENU,46,3
FA0003473,RESTAURANT 0 TO 100 SEATS,FAST FOOD LIMITED MENU,24,4
FA0001195,RESTAURANT 0 TO 100 SEATS,FAST FOOD LIMITED MENU,15,5
FA0000888,RESTAURANT 0 TO 100 SEATS,FULL SERVICE FULL MENU,8,5
FA0002203,GROCERY STORE W DELI MORE THAN 15000 SQ FT,GROCERY FINISHED FOODS,9,5
FA0003505,MOBILE UNIT FULL FOOD SERVICE,MOBILE UNITS,6,5
FA0001308,RESTAURANT 0 TO 100 SEATS,FAST FOOD LIMITED MENU,14,5
FA0000587,RESTAURANT 0 TO 100 SEATS,FULL SERVICE FULL MENU,34,4
FA0005269,SPECIAL EVENT,SPECIAL EVENT,0,5
FA0002419,RESTAURANT 0 TO 100 SEATS,FAST FOOD LIMITED MENU,29,4
FA0003720,GROCERY STORE 0 TO 15000 SQ FT,GROCERY FINISHED FOODS,12,5
FA0001408,RESTAURANT 0 TO 100 SEATS,FAST FOOD LIMITED MENU,53,3
FA0003510,RESTAURANT 0 TO 100 SEATS,FULL SERVICE FULL MENU,40,4
FA0003535,RESTAURANT 0 TO 100 SEATS,FULL SERVICE FULL MENU,36,4
FA0002666,MOBILE UNIT PREPACKAGED,PRE PACKAGED,0,5
FA0000494,RESTAURANT 0 TO 100 SEATS,FULL SERVICE FULL MENU,32,4
FA0001230,RESTAURANT 0 TO 100 SEATS,FAST FOOD LIMITED MENU,17,5
FA0002186,RESTAURANT 0 TO 100 SEATS,FAST FOOD LIMITED MENU,39,4
FA0000941,RESTAURANT 0 TO 100 SEATS,FAST FOOD LIMITED MENU,30,4
FA0000627,RESTAURANT 0 TO 100 SEATS,FULL SERVICE FULL MENU,71,2
FA0000139,RESTAURANT 0 TO 100 SEATS,FULL SERVICE FULL MENU,20,5
FA0004796,MOBILE UNIT FULL FOOD SERVICE,MOBILE UNITS,12,5
FA0000406,RESTAURANT 0 TO 100 SEATS,FAST FOOD LIMITED MENU,24,4
FA0001031,RESTAURANT MORE THAN 200 SEATS,FULL SERVICE FULL MENU,52,3
FA0001322,RESTAURANT MORE THAN 200 SEATS,FULL SERVICE FULL MENU,30,4
FA0004880,RESTAURANT 0 TO 100 SEATS,FULL MENU LIMITED SERVICE,10,5
FA0001237,RESTAURANT 0 TO 100 SEATS,FAST FOOD LIMITED MENU,30,4
FA0000343,RESTAURANT 0 TO 100 SEATS,FAST FOOD LIMITED MENU,5,5
FA0001203,RESTAURANT 0 TO 100 SEATS,FAST FOOD LIMITED MENU,10,5
FA0000314,RESTAURANT 0 TO 100 SEATS,FULL SERVICE FULL MENU,51,3
FA0005203,MOBILE UNIT FULL FOOD SERVICE,MOBILE UNITS,18,5
FA0003779,RESTAURANT 0 TO 100 SEATS,FAST FOOD LIMITED MENU,15,5
FA0001414,RESTAURANT 101 TO 200 SEATS,FULL SERVICE FULL MENU,35,4
FA0004797,MOBILE UNIT FULL FOOD SERVICE,MOBILE UNITS,10,5
FA0000481,RESTAURANT 0 TO 100 SEATS,FULL SERVICE FULL MENU,25,4
FA0002857,RESTAURANT 0 TO 100 SEATS,FAST FOOD LIMITED MENU,8,5
FA0001258,RESTAURANT 0 TO 100 SEATS,FULL MENU LIMITED SERVICE,45,3
FA0004504,LIMITED FOOD SERVICE CONVENIENCE OTHER,BARS FRATERNAL ORGANIZATIONS,49,3
FA0002484,RESTAURANT 0 TO 100 SEATS,FAST FOOD LIMITED MENU,30,4
FA0002091,MOBILE UNIT FULL FOOD SERVICE,MOBILE UNITS,0,5
FA0001124,RESTAURANT 0 TO 100 SEATS,FAST FOOD LIMITED MENU,41,3
FA0001192,RESTAURANT 0 TO 100 SEATS,FULL SERVICE FULL MENU,51,3
FA0000639,RESTAURANT 0 TO 100 SEATS,BARS FRATERNAL ORGANIZATIONS,20,5
FA0004906,RESTAURANT 0 TO 100 SEATS,FULL MENU LIMITED SERVICE,3,5
FA0001114,RESTAURANT 0 TO 100 SEATS,FULL SERVICE FULL MENU,29,4
FA0002823,RESTAURANT 0 TO 100 SEATS,FULL SERVICE FULL MENU,35,4
FA0002136,GROCERY STORE W DELI MORE THAN 15000 SQ FT,GROCERY FINISHED FOODS,50,3
FA0000748,RESTAURANT 0 TO 100 SEATS,FULL MENU LIMITED SERVICE,65,3
FA0003658,SPECIAL EVENT,SPECIAL EVENT,3,5
FA0000582,RESTAURANT 101 TO 200 SEATS,FULL SERVICE FULL MENU,44,3
FA0003034,MOBILE UNIT FULL FOOD SERVICE,MOBILE UNITS,13,5
FA0001512,RESTAURANT 0 TO 100 SEATS,FULL MENU LIMITED SERVICE,38,4
FA0000961,RESTAURANT 101 TO 200 SEATS,FULL SERVICE FULL MENU,49,3
FA0000790,RESTAURANT 0 TO 100 SEATS,FULL SERVICE FULL MENU,41,3
FA0000674,RESTAURANT 0 TO 100 SEATS,FULL SERVICE FULL MENU,64,3
FA0002728,RESTAURANT 0 TO 100 SEATS,FAST FOOD LIMITED MENU,7,5
FA0000191,RESTAURANT MORE THAN 200 SEATS,FAST FOOD LIMITED MENU,4,5
FA0002699,RESTAURANT 0 TO 100 SEATS,FULL SERVICE FULL MENU,57,3
FA0001197,RESTAURANT 0 TO 100 SEATS,GROCERY FINISHED FOODS,2,5
FA0003807,RESTAURANT 0 TO 100 SEATS,BARS FRATERNAL ORGANIZATIONS,10,5
FA0001167,RESTAURANT 0 TO 100 SEATS,FAST FOOD LIMITED MENU,18,5
FA0000831,RESTAURANT 0 TO 100 SEATS,FAST FOOD LIMITED MENU,42,3
FA0000414,RESTAURANT 101 TO 200 SEATS,FULL SERVICE FULL MENU,52,3
FA0000656,RESTAURANT 0 TO 100 SEATS,FULL MENU LIMITED SERVICE,47,3
FA0003565,RESTAURANT 0 TO 100 SEATS,FULL MENU LIMITED SERVICE,43,3
FA0001234,RESTAURANT 0 TO 100 SEATS,FAST FOOD LIMITED MENU,6,5
FA0000653,RESTAURANT 0 TO 100 SEATS,FULL MENU LIMITED SERVICE,20,5
FA0000591,GROCERY STORE W DELI 0 TO 15000 SQ FT,GROCERY FINISHED FOODS,42,3
FA0000025,RESTAURANT 0 TO 100 SEATS,FAST FOOD LIMITED MENU,29,4
FA0001368,RESTAURANT 0 TO 100 SEATS,FAST FOOD LIMITED MENU,20,5
FA0000095,RESTAURANT MORE THAN 200 SEATS,FULL SERVICE FULL MENU,25,4
FA0001267,RESTAURANT 0 TO 100 SEATS,BARS FRATERNAL ORGANIZATIONS,24,4
FA0002200,RESTAURANT MORE THAN 200 SEATS,FULL SERVICE FULL MENU,35,4
FA0001236,RESTAURANT MORE THAN 200 SEATS,FULL SERVICE FULL MENU,41,3
FA0000339,RESTAURANT 0 TO 100 SEATS,FAST FOOD LIMITED MENU,30,4
FA0002526,RESTAURANT 0 TO 100 SEATS,FAST FOOD LIMITED MENU,32,4
FA0000923,RESTAURANT 101 TO 200 SEATS,BARS FRATERNAL ORGANIZATIONS,15,5
FA0000903,GROCERY STORE W DELI MORE THAN 15000 SQ FT,GROCERY FINISHED FOODS,45,3
FA0002207,GROCERY STORE W DELI MORE THAN 15000 SQ FT,GROCERY FINISHED FOODS,2,5
FA0000511,RESTAURANT 0 TO 100 SEATS,FAST FOOD LIMITED MENU,20,5
FA0005013,RESTAURANT 0 TO 100 SEATS,FULL MENU LIMITED SERVICE,20,5
FA0000673,RESTAURANT 0 TO 100 SEATS,BARS FRATERNAL ORGANIZATIONS,14,5
FA0000558,RESTAURANT 0 TO 100 SEATS,FAST FOOD LIMITED MENU,7,5
FA0001030,NO FEE LICENSE K12 SCHOOLS NON PROFIT,RESIDENTIAL FACILITIES,17,5
FA0000611,RESTAURANT 0 TO 100 SEATS,FULL SERVICE FULL MENU,93,2
FA0000590,RESTAURANT 0 TO 100 SEATS,FULL SERVICE FULL MENU,61,3
FA0000392,RESTAURANT 0 TO 100 SEATS,FULL SERVICE FULL MENU,18,5
FA0004798,SPECIAL EVENT,SPECIAL EVENT,0,5
FA0002612,RESTAURANT MORE THAN 200 SEATS,FULL SERVICE FULL MENU,3,5
FA0004984,MOBILE UNIT FULL FOOD SERVICE,MOBILE UNITS,10,5
FA0003781,RESTAURANT 0 TO 100 SEATS,FULL MENU LIMITED SERVICE,8,5
FA0001229,RESTAURANT 0 TO 100 SEATS,FAST FOOD LIMITED MENU,33,4
FA0004509,MOBILE UNIT FULL FOOD SERVICE,MOBILE UNITS,8,5
FA0000766,GROCERY STORE W DELI MORE THAN 15000 SQ FT,GROCERY FINISHED FOODS,33,4
FA0005361,SPECIAL EVENT,SPECIAL EVENT,0,5
FA0000137,RESTAURANT 0 TO 100 SEATS,FAST FOOD LIMITED MENU,0,5
FA0000555,GROCERY STORE 0 TO 15000 SQ FT,GROCERY FINISHED FOODS,15,5
FA0003391,GROCERY STORE 0 TO 15000 SQ FT,GROCERY FINISHED FOODS,10,5
FA0000416,RESTAURANT 0 TO 100 SEATS,FULL SERVICE FULL MENU,75,2
FA0000947,RESTAURANT 0 TO 100 SEATS,FAST FOOD LIMITED MENU,37,4
FA0001548,GROCERY STORE 0 TO 15000 SQ FT,GROCERY FINISHED FOODS,21,4
FA0003554,RESTAURANT 0 TO 100 SEATS,FAST FOOD LIMITED MENU,34,4
FA0000401,RESTAURANT 101 TO 200 SEATS,FULL SERVICE FULL MENU,49,3
FA0001374,RESTAURANT 101 TO 200 SEATS,FULL SERVICE FULL MENU,25,4
FA0000841,RESTAURANT 0 TO 100 SEATS,FAST FOOD LIMITED MENU,8,5
FA0002677,RESTAURANT 0 TO 100 SEATS,FULL SERVICE FULL MENU,30,4
FA0000061,RESTAURANT 0 TO 100 SEATS,FAST FOOD LIMITED MENU,13,5
FA0000487,RESTAURANT 0 TO 100 SEATS,FAST FOOD LIMITED MENU,24,4
FA0000757,RESTAURANT 0 TO 100 SEATS,FAST FOOD LIMITED MENU,9,5
FA0000457,RESTAURANT 101 TO 200 SEATS,FULL MENU LIMITED SERVICE,12,5
FA0004694,MOBILE UNIT FULL FOOD SERVICE,MOBILE UNITS,20,5
FA0000574,RESTAURANT 0 TO 100 SEATS,FULL MENU LIMITED SERVICE,27,4
FA0002357,RESTAURANT 0 TO 100 SEATS,FULL MENU LIMITED SERVICE,8,5
FA0002442,RESTAURANT 0 TO 100 SEATS,FULL SERVICE FULL MENU,26,4
FA0005153,MOBILE UNIT PREPACKAGED,PRE PACKAGED,8,5
FA0000660,RESTAURANT 101 TO 200 SEATS,FULL SERVICE FULL MENU,51,3
FA0002167,RESTAURANT 0 TO 100 SEATS,FULL SERVICE FULL MENU,52,3
FA0004507,RESTAURANT 101 TO 200 SEATS,FULL SERVICE FULL MENU,59,3
FA0001046,RESTAURANT 0 TO 100 SEATS,FAST FOOD LIMITED MENU,40,4
FA0002660,GROCERY STORE W DELI MORE THAN 15000 SQ FT,GROCERY FINISHED FOODS,13,5
FA0000291,RESTAURANT 101 TO 200 SEATS,FULL SERVICE FULL MENU,24,4
FA0002653,RESTAURANT 101 TO 200 SEATS,FAST FOOD LIMITED MENU,1,5
FA0000572,RESTAURANT 0 TO 100 SEATS,FAST FOOD LIMITED MENU,28,4
FA0001090,RESTAURANT 0 TO 100 SEATS,FAST FOOD LIMITED MENU,5,5
FA0001270,RESTAURANT 101 TO 200 SEATS,FAST FOOD LIMITED MENU,23,4
FA0002332,RESTAURANT MORE THAN 200 SEATS,FULL MENU LIMITED SERVICE,23,4
FA0003314,RESTAURANT 0 TO 100 SEATS,FAST FOOD LIMITED MENU,10,5
FA0001035,RESTAURANT 0 TO 100 SEATS,FULL SERVICE FULL MENU,21,4
FA0000136,RESTAURANT 101 TO 200 SEATS,FULL SERVICE FULL MENU,32,4
FA0000455,RESTAURANT 101 TO 200 SEATS,FULL MENU LIMITED SERVICE,31,4
FA0000244,GROCERY STORE  MORE THAN 15000 SQ FT,GROCERY FINISHED FOODS,36,4
FA0000720,RESTAURANT MORE THAN 200 SEATS,FULL SERVICE FULL MENU,40,4
FA0000026,RESTAURANT 0 TO 100 SEATS,FAST FOOD LIMITED MENU,15,5
FA0003582,RESTAURANT 0 TO 100 SEATS,FAST FOOD LIMITED MENU,15,5
FA0003276,GROCERY STORE W DELI MORE THAN 15000 SQ FT,GROCERY FINISHED FOODS,23,4
FA0003657,SPECIAL EVENT,SPECIAL EVENT,9,5
FA0003604,RESTAURANT 101 TO 200 SEATS,FULL SERVICE FULL MENU,17,5
FA0001076,RESTAURANT 0 TO 100 SEATS,FAST FOOD LIMITED MENU,21,4
FA0000754,RESTAURANT 0 TO 100 SEATS,FULL SERVICE FULL MENU,41,3
FA0002983,RESTAURANT 0 TO 100 SEATS,FULL SERVICE FULL MENU,30,4
FA0003453,GROCERY STORE 0 TO 15000 SQ FT,GROCERY FINISHED FOODS,0,5
FA0003872,RESTAURANT 0 TO 100 SEATS,FAST FOOD LIMITED MENU,13,5
FA0000778,GROCERY STORE W DELI MORE THAN 15000 SQ FT,GROCERY FINISHED FOODS,23,4
FA0003827,RESTAURANT 0 TO 100 SEATS,FAST FOOD LIMITED MENU,26,4
FA0000544,RESTAURANT 0 TO 100 SEATS,FAST FOOD LIMITED MENU,17,5
FA0001300,RESTAURANT 0 TO 100 SEATS,FAST FOOD LIMITED MENU,4,5
FA0000963,RESTAURANT 0 TO 100 SEATS,FULL SERVICE FULL MENU,30,4
FA0002137,NO FEE LICENSE K12 SCHOOLS NON PROFIT,RESIDENTIAL FACILITIES,23,4
FA0000684,RESTAURANT MORE THAN 200 SEATS,FULL SERVICE FULL MENU,33,4
FA0004860,RESTAURANT 0 TO 100 SEATS,FAST FOOD LIMITED MENU,44,3
FA0000162,RESTAURANT 0 TO 100 SEATS,FAST FOOD LIMITED MENU,31,4
FA0001179,GROCERY STORE W DELI 0 TO 15000 SQ FT,GROCERY FINISHED FOODS,15,5
FA0000615,RESTAURANT 0 TO 100 SEATS,FULL SERVICE FULL MENU,28,4
FA0000750,GROCERY STORE W DELI MORE THAN 15000 SQ FT,GROCERY FINISHED FOODS,18,5
FA0000335,RESTAURANT 0 TO 100 SEATS,BARS FRATERNAL ORGANIZATIONS,15,5
FA0000629,LIMITED FOOD SERVICE CONVENIENCE OTHER,FAST FOOD LIMITED MENU,2,5
FA0003890,RESTAURANT 0 TO 100 SEATS,FULL SERVICE FULL MENU,59,3
FA0003318,RESTAURANT 0 TO 100 SEATS,FAST FOOD LIMITED MENU,53,3
FA0005069,MOBILE UNIT FULL FOOD SERVICE,MOBILE UNITS,0,5
FA0000364,RESTAURANT 0 TO 100 SEATS,FAST FOOD LIMITED MENU,17,5
FA0002658,RESTAURANT 0 TO 100 SEATS,FULL MENU LIMITED SERVICE,33,4
FA0003783,RESTAURANT 0 TO 100 SEATS,FULL MENU LIMITED SERVICE,0,5
FA0005271,RESTAURANT 0 TO 100 SEATS,FULL SERVICE FULL MENU,47,3
FA0000898,RESTAURANT 0 TO 100 SEATS,FAST FOOD LIMITED MENU,48,3
FA0001643,RESTAURANT 0 TO 100 SEATS,FULL SERVICE FULL MENU,22,4
FA0004766,RESTAURANT 0 TO 100 SEATS,FULL MENU LIMITED SERVICE,32,4
FA0004839,RESTAURANT MORE THAN 200 SEATS,FAST FOOD LIMITED MENU,11,5
FA0000015,RESTAURANT 0 TO 100 SEATS,FULL SERVICE FULL MENU,41,3
FA0001277,LIMITED FOOD SERVICE CONVENIENCE OTHER,GROCERY FINISHED FOODS,7,5
FA0003305,RESTAURANT 101 TO 200 SEATS,FAST FOOD LIMITED MENU,28,4
FA0000086,RESTAURANT 101 TO 200 SEATS,FULL SERVICE FULL MENU,23,4
FA0000838,RESTAURANT 101 TO 200 SEATS,FULL SERVICE FULL MENU,20,5
FA0001429,RESTAURANT MORE THAN 200 SEATS,FULL SERVICE FULL MENU,50,3
FA0003655,SPECIAL EVENT,SPECIAL EVENT,9,5
FA0001249,RESTAURANT 0 TO 100 SEATS,FAST FOOD LIMITED MENU,50,3
FA0002685,LIMITED FOOD SERVICE CONVENIENCE OTHER,FAST FOOD LIMITED MENU,4,5
FA0002694,RESTAURANT 0 TO 100 SEATS,FULL SERVICE FULL MENU,8,5
FA0002092,MOBILE UNIT FULL FOOD SERVICE,MOBILE UNITS,0,5
FA0001115,GROCERY STORE W DELI MORE THAN 15000 SQ FT,GROCERY FINISHED FOODS,12,5
FA0001492,RESTAURANT 0 TO 100 SEATS,FAST FOOD LIMITED MENU,0,5
FA0002488,RESTAURANT 0 TO 100 SEATS,FULL MENU LIMITED SERVICE,67,3
FA0000897,RESTAURANT 0 TO 100 SEATS,FAST FOOD LIMITED MENU,32,4
FA0004673,RESTAURANT MORE THAN 200 SEATS,FULL MENU LIMITED SERVICE,53,3
FA0000451,RESTAURANT 0 TO 100 SEATS,FULL MENU LIMITED SERVICE,18,5
FA0001786,RESTAURANT MORE THAN 200 SEATS,FULL SERVICE FULL MENU,42,3
FA0002487,RESTAURANT 0 TO 100 SEATS,FULL SERVICE FULL MENU,18,5
FA0000378,RESTAURANT 0 TO 100 SEATS,FULL SERVICE FULL MENU,30,4
FA0003584,RESTAURANT 0 TO 100 SEATS,FAST FOOD LIMITED MENU,2,5
FA0000386,RESTAURANT 0 TO 100 SEATS,FAST FOOD LIMITED MENU,26,4
FA0001086,RESTAURANT 0 TO 100 SEATS,FULL SERVICE FULL MENU,48,3
FA0003569,GROCERY STORE 0 TO 15000 SQ FT,GROCERY FINISHED FOODS,13,5
FA0000767,GROCERY STORE W DELI MORE THAN 15000 SQ FT,GROCERY FINISHED FOODS,19,5
FA0001094,RESTAURANT 101 TO 200 SEATS,FULL SERVICE FULL MENU,21,4
FA0000252,LIMITED FOOD SERVICE CONVENIENCE OTHER,BARS FRATERNAL ORGANIZATIONS,57,3
FA0005145,GROCERY STORE W DELI 0 TO 15000 SQ FT,GROCERY FINISHED FOODS,68,3
FA0000976,RESTAURANT 0 TO 100 SEATS,FULL MENU LIMITED SERVICE,60,3
FA0003463,RESTAURANT 0 TO 100 SEATS,FULL MENU LIMITED SERVICE,0,5
FA0000969,RESTAURANT 0 TO 100 SEATS,FULL MENU LIMITED SERVICE,24,4
FA0002497,RESTAURANT 0 TO 100 SEATS,FAST FOOD LIMITED MENU,6,5
FA0001020,RESTAURANT 101 TO 200 SEATS,FULL SERVICE FULL MENU,46,3
FA0001116,RESTAURANT 101 TO 200 SEATS,FULL SERVICE FULL MENU,2,5
FA0001060,RESTAURANT 0 TO 100 SEATS,FULL SERVICE FULL MENU,51,3
FA0002166,RESTAURANT 0 TO 100 SEATS,FAST FOOD LIMITED MENU,25,4
FA0000970,RESTAURANT 0 TO 100 SEATS,FULL SERVICE FULL MENU,43,3
FA0004954,RESTAURANT 0 TO 100 SEATS,BARS FRATERNAL ORGANIZATIONS,4,5
FA0000356,RESTAURANT 101 TO 200 SEATS,FULL SERVICE FULL MENU,28,4
FA0002338,GROCERY STORE 0 TO 15000 SQ FT,GROCERY FINISHED FOODS,4,5
FA0001403,RESTAURANT MORE THAN 200 SEATS,FULL SERVICE FULL MENU,30,4
FA0000304,RESTAURANT 0 TO 100 SEATS,FULL SERVICE FULL MENU,22,4
FA0000539,RESTAURANT MORE THAN 200 SEATS,FULL SERVICE FULL MENU,10,5
FA0002966,LIMITED FOOD SERVICE CONVENIENCE OTHER,FAST FOOD LIMITED MENU,20,5
FA0005117,RESTAURANT 0 TO 100 SEATS,BARS FRATERNAL ORGANIZATIONS,10,5
FA0003742,LIMITED FOOD SERVICE CONVENIENCE OTHER,FAST FOOD LIMITED MENU,4,5
FA0000447,RESTAURANT 101 TO 200 SEATS,FULL MENU LIMITED SERVICE,75,2
FA0004668,RESTAURANT 0 TO 100 SEATS,FAST FOOD LIMITED MENU,34,4
FA0003337,RESTAURANT 0 TO 100 SEATS,FAST FOOD LIMITED MENU,17,5
FA0002594,GROCERY STORE 0 TO 15000 SQ FT,GROCERY FINISHED FOODS,25,4
FA0001333,RESTAURANT MORE THAN 200 SEATS,FULL SERVICE FULL MENU,25,4
FA0000384,RESTAURANT MORE THAN 200 SEATS,FULL SERVICE FULL MENU,32,4
FA0000233,RESTAURANT 0 TO 100 SEATS,FAST FOOD LIMITED MENU,33,4
FA0000333,RESTAURANT 0 TO 100 SEATS,FAST FOOD LIMITED MENU,35,4
FA0002371,RESTAURANT 0 TO 100 SEATS,FAST FOOD LIMITED MENU,28,4
FA0000359,RESTAURANT 101 TO 200 SEATS,FULL SERVICE FULL MENU,62,3
FA0000484,RESTAURANT 101 TO 200 SEATS,FULL SERVICE FULL MENU,40,4
FA0000538,RESTAURANT 0 TO 100 SEATS,FAST FOOD LIMITED MENU,10,5
FA0005030,RESTAURANT 0 TO 100 SEATS,FULL MENU LIMITED SERVICE,21,4
FA0000968,RESTAURANT MORE THAN 200 SEATS,FULL MENU LIMITED SERVICE,43,3
FA0000225,RESTAURANT 101 TO 200 SEATS,FULL SERVICE FULL MENU,15,5
FA0000239,RESTAURANT 0 TO 100 SEATS,FAST FOOD LIMITED MENU,20,5
FA0000155,RESTAURANT MORE THAN 200 SEATS,FULL SERVICE FULL MENU,9,5
FA0000954,RESTAURANT 0 TO 100 SEATS,GROCERY FINISHED FOODS,32,4
FA0002578,RESTAURANT 101 TO 200 SEATS,FAST FOOD LIMITED MENU,5,5
FA0003499,RESTAURANT 0 TO 100 SEATS,FULL SERVICE FULL MENU,40,4
FA0005346,NO FEE LICENSE K12 SCHOOLS NON PROFIT,FULL SERVICE FULL MENU,30,4
FA0003502,MOBILE UNIT PREPACKAGED,PRE PACKAGED,0,5
FA0000996,RESTAURANT 0 TO 100 SEATS,FULL MENU LIMITED SERVICE,25,4
FA0002948,RESTAURANT 101 TO 200 SEATS,FAST FOOD LIMITED MENU,20,5
FA0000728,RESTAURANT 0 TO 100 SEATS,FULL MENU LIMITED SERVICE,15,5
FA0001631,RESTAURANT MORE THAN 200 SEATS,FULL MENU LIMITED SERVICE,32,4
FA0003521,RESTAURANT 0 TO 100 SEATS,FULL MENU LIMITED SERVICE,25,4
FA0001323,RESTAURANT 0 TO 100 SEATS,FAST FOOD LIMITED MENU,18,5
FA0000889,LIMITED FOOD SERVICE CONVENIENCE OTHER,FAST FOOD LIMITED MENU,20,5
FA0003466,RESTAURANT 0 TO 100 SEATS,FAST FOOD LIMITED MENU,2,5
FA0000067,RESTAURANT 101 TO 200 SEATS,FULL SERVICE FULL MENU,51,3
FA0001220,RESTAURANT 0 TO 100 SEATS,FAST FOOD LIMITED MENU,20,5
FA0000556,RESTAURANT 0 TO 100 SEATS,FULL SERVICE FULL MENU,33,4
FA0000845,RESTAURANT 0 TO 100 SEATS,FAST FOOD LIMITED MENU,5,5
FA0004691,RESTAURANT 0 TO 100 SEATS,FULL MENU LIMITED SERVICE,6,5
FA0000432,RESTAURANT 0 TO 100 SEATS,FULL SERVICE FULL MENU,14,5
FA0002331,RESTAURANT 0 TO 100 SEATS,FULL MENU LIMITED SERVICE,28,4
FA0000773,RESTAURANT 0 TO 100 SEATS,FULL SERVICE FULL MENU,78,2
FA0002230,LIMITED FOOD SERVICE CONVENIENCE OTHER,FAST FOOD LIMITED MENU,12,5
FA0000990,RESTAURANT 0 TO 100 SEATS,FAST FOOD LIMITED MENU,31,4
FA0001245,RESTAURANT 0 TO 100 SEATS,FULL MENU LIMITED SERVICE,11,5
FA0002900,SPECIAL EVENT,SPECIAL EVENT,0,5
FA0002330,RESTAURANT 101 TO 200 SEATS,FAST FOOD LIMITED MENU,26,4
FA0001758,MOBILE UNIT FULL FOOD SERVICE,MOBILE UNITS,0,5
FA0003799,RESTAURANT 0 TO 100 SEATS,FAST FOOD LIMITED MENU,31,4
FA0001067,GROCERY STORE W DELI 0 TO 15000 SQ FT,GROCERY FINISHED FOODS,49,3
FA0000697,RESTAURANT MORE THAN 200 SEATS,FULL SERVICE FULL MENU,47,3
FA0000743,RESTAURANT 0 TO 100 SEATS,FAST FOOD LIMITED MENU,17,5
FA0000240,RESTAURANT 0 TO 100 SEATS,FAST FOOD LIMITED MENU,12,5
FA0004653,RESTAURANT 0 TO 100 SEATS,FAST FOOD LIMITED MENU,12,5
FA0001554,RESTAURANT 0 TO 100 SEATS,FAST FOOD LIMITED MENU,5,5
FA0001491,RESTAURANT MORE THAN 200 SEATS,FAST FOOD LIMITED MENU,25,4
FA0000402,RESTAURANT 0 TO 100 SEATS,FULL MENU LIMITED SERVICE,25,4
FA0000423,GROCERY STORE W DELI MORE THAN 15000 SQ FT,GROCERY FINISHED FOODS,11,5
FA0003787,RESTAURANT 0 TO 100 SEATS,FAST FOOD LIMITED MENU,15,5
FA0000295,RESTAURANT 0 TO 100 SEATS,FULL MENU LIMITED SERVICE,13,5
FA0001163,RESTAURANT 0 TO 100 SEATS,FAST FOOD LIMITED MENU,33,4
FA0000132,RESTAURANT 0 TO 100 SEATS,FULL SERVICE FULL MENU,33,4
FA0001036,RESTAURANT 101 TO 200 SEATS,FAST FOOD LIMITED MENU,36,4
FA0000293,RESTAURANT 0 TO 100 SEATS,FULL SERVICE FULL MENU,57,3
FA0005232,RESTAURANT 101 TO 200 SEATS,FULL MENU LIMITED SERVICE,54,3
FA0000759,RESTAURANT 0 TO 100 SEATS,FULL SERVICE FULL MENU,15,5
FA0000522,RESTAURANT 0 TO 100 SEATS,FULL MENU LIMITED SERVICE,20,5
FA0002991,RESTAURANT 0 TO 100 SEATS,FAST FOOD LIMITED MENU,30,4
FA0000105,RESTAURANT 0 TO 100 SEATS,FULL MENU LIMITED SERVICE,37,4
FA0000256,RESTAURANT 101 TO 200 SEATS,BARS FRATERNAL ORGANIZATIONS,49,3
FA0000210,RESTAURANT 0 TO 100 SEATS,FULL MENU LIMITED SERVICE,44,3
FA0000826,RESTAURANT 0 TO 100 SEATS,FAST FOOD LIMITED MENU,44,3
FA0003484,RESTAURANT 0 TO 100 SEATS,FAST FOOD LIMITED MENU,15,5
FA0000063,RESTAURANT 0 TO 100 SEATS,FULL SERVICE FULL MENU,33,4
FA0004816,RESTAURANT 0 TO 100 SEATS,FULL SERVICE FULL MENU,29,4
FA0000152,RESTAURANT 101 TO 200 SEATS,FULL MENU LIMITED SERVICE,37,4
FA0000621,RESTAURANT 0 TO 100 SEATS,FAST FOOD LIMITED MENU,20,5
FA0000037,GROCERY STORE W DELI MORE THAN 15000 SQ FT,GROCERY FINISHED FOODS,7,5
FA0000785,RESTAURANT 0 TO 100 SEATS,FAST FOOD LIMITED MENU,19,5
FA0002163,RESTAURANT 0 TO 100 SEATS,FAST FOOD LIMITED MENU,7,5
FA0003522,RESTAURANT 0 TO 100 SEATS,FAST FOOD LIMITED MENU,15,5
FA0004884,RESTAURANT 0 TO 100 SEATS,FAST FOOD LIMITED MENU,15,5
FA0000975,RESTAURANT 0 TO 100 SEATS,FULL MENU LIMITED SERVICE,43,3
FA0000281,RESTAURANT 101 TO 200 SEATS,FULL SERVICE FULL MENU,38,4
FA0002525,MOBILE UNIT FULL FOOD SERVICE,MOBILE UNITS,3,5
FA0002524,MOBILE UNIT FULL FOOD SERVICE,MOBILE UNITS,13,5
FA0004627,GROCERY STORE W DELI 0 TO 15000 SQ FT,GROCERY FINISHED FOODS,30,4
FA0000418,RESTAURANT 101 TO 200 SEATS,FULL SERVICE FULL MENU,48,3
FA0000336,RESTAURANT 0 TO 100 SEATS,FULL SERVICE FULL MENU,83,2
FA0001014,RESTAURANT 0 TO 100 SEATS,FAST FOOD LIMITED MENU,24,4
FA0000782,RESTAURANT 0 TO 100 SEATS,FULL MENU LIMITED SERVICE,41,3
FA0004604,RESTAURANT 0 TO 100 SEATS,FAST FOOD LIMITED MENU,17,5
FA0000088,LIMITED FOOD SERVICE CONVENIENCE OTHER,FAST FOOD LIMITED MENU,40,4
FA0000327,RESTAURANT 0 TO 100 SEATS,FULL MENU LIMITED SERVICE,50,3
FA0005092,MOBILE UNIT PREPACKAGED,PRE PACKAGED,0,5
FA0001694,GROCERY STORE W DELI MORE THAN 15000 SQ FT,GROCERY FINISHED FOODS,5,5
FA0002301,RESTAURANT 0 TO 100 SEATS,FULL SERVICE FULL MENU,40,4
FA0000529,RESTAURANT 0 TO 100 SEATS,RESIDENTIAL FACILITIES,25,4
FA0002441,RESTAURANT 0 TO 100 SEATS,FAST FOOD LIMITED MENU,45,3
FA0001513,LIMITED FOOD SERVICE CONVENIENCE OTHER,FAST FOOD LIMITED MENU,8,5
FA0003529,RESTAURANT 0 TO 100 SEATS,FAST FOOD LIMITED MENU,38,4
FA0003816,GROCERY STORE W DELI MORE THAN 15000 SQ FT,GROCERY FINISHED FOODS,14,5
FA0000337,RESTAURANT 0 TO 100 SEATS,FULL MENU LIMITED SERVICE,25,4
FA0001330,RESTAURANT 0 TO 100 SEATS,FAST FOOD LIMITED MENU,25,4
FA0000887,RESTAURANT 101 TO 200 SEATS,FULL SERVICE FULL MENU,38,4
FA0005186,MOBILE UNIT PREPACKAGED,PRE PACKAGED,0,5
FA0002656,RESTAURANT 0 TO 100 SEATS,FAST FOOD LIMITED MENU,18,5
FA0001511,GROCERY STORE W DELI MORE THAN 15000 SQ FT,GROCERY FINISHED FOODS,18,5
FA0002144,RESTAURANT 0 TO 100 SEATS,FULL SERVICE FULL MENU,54,3
FA0005182,RESTAURANT 0 TO 100 SEATS,FULL SERVICE FULL MENU,23,4
FA0000242,RESTAURANT 0 TO 100 SEATS,FAST FOOD LIMITED MENU,36,4
FA0000130,RESTAURANT 0 TO 100 SEATS,FULL MENU LIMITED SERVICE,25,4
FA0002665,RESTAURANT 0 TO 100 SEATS,FULL SERVICE FULL MENU,88,2
FA0001210,GROCERY STORE W DELI MORE THAN 15000 SQ FT,GROCERY FINISHED FOODS,10,5
FA0001338,RESTAURANT 0 TO 100 SEATS,FULL SERVICE FULL MENU,48,3
FA0000288,LIMITED FOOD SERVICE CONVENIENCE OTHER,FAST FOOD LIMITED MENU,33,4
FA0001232,RESTAURANT 0 TO 100 SEATS,FAST FOOD LIMITED MENU,40,4
FA0005070,MOBILE UNIT FULL FOOD SERVICE,MOBILE UNITS,0,5
FA0000009,RESTAURANT 0 TO 100 SEATS,BARS FRATERNAL ORGANIZATIONS,23,4
FA0002372,RESTAURANT 0 TO 100 SEATS,FAST FOOD LIMITED MENU,11,5
FA0002630,RESTAURANT MORE THAN 200 SEATS,FULL SERVICE FULL MENU,21,4
FA0002661,LIMITED FOOD SERVICE CONVENIENCE OTHER,FAST FOOD LIMITED MENU,8,5
FA0002591,RESTAURANT 0 TO 100 SEATS,FAST FOOD LIMITED MENU,13,5
FA0004595,RESTAURANT 0 TO 100 SEATS,FAST FOOD LIMITED MENU,7,5
FA0000592,RESTAURANT 0 TO 100 SEATS,FULL SERVICE FULL MENU,32,4
FA0000609,MOBILE UNIT FULL FOOD SERVICE,MOBILE UNITS,5,5
FA0004635,RESTAURANT 0 TO 100 SEATS,FAST FOOD LIMITED MENU,23,4
FA0000929,LIMITED FOOD SERVICE CONVENIENCE OTHER,FAST FOOD LIMITED MENU,38,4
FA0003258,RESTAURANT 0 TO 100 SEATS,FULL MENU LIMITED SERVICE,54,3
FA0000330,RESTAURANT 0 TO 100 SEATS,FULL SERVICE FULL MENU,25,4
FA0004819,SPECIAL EVENT,SPECIAL EVENT,8,5
FA0005028,LIMITED FOOD SERVICE CONVENIENCE OTHER,BARS FRATERNAL ORGANIZATIONS,17,5
FA0003686,RESTAURANT 0 TO 100 SEATS,FULL MENU LIMITED SERVICE,0,5
FA0000694,RESTAURANT MORE THAN 200 SEATS,FULL SERVICE FULL MENU,12,5
FA0002086,MOBILE UNIT FULL FOOD SERVICE,MOBILE UNITS,0,5
FA0001645,RESTAURANT 0 TO 100 SEATS,FULL MENU LIMITED SERVICE,41,3
FA0005010,RESTAURANT 0 TO 100 SEATS,FULL SERVICE FULL MENU,18,5
FA0001284,RESTAURANT 101 TO 200 SEATS,FAST FOOD LIMITED MENU,80,2
FA0000394,RESTAURANT 0 TO 100 SEATS,FULL MENU LIMITED SERVICE,9,5
FA0000030,RESTAURANT 0 TO 100 SEATS,FAST FOOD LIMITED MENU,13,5
FA0000192,RESTAURANT 0 TO 100 SEATS,FAST FOOD LIMITED MENU,62,3
FA0004531,LIMITED FOOD SERVICE CONVENIENCE OTHER,GROCERY FINISHED FOODS,2,5
FA0002654,RESTAURANT 0 TO 100 SEATS,FAST FOOD LIMITED MENU,1,5
FA0004843,RESTAURANT 0 TO 100 SEATS,FAST FOOD LIMITED MENU,14,5
FA0001800,RESTAURANT 0 TO 100 SEATS,FULL MENU LIMITED SERVICE,9,5
FA0000340,RESTAURANT 0 TO 100 SEATS,FULL SERVICE FULL MENU,16,5
FA0000972,RESTAURANT 0 TO 100 SEATS,FAST FOOD LIMITED MENU,28,4
FA0004659,RESTAURANT 0 TO 100 SEATS,FAST FOOD LIMITED MENU,3,5
FA0000567,NO FEE LICENSE K12 SCHOOLS NON PROFIT,FULL MENU LIMITED SERVICE,18,5
FA0004735,RESTAURANT 0 TO 100 SEATS,FAST FOOD LIMITED MENU,26,4
FA0004989,RESTAURANT 0 TO 100 SEATS,FAST FOOD LIMITED MENU,20,5
FA0000959,RESTAURANT 0 TO 100 SEATS,FULL MENU LIMITED SERVICE,30,4
FA0001054,LIMITED FOOD SERVICE CONVENIENCE OTHER,FAST FOOD LIMITED MENU,0,5
FA0001335,RESTAURANT 0 TO 100 SEATS,FAST FOOD LIMITED MENU,33,4
FA0000870,RESTAURANT 0 TO 100 SEATS,FULL SERVICE FULL MENU,37,4
FA0004834,MOBILE UNIT FULL FOOD SERVICE,MOBILE UNITS,30,4
FA0000780,RESTAURANT 0 TO 100 SEATS,FULL SERVICE FULL MENU,46,3
FA0000580,RESTAURANT 0 TO 100 SEATS,FULL SERVICE FULL MENU,25,4
FA0003244,RESTAURANT 0 TO 100 SEATS,FAST FOOD LIMITED MENU,13,5
FA0000659,RESTAURANT 0 TO 100 SEATS,FULL SERVICE FULL MENU,28,4
FA0002076,RESTAURANT 0 TO 100 SEATS,FULL SERVICE FULL MENU,8,5
FA0004982,NO FEE LICENSE K12 SCHOOLS NON PROFIT,FULL SERVICE FULL MENU,29,4
FA0000079,RESTAURANT MORE THAN 200 SEATS,FULL SERVICE FULL MENU,52,3
FA0000713,RESTAURANT 0 TO 100 SEATS,FULL MENU LIMITED SERVICE,24,4
FA0001642,RESTAURANT 0 TO 100 SEATS,FAST FOOD LIMITED MENU,8,5
FA0001310,RESTAURANT 101 TO 200 SEATS,FULL SERVICE FULL MENU,38,4
FA0002434,RESTAURANT 101 TO 200 SEATS,FULL SERVICE FULL MENU,23,4
FA0001620,RESTAURANT 101 TO 200 SEATS,FAST FOOD LIMITED MENU,15,5
FA0003711,GROCERY STORE 0 TO 15000 SQ FT,FAST FOOD LIMITED MENU,15,5
FA0003881,GROCERY STORE 0 TO 15000 SQ FT,GROCERY FINISHED FOODS,1,5
FA0003354,RESTAURANT 0 TO 100 SEATS,GROCERY FINISHED FOODS,13,5
FA0000430,GROCERY STORE W DELI MORE THAN 15000 SQ FT,GROCERY FINISHED FOODS,0,5
FA0000123,RESTAURANT 0 TO 100 SEATS,FAST FOOD LIMITED MENU,25,4
FA0001638,RESTAURANT 101 TO 200 SEATS,FULL SERVICE FULL MENU,51,3
FA0005256,MOBILE UNIT FULL FOOD SERVICE,MOBILE UNITS,10,5
FA0003621,RESTAURANT 0 TO 100 SEATS,FULL MENU LIMITED SERVICE,15,5
FA0000118,RESTAURANT 0 TO 100 SEATS,RESIDENTIAL FACILITIES,20,5
FA0004761,RESTAURANT 0 TO 100 SEATS,FULL SERVICE FULL MENU,18,5
FA0002561,RESTAURANT 0 TO 100 SEATS,FULL SERVICE FULL MENU,23,4
FA0000150,RESTAURANT 0 TO 100 SEATS,FAST FOOD LIMITED MENU,18,5
FA0001367,RESTAURANT 101 TO 200 SEATS,FULL SERVICE FULL MENU,69,3
FA0004951,RESTAURANT 0 TO 100 SEATS,FULL MENU LIMITED SERVICE,11,5
FA0004784,RESTAURANT 0 TO 100 SEATS,FAST FOOD LIMITED MENU,19,5
FA0000181,RESTAURANT 101 TO 200 SEATS,FULL SERVICE FULL MENU,47,3
FA0003879,RESTAURANT 0 TO 100 SEATS,FAST FOOD LIMITED MENU,21,4
FA0000084,RESTAURANT 101 TO 200 SEATS,FULL SERVICE FULL MENU,23,4
FA0005033,LIMITED FOOD SERVICE CONVENIENCE OTHER,FAST FOOD LIMITED MENU,1,5
FA0005318,MOBILE UNIT PREPACKAGED,PRE PACKAGED,25,4
FA0000407,RESTAURANT 0 TO 100 SEATS,FAST FOOD LIMITED MENU,23,4
FA0000496,GROCERY STORE W DELI 0 TO 15000 SQ FT,GROCERY FINISHED FOODS,29,4
FA0005328,MOBILE UNIT FULL FOOD SERVICE,MOBILE UNITS,45,3
FA0000157,RESTAURANT 0 TO 100 SEATS,FULL SERVICE FULL MENU,37,4
FA0002152,RESTAURANT 0 TO 100 SEATS,FAST FOOD LIMITED MENU,38,4
FA0002871,MOBILE UNIT FULL FOOD SERVICE,MOBILE UNITS,10,5
FA0001646,RESTAURANT 0 TO 100 SEATS,FAST FOOD LIMITED MENU,29,4
FA0001004,RESTAURANT 0 TO 100 SEATS,FULL SERVICE FULL MENU,63,3
FA0001385,SPECIAL EVENT,SPECIAL EVENT,0,5
FA0001022,RESTAURANT 0 TO 100 SEATS,FULL MENU LIMITED SERVICE,11,5
FA0001021,RESTAURANT 0 TO 100 SEATS,FULL MENU LIMITED SERVICE,15,5
FA0000644,RESTAURANT 0 TO 100 SEATS,FULL MENU LIMITED SERVICE,21,4
FA0001663,RESTAURANT 101 TO 200 SEATS,FULL SERVICE FULL MENU,55,3
FA0002715,MOBILE UNIT FULL FOOD SERVICE,MOBILE UNITS,8,5
FA0001630,RESTAURANT 101 TO 200 SEATS,FULL SERVICE FULL MENU,38,4
FA0000661,RESTAURANT 0 TO 100 SEATS,FAST FOOD LIMITED MENU,15,5
FA0001782,RESTAURANT 0 TO 100 SEATS,FULL MENU LIMITED SERVICE,19,5
FA0003269,RESTAURANT 0 TO 100 SEATS,FULL SERVICE FULL MENU,21,4
FA0003913,RESTAURANT 0 TO 100 SEATS,FAST FOOD LIMITED MENU,11,5
FA0003680,RESTAURANT 0 TO 100 SEATS,FULL MENU LIMITED SERVICE,36,4
FA0000834,RESTAURANT 0 TO 100 SEATS,FULL SERVICE FULL MENU,49,3
FA0000747,RESTAURANT 0 TO 100 SEATS,FULL SERVICE FULL MENU,29,4
FA0004841,MOBILE UNIT FULL FOOD SERVICE,MOBILE UNITS,18,5
FA0002385,RESTAURANT 0 TO 100 SEATS,FULL SERVICE FULL MENU,14,5
FA0005308,MOBILE UNIT FULL FOOD SERVICE,MOBILE UNITS,35,4
FA0005035,MOBILE UNIT FULL FOOD SERVICE,MOBILE UNITS,19,5
FA0001265,MOBILE UNIT FULL FOOD SERVICE,MOBILE UNITS,27,4
FA0003780,RESTAURANT 0 TO 100 SEATS,FULL MENU LIMITED SERVICE,1,5
FA0004632,SPECIAL EVENT,SPECIAL EVENT,13,5
FA0002540,SPECIAL EVENT,SPECIAL EVENT,18,5
FA0004515,RESTAURANT 0 TO 100 SEATS,FAST FOOD LIMITED MENU,5,5
FA0002157,RESTAURANT 0 TO 100 SEATS,FAST FOOD LIMITED MENU,14,5
FA0000435,RESTAURANT 101 TO 200 SEATS,FULL SERVICE FULL MENU,46,3
FA0003455,MOBILE UNIT FULL FOOD SERVICE,MOBILE UNITS,0,5
FA0005425,MOBILE UNIT FULL FOOD SERVICE,MOBILE UNITS,40,4
FA0005335,TEMP EVENT ON SITE PREP,TEMPORARY EVENTS,15,5
FA0005121,MOBILE UNIT PREPACKAGED,PRE PACKAGED,0,5
FA0000449,RESTAURANT 101 TO 200 SEATS,FULL SERVICE FULL MENU,54,3
FA0001215,RESTAURANT 0 TO 100 SEATS,FULL MENU LIMITED SERVICE,32,4
FA0005434,MOBILE UNIT FULL FOOD SERVICE,MOBILE UNITS,0,5
FA0003851,MOBILE UNIT FULL FOOD SERVICE,MOBILE UNITS,12,5
FA0000092,RESTAURANT 101 TO 200 SEATS,FULL SERVICE FULL MENU,33,4
FA0005176,MOBILE UNIT FULL FOOD SERVICE,MOBILE UNITS,18,5
FA0005141,MOBILE UNIT PREPACKAGED,SPECIAL EVENT,0,5
FA0005264,MOBILE UNIT PREPACKAGED,PRE PACKAGED,15,5
FA0004976,RESTAURANT 0 TO 100 SEATS,FAST FOOD LIMITED MENU,28,4
FA0000108,RESTAURANT 101 TO 200 SEATS,FULL SERVICE FULL MENU,17,5
FA0000872,RESTAURANT 0 TO 100 SEATS,FULL SERVICE FULL MENU,29,4
FA0001057,RESTAURANT 0 TO 100 SEATS,FULL MENU LIMITED SERVICE,0,5
FA0002867,RESTAURANT 0 TO 100 SEATS,FULL MENU LIMITED SERVICE,11,5
FA0004890,TEMP EVENT ON SITE PREP,TEMPORARY EVENTS,40,4
FA0005396,RESTAURANT 0 TO 100 SEATS,PRE PACKAGED,0,5
FA0003562,RESTAURANT 0 TO 100 SEATS,FULL MENU LIMITED SERVICE,22,4
FA0000236,GROCERY STORE W DELI 0 TO 15000 SQ FT,GROCERY FINISHED FOODS,23,4
FA0001309,RESTAURANT 101 TO 200 SEATS,FULL SERVICE FULL MENU,33,4
FA0004969,LIMITED FOOD SERVICE CONVENIENCE OTHER,FAST FOOD LIMITED MENU,11,5
FA0002757,RESTAURANT 101 TO 200 SEATS,FULL SERVICE FULL MENU,38,4
FA0003317,RESTAURANT 0 TO 100 SEATS,FULL MENU LIMITED SERVICE,13,5
FA0004647,RESTAURANT 0 TO 100 SEATS,FULL MENU LIMITED SERVICE,15,5
FA0003470,RESTAURANT 0 TO 100 SEATS,FULL SERVICE FULL MENU,30,4
FA0005119,RESTAURANT 0 TO 100 SEATS,FAST FOOD LIMITED MENU,35,4
FA0000680,RESTAURANT MORE THAN 200 SEATS,FULL SERVICE FULL MENU,6,5
FA0003794,SPECIAL EVENT,SPECIAL EVENT,18,5
FA0005355,SPECIAL EVENT,SPECIAL EVENT,0,5
FA0005367,MOBILE UNIT FULL FOOD SERVICE,MOBILE UNITS,10,5
FA0005246,MOBILE UNIT FULL FOOD SERVICE,MOBILE UNITS,69,3
FA0003801,RESTAURANT 0 TO 100 SEATS,FAST FOOD LIMITED MENU,11,5
FA0005392,MOBILE UNIT FULL FOOD SERVICE,MOBILE UNITS,25,4
FA0004862,TEMP EVENT ON SITE PREP,TEMPORARY EVENTS,27,4
FA0004964,RESTAURANT MORE THAN 200 SEATS,FULL SERVICE FULL MENU,37,4
FA0003849,RESTAURANT 0 TO 100 SEATS,RETAIL COMMISSARY,24,4
FA0004493,GROCERY STORE 0 TO 15000 SQ FT,GROCERY FINISHED FOODS,0,5
FA0005393,RESTAURANT 0 TO 100 SEATS,FULL SERVICE FULL MENU,0,5
FA0005395,RESTAURANT 0 TO 100 SEATS,FULL SERVICE FULL MENU,30,4
FA0005508,LIMITED FOOD SERVICE CONVENIENCE OTHER,FAST FOOD LIMITED MENU,0,5
FA0005199,LIMITED FOOD SERVICE CONVENIENCE OTHER,FAST FOOD LIMITED MENU,0,5
FA0005394,LIMITED FOOD SERVICE CONVENIENCE OTHER,FAST FOOD LIMITED MENU,0,5
FA0003540,MOBILE UNIT FULL FOOD SERVICE,MOBILE UNITS,17,5
FA0000667,RESTAURANT 0 TO 100 SEATS,FULL SERVICE FULL MENU,44,3
FA0003524,MOBILE UNIT FULL FOOD SERVICE,MOBILE UNITS,17,5
FA0004626,MOBILE UNIT FULL FOOD SERVICE,MOBILE UNITS,0,5
FA0005443,SPECIAL EVENT,SPECIAL EVENT,0,5
FA0001370,RESTAURANT 0 TO 100 SEATS,FAST FOOD LIMITED MENU,15,5
FA0002826,RESTAURANT 0 TO 100 SEATS,FAST FOOD LIMITED MENU,32,4
FA0001017,LIMITED FOOD SERVICE CONVENIENCE OTHER,FAST FOOD LIMITED MENU,7,5
FA0005191,RESTAURANT 0 TO 100 SEATS,FAST FOOD LIMITED MENU,10,5
FA0002145,RESTAURANT 0 TO 100 SEATS,FULL MENU LIMITED SERVICE,30,4
FA0001269,RESTAURANT 101 TO 200 SEATS,FULL SERVICE FULL MENU,17,5
FA0002830,RESTAURANT 0 TO 100 SEATS,FULL MENU LIMITED SERVICE,13,5
FA0005263,SPECIAL EVENT,SPECIAL EVENT,0,5
FA0005236,RESTAURANT 0 TO 100 SEATS,FAST FOOD LIMITED MENU,0,5
FA0005534,MOBILE UNIT FULL FOOD SERVICE,MOBILE UNITS,30,4
FA0002478,RESTAURANT 0 TO 100 SEATS,FULL MENU LIMITED SERVICE,25,4
FA0004814,MOBILE UNIT FULL FOOD SERVICE,MOBILE UNITS,7,5
FA0003605,RESTAURANT 0 TO 100 SEATS,FULL SERVICE FULL MENU,43,3
FA0001432,SPECIAL EVENT,SPECIAL EVENT,8,5
FA0000056,RESTAURANT 0 TO 100 SEATS,FULL SERVICE FULL MENU,10,5
FA0005066,LIMITED FOOD SERVICE CONVENIENCE OTHER,FAST FOOD LIMITED MENU,4,5
FA0003326,RESTAURANT 0 TO 100 SEATS,FULL SERVICE FULL MENU,35,4
FA0002687,SPECIAL EVENT,SPECIAL EVENT,10,5
FA0002436,RESTAURANT 0 TO 100 SEATS,FAST FOOD LIMITED MENU,11,5
FA0004744,TEMP EVENT ON SITE PREP,TEMPORARY EVENTS,0,5
FA0003865,MOBILE UNIT FULL FOOD SERVICE,MOBILE UNITS,0,5
FA0002514,RESTAURANT 0 TO 100 SEATS,FULL MENU LIMITED SERVICE,12,5
FA0005142,SPECIAL EVENT,SPECIAL EVENT,1,5
FA0000491,RESTAURANT MORE THAN 200 SEATS,RESIDENTIAL FACILITIES,15,5
FA0002670,RESTAURANT 0 TO 100 SEATS,FAST FOOD LIMITED MENU,13,5
FA0005172,MOBILE UNIT FULL FOOD SERVICE,MOBILE UNITS,5,5
FA0000159,RESTAURANT 0 TO 100 SEATS,RETAIL COMMISSARY,15,5
FA0004858,RESTAURANT 101 TO 200 SEATS,FULL SERVICE FULL MENU,54,3
FA0005170,MOBILE UNIT FULL FOOD SERVICE,MOBILE UNITS,22,4
FA0001451,RESTAURANT 0 TO 100 SEATS,FAST FOOD LIMITED MENU,13,5
FA0002562,RESTAURANT 101 TO 200 SEATS,FULL SERVICE FULL MENU,13,5
FA0000443,RESTAURANT 0 TO 100 SEATS,FULL SERVICE FULL MENU,56,3
FA0001240,RESTAURANT 0 TO 100 SEATS,FAST FOOD LIMITED MENU,30,4
FA0005194,RESTAURANT 101 TO 200 SEATS,FULL SERVICE FULL MENU,35,4
FA0002645,RESTAURANT 0 TO 100 SEATS,FULL MENU LIMITED SERVICE,51,3
FA0004663,LIMITED FOOD SERVICE CONVENIENCE OTHER,FAST FOOD LIMITED MENU,4,5
FA0004929,RESTAURANT 0 TO 100 SEATS,FULL MENU LIMITED SERVICE,0,5
FA0001072,LIMITED FOOD SERVICE CONVENIENCE OTHER,BARS FRATERNAL ORGANIZATIONS,25,4
FA0000010,RESTAURANT 0 TO 100 SEATS,FULL MENU LIMITED SERVICE,15,5
FA0000851,GROCERY STORE W DELI MORE THAN 15000 SQ FT,FAST FOOD LIMITED MENU,22,4
FA0005510,LIMITED FOOD SERVICE CONVENIENCE OTHER,FAST FOOD LIMITED MENU,15,5
FA0000038,RESTAURANT 0 TO 100 SEATS,FULL SERVICE FULL MENU,46,3
FA0002274,RESTAURANT MORE THAN 200 SEATS,FULL SERVICE FULL MENU,37,4
FA0003637,RESTAURANT 0 TO 100 SEATS,FULL MENU LIMITED SERVICE,10,5
FA0000541,RESTAURANT 0 TO 100 SEATS,FULL SERVICE FULL MENU,30,4
FA0005012,RESTAURANT 0 TO 100 SEATS,RETAIL COMMISSARY,25,4
FA0005097,RESTAURANT 0 TO 100 SEATS,FULL SERVICE FULL MENU,13,5
FA0001647,RESTAURANT 0 TO 100 SEATS,FULL SERVICE FULL MENU,27,4
FA0002675,LIMITED FOOD SERVICE CONVENIENCE OTHER,FAST FOOD LIMITED MENU,14,5
FA0000926,RESTAURANT 0 TO 100 SEATS,FULL SERVICE FULL MENU,65,3
FA0005295,RESTAURANT 101 TO 200 SEATS,FULL MENU LIMITED SERVICE,35,4
FA0002303,RESTAURANT 0 TO 100 SEATS,FULL SERVICE FULL MENU,1,5
FA0000800,RESTAURANT 101 TO 200 SEATS,FULL SERVICE FULL MENU,57,3
FA0004792,RESTAURANT 0 TO 100 SEATS,FULL SERVICE FULL MENU,16,5
FA0005100,RESTAURANT 101 TO 200 SEATS,FULL SERVICE FULL MENU,25,4
FA0001350,RESTAURANT 0 TO 100 SEATS,FULL SERVICE FULL MENU,23,4
FA0003471,RESTAURANT 0 TO 100 SEATS,FULL MENU LIMITED SERVICE,18,5
FA0001760,LIMITED FOOD SERVICE CONVENIENCE OTHER,FAST FOOD LIMITED MENU,31,4
FA0004498,RESTAURANT 0 TO 100 SEATS,FULL SERVICE FULL MENU,26,4
FA0000907,RESTAURANT 0 TO 100 SEATS,FULL SERVICE FULL MENU,43,3
FA0000885,RESTAURANT 101 TO 200 SEATS,FULL SERVICE FULL MENU,61,3
FA0004764,RESTAURANT 0 TO 100 SEATS,FULL SERVICE FULL MENU,27,4
FA0003878,RESTAURANT 101 TO 200 SEATS,FULL SERVICE FULL MENU,25,4
FA0003408,RESTAURANT 101 TO 200 SEATS,FULL SERVICE FULL MENU,62,3
FA0000696,RESTAURANT 101 TO 200 SEATS,FULL MENU LIMITED SERVICE,4,5
FA0005062,RESTAURANT 0 TO 100 SEATS,FULL SERVICE FULL MENU,22,4
FA0005020,LIMITED FOOD SERVICE CONVENIENCE OTHER,FAST FOOD LIMITED MENU,20,5
FA0000183,GROCERY STORE W DELI 0 TO 15000 SQ FT,GROCERY FINISHED FOODS,26,4
FA0000805,RESTAURANT 0 TO 100 SEATS,FULL MENU LIMITED SERVICE,37,4
FA0003543,RESTAURANT 0 TO 100 SEATS,FAST FOOD LIMITED MENU,1,5
FA0000456,RESTAURANT 0 TO 100 SEATS,FULL SERVICE FULL MENU,44,3
FA0000089,RESTAURANT 0 TO 100 SEATS,FAST FOOD LIMITED MENU,29,4
FA0005024,RESTAURANT 0 TO 100 SEATS,GROCERY FINISHED FOODS,15,5
FA0003884,MOBILE UNIT FULL FOOD SERVICE,MOBILE UNITS,14,5
FA0002811,RESTAURANT 0 TO 100 SEATS,FULL SERVICE FULL MENU,13,5
FA0005251,RESTAURANT 0 TO 100 SEATS,FULL SERVICE FULL MENU,24,4
FA0005405,RESTAURANT 0 TO 100 SEATS,FULL MENU LIMITED SERVICE,15,5
FA0002787,GROCERY STORE W DELI MORE THAN 15000 SQ FT,GROCERY FINISHED FOODS,3,5
FA0001168,RESTAURANT 0 TO 100 SEATS,FAST FOOD LIMITED MENU,5,5
FA0001175,LIMITED FOOD SERVICE CONVENIENCE OTHER,FAST FOOD LIMITED MENU,16,5
FA0004936,RESTAURANT 0 TO 100 SEATS,FULL MENU LIMITED SERVICE,14,5
FA0000614,RESTAURANT 101 TO 200 SEATS,FULL SERVICE FULL MENU,20,5
FA0005554,RESTAURANT 0 TO 100 SEATS,FAST FOOD LIMITED MENU,0,5
FA0004790,RESTAURANT 0 TO 100 SEATS,FAST FOOD LIMITED MENU,0,5
FA0001244,RESTAURANT 0 TO 100 SEATS,FULL SERVICE FULL MENU,69,3
FA0005166,RESTAURANT 0 TO 100 SEATS,FULL SERVICE FULL MENU,0,5
FA0005218,RESTAURANT 0 TO 100 SEATS,FULL MENU LIMITED SERVICE,0,5
FA0001375,RESTAURANT 0 TO 100 SEATS,FULL SERVICE FULL MENU,35,4
FA0002856,RESTAURANT 0 TO 100 SEATS,FULL MENU LIMITED SERVICE,19,5
FA0005422,MOBILE UNIT FULL FOOD SERVICE,MOBILE UNITS,80,2
FA0005359,LIMITED FOOD SERVICE CONVENIENCE OTHER,GROCERY FINISHED FOODS,2,5
FA0003545,RESTAURANT 0 TO 100 SEATS,FAST FOOD LIMITED MENU,21,4
FA0005442,MOBILE UNIT PREPACKAGED,PRE PACKAGED,0,5
FA0005472,RESTAURANT 0 TO 100 SEATS,FULL SERVICE FULL MENU,10,5
FA0005162,RESTAURANT 101 TO 200 SEATS,FULL SERVICE FULL MENU,50,3
FA0001166,RESTAURANT 0 TO 100 SEATS,FAST FOOD LIMITED MENU,26,4
FA0000794,RESTAURANT 0 TO 100 SEATS,FULL SERVICE FULL MENU,58,3
FA0000737,RESTAURANT 0 TO 100 SEATS,FAST FOOD LIMITED MENU,19,5
FA0000251,RESTAURANT 101 TO 200 SEATS,FULL SERVICE FULL MENU,65,3
FA0005233,RESTAURANT 0 TO 100 SEATS,FAST FOOD LIMITED MENU,0,5
FA0000526,RESTAURANT 101 TO 200 SEATS,FULL SERVICE FULL MENU,63,3
FA0003704,RESTAURANT 0 TO 100 SEATS,FAST FOOD LIMITED MENU,13,5
FA0003500,RESTAURANT 0 TO 100 SEATS,FAST FOOD LIMITED MENU,6,5
FA0005026,GROCERY STORE W DELI MORE THAN 15000 SQ FT,GROCERY FINISHED FOODS,49,3
FA0003322,RESTAURANT 0 TO 100 SEATS,FAST FOOD LIMITED MENU,0,5
FA0000217,GROCERY STORE W DELI MORE THAN 15000 SQ FT,GROCERY FINISHED FOODS,13,5
FA0001243,LIMITED FOOD SERVICE CONVENIENCE OTHER,FAST FOOD LIMITED MENU,20,5
FA0004757,RESTAURANT 0 TO 100 SEATS,FULL MENU LIMITED SERVICE,37,4
FA0003315,GROCERY STORE W DELI 0 TO 15000 SQ FT,FULL MENU LIMITED SERVICE,24,4
FA0001225,RESTAURANT 0 TO 100 SEATS,FULL SERVICE FULL MENU,27,4
FA0003542,RESTAURANT 0 TO 100 SEATS,FULL MENU LIMITED SERVICE,51,3
FA0004859,RESTAURANT 0 TO 100 SEATS,FAST FOOD LIMITED MENU,9,5
FA0005260,RESTAURANT 101 TO 200 SEATS,FAST FOOD LIMITED MENU,0,5
FA0005180,RESTAURANT 101 TO 200 SEATS,FULL MENU LIMITED SERVICE,48,3
FA0005208,MOBILE UNIT FULL FOOD SERVICE,MOBILE UNITS,5,5
FA0004648,RESTAURANT 0 TO 100 SEATS,FAST FOOD LIMITED MENU,1,5
FA0005227,RESTAURANT 0 TO 100 SEATS,FULL MENU LIMITED SERVICE,55,3
FA0005041,RESTAURANT 0 TO 100 SEATS,FAST FOOD LIMITED MENU,20,5
FA0005211,RESTAURANT 101 TO 200 SEATS,FULL SERVICE FULL MENU,0,5
FA0005559,RESTAURANT 0 TO 100 SEATS,FAST FOOD LIMITED MENU,20,5
FA0005195,LIMITED FOOD SERVICE CONVENIENCE OTHER,FAST FOOD LIMITED MENU,37,4
FA0005352,NO FEE LICENSE K12 SCHOOLS NON PROFIT,FOOD BANK,0,5
FA0004844,RESTAURANT 0 TO 100 SEATS,FAST FOOD LIMITED MENU,16,5
FA0005451,NO FEE LICENSE K12 SCHOOLS NON PROFIT,FOOD BANK,0,5
FA0005406,RESTAURANT 0 TO 100 SEATS,FULL SERVICE FULL MENU,25,4
FA0000725,RESTAURANT 101 TO 200 SEATS,FULL SERVICE FULL MENU,41,3
FA0003331,GROCERY STORE 0 TO 15000 SQ FT,GROCERY FINISHED FOODS,23,4
FA0000237,RESTAURANT 0 TO 100 SEATS,FAST FOOD LIMITED MENU,81,2
FA0005539,RESTAURANT 0 TO 100 SEATS,FAST FOOD LIMITED MENU,0,5
FA0000140,RESTAURANT 0 TO 100 SEATS,FULL SERVICE FULL MENU,74,2
FA0005556,RESTAURANT 0 TO 100 SEATS,FAST FOOD LIMITED MENU,35,4
FA0005506,RESTAURANT 0 TO 100 SEATS,FULL MENU LIMITED SERVICE,15,5
FA0005535,LIMITED FOOD SERVICE CONVENIENCE OTHER,FAST FOOD LIMITED MENU,10,5
FA0004707,RESTAURANT 0 TO 100 SEATS,FAST FOOD LIMITED MENU,11,5
FA0004873,GROCERY STORE W DELI 0 TO 15000 SQ FT,GROCERY FINISHED FOODS,24,4
FA0005204,RESTAURANT 0 TO 100 SEATS,FULL MENU LIMITED SERVICE,0,5
FA0005560,RESTAURANT 0 TO 100 SEATS,FAST FOOD LIMITED MENU,0,5
FA0005296,RESTAURANT 0 TO 100 SEATS,FULL MENU LIMITED SERVICE,0,5
FA0004669,RESTAURANT 0 TO 100 SEATS,FULL MENU LIMITED SERVICE,30,4
FA0005067,RESTAURANT 0 TO 100 SEATS,FULL SERVICE FULL MENU,60,3
FA0005455,LIMITED FOOD SERVICE CONVENIENCE OTHER,FAST FOOD LIMITED MENU,0,5
FA0000971,RESTAURANT 101 TO 200 SEATS,FULL SERVICE FULL MENU,13,5
FA0005557,RESTAURANT 0 TO 100 SEATS,FAST FOOD LIMITED MENU,20,5
FA0005553,RESTAURANT 0 TO 100 SEATS,FAST FOOD LIMITED MENU,45,3
FA0005226,RESTAURANT MORE THAN 200 SEATS,FULL SERVICE FULL MENU,5,5
FA0005223,GROCERY STORE W DELI 0 TO 15000 SQ FT,GROCERY FINISHED FOODS,5,5
FA0005552,RESTAURANT 0 TO 100 SEATS,FAST FOOD LIMITED MENU,0,5
FA0005130,LIMITED FOOD SERVICE CONVENIENCE OTHER,FAST FOOD LIMITED MENU,8,5
FA0004851,RESTAURANT 0 TO 100 SEATS,FULL MENU LIMITED SERVICE,11,5
FA0001052,GROCERY STORE W DELI 0 TO 15000 SQ FT,GROCERY FINISHED FOODS,54,3
FA0000391,RESTAURANT 0 TO 100 SEATS,FULL MENU LIMITED SERVICE,20,5
FA0005330,NO FEE LICENSE K12 SCHOOLS NON PROFIT,FOOD BANK,0,5
FA0000093,RESTAURANT 101 TO 200 SEATS,FULL SERVICE FULL MENU,39,4
FA0001776,MOBILE UNIT FULL FOOD SERVICE,MOBILE UNITS,75,2
FA0005081,MOBILE UNIT FULL FOOD SERVICE,MOBILE UNITS,40,4
FA0005021,RESTAURANT 0 TO 100 SEATS,FULL MENU LIMITED SERVICE,17,5
FA0005022,RESTAURANT 0 TO 100 SEATS,FULL MENU LIMITED SERVICE,6,5
FA0004995,RESTAURANT 0 TO 100 SEATS,FAST FOOD LIMITED MENU,24,4
FA0000303,RESTAURANT 0 TO 100 SEATS,FULL MENU LIMITED SERVICE,13,5
FA0005299,RESTAURANT 0 TO 100 SEATS,FAST FOOD LIMITED MENU,1,5
FA0005384,RESTAURANT 101 TO 200 SEATS,FULL SERVICE FULL MENU,55,3
FA0005196,RESTAURANT 101 TO 200 SEATS,FAST FOOD LIMITED MENU,62,3
FA0005212,RESTAURANT 101 TO 200 SEATS,FULL SERVICE FULL MENU,5,5
FA0004686,NO FEE LICENSE K12 SCHOOLS NON PROFIT,FOOD BANK,6,5
FA0005165,RESTAURANT 0 TO 100 SEATS,FULL MENU LIMITED SERVICE,0,5
FA0002205,RESTAURANT 0 TO 100 SEATS,FULL SERVICE FULL MENU,32,4
FA0005440,LIMITED FOOD SERVICE CONVENIENCE OTHER,FAST FOOD LIMITED MENU,25,4
FA0000176,RESTAURANT 0 TO 100 SEATS,RESIDENTIAL FACILITIES,10,5
FA0005416,RESTAURANT 0 TO 100 SEATS,RESIDENTIAL FACILITIES,30,4
FA0005143,RESTAURANT 0 TO 100 SEATS,FAST FOOD LIMITED MENU,43,3
FA0005280,RESTAURANT 0 TO 100 SEATS,FAST FOOD LIMITED MENU,1,5
FA0005464,RESTAURANT 0 TO 100 SEATS,FAST FOOD LIMITED MENU,45,3
FA0005377,NO FEE LICENSE K12 SCHOOLS NON PROFIT,FOOD BANK,0,5
FA0005558,RESTAURANT 0 TO 100 SEATS,FAST FOOD LIMITED MENU,20,5
FA0005042,MOBILE UNIT FULL FOOD SERVICE,MOBILE UNITS,59,3
FA0005449,RESTAURANT 0 TO 100 SEATS,FULL MENU LIMITED SERVICE,30,4
FA0005414,NO FEE LICENSE K12 SCHOOLS NON PROFIT,FOOD BANK,0,5
FA0005402,GROCERY STORE 0 TO 15000 SQ FT,GROCERY FINISHED FOODS,5,5
FA0004970,RESTAURANT 0 TO 100 SEATS,DAY TREATMENT PROGRAM,8,5
FA0005279,MOBILE UNIT FULL FOOD SERVICE,MOBILE UNITS,51,3
FA0005473,RESTAURANT 0 TO 100 SEATS,RESIDENTIAL FACILITIES,60,3
FA0002705,MOBILE UNIT FULL FOOD SERVICE,MOBILE UNITS,75,2
FA0004950,RESTAURANT 0 TO 100 SEATS,FULL MENU LIMITED SERVICE,55,3
FA0005424,GROCERY STORE 0 TO 15000 SQ FT,GROCERY FINISHED FOODS,10,5
FA0005494,RESTAURANT 0 TO 100 SEATS,FAST FOOD LIMITED MENU,15,5
FA0005326,NO FEE LICENSE K12 SCHOOLS NON PROFIT,FOOD BANK,0,5
FA0004973,RESTAURANT 0 TO 100 SEATS,FAST FOOD LIMITED MENU,15,5
FA0005555,RESTAURANT 0 TO 100 SEATS,FAST FOOD LIMITED MENU,35,4
