,facilityId,ave_insp_score,typeOfFacility,categoryOfFacility,healthScore
0,FA0000009,23,RESTAURANT 0 TO 100 SEATS,BARS FRATERNAL ORGANIZATIONS,4
1,FA0000010,15,RESTAURANT 0 TO 100 SEATS,FULL MENU LIMITED SERVICE,5
2,FA0000011,19,RESTAURANT 0 TO 100 SEATS,FAST FOOD LIMITED MENU,5
3,FA0000015,41,RESTAURANT 0 TO 100 SEATS,FULL SERVICE FULL MENU,3
4,FA0000017,20,RESTAURANT 0 TO 100 SEATS,FULL SERVICE FULL MENU,5
5,FA0000018,42,RESTAURANT 0 TO 100 SEATS,FAST FOOD LIMITED MENU,3
6,FA0000021,2,RESTAURANT 0 TO 100 SEATS,FULL MENU LIMITED SERVICE,5
7,FA0000024,36,RESTAURANT 0 TO 100 SEATS,FAST FOOD LIMITED MENU,4
8,FA0000025,29,RESTAURANT 0 TO 100 SEATS,FAST FOOD LIMITED MENU,4
9,FA0000026,15,RESTAURANT 0 TO 100 SEATS,FAST FOOD LIMITED MENU,5
10,FA0000030,13,RESTAURANT 0 TO 100 SEATS,FAST FOOD LIMITED MENU,5
11,FA0000031,6,RESTAURANT 0 TO 100 SEATS,FAST FOOD LIMITED MENU,5
12,FA0000033,34,RESTAURANT 101 TO 200 SEATS,FULL SERVICE FULL MENU,4
13,FA0000038,46,RESTAURANT 0 TO 100 SEATS,FULL SERVICE FULL MENU,3
14,FA0000056,10,RESTAURANT 0 TO 100 SEATS,FULL SERVICE FULL MENU,5
15,FA0000057,28,RESTAURANT 101 TO 200 SEATS,FULL SERVICE FULL MENU,4
16,FA0000061,13,RESTAURANT 0 TO 100 SEATS,FAST FOOD LIMITED MENU,5
17,FA0000063,33,RESTAURANT 0 TO 100 SEATS,FULL SERVICE FULL MENU,4
18,FA0000064,26,RESTAURANT 0 TO 100 SEATS,FAST FOOD LIMITED MENU,4
19,FA0000067,51,RESTAURANT 101 TO 200 SEATS,FULL SERVICE FULL MENU,3
20,FA0000075,23,RESTAURANT 0 TO 100 SEATS,FULL SERVICE FULL MENU,4
21,FA0000079,52,RESTAURANT MORE THAN 200 SEATS,FULL SERVICE FULL MENU,3
22,FA0000084,23,RESTAURANT 101 TO 200 SEATS,FULL SERVICE FULL MENU,4
23,FA0000086,23,RESTAURANT 101 TO 200 SEATS,FULL SERVICE FULL MENU,4
24,FA0000088,40,LIMITED FOOD SERVICE CONVENIENCE OTHER,FAST FOOD LIMITED MENU,4
25,FA0000089,29,RESTAURANT 0 TO 100 SEATS,FAST FOOD LIMITED MENU,4
26,FA0000092,33,RESTAURANT 101 TO 200 SEATS,FULL SERVICE FULL MENU,4
27,FA0000093,39,RESTAURANT 101 TO 200 SEATS,FULL SERVICE FULL MENU,4
28,FA0000095,25,RESTAURANT MORE THAN 200 SEATS,FULL SERVICE FULL MENU,4
29,FA0000098,43,RESTAURANT 0 TO 100 SEATS,FAST FOOD LIMITED MENU,3
30,FA0000100,35,RESTAURANT 0 TO 100 SEATS,FULL MENU LIMITED SERVICE,4
31,FA0000105,38,RESTAURANT 0 TO 100 SEATS,FULL MENU LIMITED SERVICE,4
32,FA0000106,19,RESTAURANT 0 TO 100 SEATS,FAST FOOD LIMITED MENU,5
33,FA0000108,17,RESTAURANT 101 TO 200 SEATS,FULL SERVICE FULL MENU,5
34,FA0000109,20,RESTAURANT 0 TO 100 SEATS,FAST FOOD LIMITED MENU,5
35,FA0000110,12,RESTAURANT 0 TO 100 SEATS,FAST FOOD LIMITED MENU,5
36,FA0000112,2,RESTAURANT 0 TO 100 SEATS,FAST FOOD LIMITED MENU,5
37,FA0000113,16,RESTAURANT 0 TO 100 SEATS,FAST FOOD LIMITED MENU,5
38,FA0000115,3,RESTAURANT 0 TO 100 SEATS,FAST FOOD LIMITED MENU,5
39,FA0000123,25,RESTAURANT 0 TO 100 SEATS,FAST FOOD LIMITED MENU,4
40,FA0000124,24,LIMITED FOOD SERVICE CONVENIENCE OTHER,FAST FOOD LIMITED MENU,4
41,FA0000127,9,RESTAURANT 0 TO 100 SEATS,BARS FRATERNAL ORGANIZATIONS,5
42,FA0000130,25,RESTAURANT 0 TO 100 SEATS,FULL MENU LIMITED SERVICE,4
43,FA0000132,33,RESTAURANT 0 TO 100 SEATS,FULL SERVICE FULL MENU,4
44,FA0000133,22,LIMITED FOOD SERVICE CONVENIENCE OTHER,FAST FOOD LIMITED MENU,4
45,FA0000135,23,RESTAURANT 101 TO 200 SEATS,FULL SERVICE FULL MENU,4
46,FA0000137,0,RESTAURANT 0 TO 100 SEATS,FAST FOOD LIMITED MENU,5
47,FA0000139,20,RESTAURANT 0 TO 100 SEATS,FULL SERVICE FULL MENU,5
48,FA0000140,74,RESTAURANT 0 TO 100 SEATS,FULL SERVICE FULL MENU,2
49,FA0000147,20,RESTAURANT 0 TO 100 SEATS,FAST FOOD LIMITED MENU,5
50,FA0000150,18,RESTAURANT 0 TO 100 SEATS,FAST FOOD LIMITED MENU,5
51,FA0000152,37,RESTAURANT 101 TO 200 SEATS,FULL MENU LIMITED SERVICE,4
52,FA0000157,37,RESTAURANT 0 TO 100 SEATS,FULL SERVICE FULL MENU,4
53,FA0000159,15,RESTAURANT 0 TO 100 SEATS,RETAIL COMMISSARY,5
54,FA0000162,31,RESTAURANT 0 TO 100 SEATS,FAST FOOD LIMITED MENU,4
55,FA0000164,43,RESTAURANT 101 TO 200 SEATS,FULL SERVICE FULL MENU,3
56,FA0000165,26,RESTAURANT 0 TO 100 SEATS,FULL SERVICE FULL MENU,4
57,FA0000181,48,RESTAURANT 101 TO 200 SEATS,FULL SERVICE FULL MENU,3
58,FA0000182,91,RESTAURANT 0 TO 100 SEATS,FULL SERVICE FULL MENU,2
59,FA0000185,15,RESTAURANT 0 TO 100 SEATS,FAST FOOD LIMITED MENU,5
60,FA0000191,4,RESTAURANT MORE THAN 200 SEATS,FAST FOOD LIMITED MENU,5
61,FA0000192,62,RESTAURANT 0 TO 100 SEATS,FAST FOOD LIMITED MENU,3
62,FA0000193,15,RESTAURANT 0 TO 100 SEATS,FULL MENU LIMITED SERVICE,5
63,FA0000200,49,RESTAURANT 101 TO 200 SEATS,FULL SERVICE FULL MENU,3
64,FA0000210,44,RESTAURANT 0 TO 100 SEATS,FULL MENU LIMITED SERVICE,3
65,FA0000225,15,RESTAURANT 101 TO 200 SEATS,FULL SERVICE FULL MENU,5
66,FA0000230,17,RESTAURANT 0 TO 100 SEATS,FAST FOOD LIMITED MENU,5
67,FA0000233,33,RESTAURANT 0 TO 100 SEATS,FAST FOOD LIMITED MENU,4
68,FA0000234,46,RESTAURANT 0 TO 100 SEATS,FULL MENU LIMITED SERVICE,3
69,FA0000237,81,RESTAURANT 0 TO 100 SEATS,FAST FOOD LIMITED MENU,2
70,FA0000238,42,RESTAURANT 0 TO 100 SEATS,FULL SERVICE FULL MENU,3
71,FA0000240,12,RESTAURANT 0 TO 100 SEATS,FAST FOOD LIMITED MENU,5
72,FA0000242,36,RESTAURANT 0 TO 100 SEATS,FAST FOOD LIMITED MENU,4
73,FA0000245,26,RESTAURANT 0 TO 100 SEATS,FULL MENU LIMITED SERVICE,4
74,FA0000247,38,RESTAURANT 0 TO 100 SEATS,FULL SERVICE FULL MENU,4
75,FA0000251,65,RESTAURANT 101 TO 200 SEATS,FULL SERVICE FULL MENU,3
76,FA0000252,58,LIMITED FOOD SERVICE CONVENIENCE OTHER,BARS FRATERNAL ORGANIZATIONS,3
77,FA0000256,49,RESTAURANT 101 TO 200 SEATS,BARS FRATERNAL ORGANIZATIONS,3
78,FA0000257,31,RESTAURANT 0 TO 100 SEATS,FULL SERVICE FULL MENU,4
79,FA0000258,28,RESTAURANT 0 TO 100 SEATS,FAST FOOD LIMITED MENU,4
80,FA0000278,22,RESTAURANT 101 TO 200 SEATS,FAST FOOD LIMITED MENU,4
81,FA0000279,9,RESTAURANT 101 TO 200 SEATS,FULL SERVICE FULL MENU,5
82,FA0000281,38,RESTAURANT 101 TO 200 SEATS,FULL SERVICE FULL MENU,4
83,FA0000288,32,LIMITED FOOD SERVICE CONVENIENCE OTHER,FAST FOOD LIMITED MENU,4
84,FA0000291,24,RESTAURANT 101 TO 200 SEATS,FULL SERVICE FULL MENU,4
85,FA0000293,59,RESTAURANT 0 TO 100 SEATS,FULL SERVICE FULL MENU,3
86,FA0000295,13,RESTAURANT 0 TO 100 SEATS,FULL MENU LIMITED SERVICE,5
87,FA0000303,14,RESTAURANT 0 TO 100 SEATS,FULL MENU LIMITED SERVICE,5
88,FA0000304,22,RESTAURANT 0 TO 100 SEATS,FULL SERVICE FULL MENU,4
89,FA0000314,51,RESTAURANT 0 TO 100 SEATS,FULL SERVICE FULL MENU,3
90,FA0000326,27,RESTAURANT 0 TO 100 SEATS,FAST FOOD LIMITED MENU,4
91,FA0000327,50,RESTAURANT 0 TO 100 SEATS,FULL MENU LIMITED SERVICE,3
92,FA0000329,10,RESTAURANT 0 TO 100 SEATS,FAST FOOD LIMITED MENU,5
93,FA0000330,25,RESTAURANT 0 TO 100 SEATS,FULL SERVICE FULL MENU,4
94,FA0000331,49,RESTAURANT 101 TO 200 SEATS,FULL SERVICE FULL MENU,3
95,FA0000332,30,RESTAURANT 0 TO 100 SEATS,FULL MENU LIMITED SERVICE,4
96,FA0000333,35,RESTAURANT 0 TO 100 SEATS,FAST FOOD LIMITED MENU,4
97,FA0000335,15,RESTAURANT 0 TO 100 SEATS,BARS FRATERNAL ORGANIZATIONS,5
98,FA0000336,83,RESTAURANT 0 TO 100 SEATS,FULL SERVICE FULL MENU,2
99,FA0000337,25,RESTAURANT 0 TO 100 SEATS,FULL MENU LIMITED SERVICE,4
100,FA0000339,30,RESTAURANT 0 TO 100 SEATS,FAST FOOD LIMITED MENU,4
101,FA0000340,16,RESTAURANT 0 TO 100 SEATS,FULL SERVICE FULL MENU,5
102,FA0000342,46,RESTAURANT 0 TO 100 SEATS,FULL SERVICE FULL MENU,3
103,FA0000343,5,RESTAURANT 0 TO 100 SEATS,FAST FOOD LIMITED MENU,5
104,FA0000346,17,RESTAURANT 0 TO 100 SEATS,FAST FOOD LIMITED MENU,5
105,FA0000347,15,RESTAURANT 0 TO 100 SEATS,FULL MENU LIMITED SERVICE,5
106,FA0000350,44,RESTAURANT 0 TO 100 SEATS,FAST FOOD LIMITED MENU,3
107,FA0000351,14,RESTAURANT 0 TO 100 SEATS,FAST FOOD LIMITED MENU,5
108,FA0000355,53,RESTAURANT 0 TO 100 SEATS,FULL SERVICE FULL MENU,3
109,FA0000356,28,RESTAURANT 101 TO 200 SEATS,FULL SERVICE FULL MENU,4
110,FA0000359,62,RESTAURANT 101 TO 200 SEATS,FULL SERVICE FULL MENU,3
111,FA0000360,28,RESTAURANT 0 TO 100 SEATS,FAST FOOD LIMITED MENU,4
112,FA0000364,17,RESTAURANT 0 TO 100 SEATS,FAST FOOD LIMITED MENU,5
113,FA0000365,25,RESTAURANT 0 TO 100 SEATS,FAST FOOD LIMITED MENU,4
114,FA0000371,37,RESTAURANT 0 TO 100 SEATS,FAST FOOD LIMITED MENU,4
115,FA0000372,47,RESTAURANT MORE THAN 200 SEATS,FULL SERVICE FULL MENU,3
116,FA0000378,30,RESTAURANT 0 TO 100 SEATS,FULL SERVICE FULL MENU,4
117,FA0000384,32,RESTAURANT MORE THAN 200 SEATS,FULL SERVICE FULL MENU,4
118,FA0000386,26,RESTAURANT 0 TO 100 SEATS,FAST FOOD LIMITED MENU,4
119,FA0000387,25,RESTAURANT 0 TO 100 SEATS,FULL MENU LIMITED SERVICE,4
120,FA0000390,23,RESTAURANT 0 TO 100 SEATS,FAST FOOD LIMITED MENU,4
121,FA0000391,21,RESTAURANT 0 TO 100 SEATS,FULL MENU LIMITED SERVICE,4
122,FA0000392,19,RESTAURANT 0 TO 100 SEATS,FULL SERVICE FULL MENU,5
123,FA0000394,9,RESTAURANT 0 TO 100 SEATS,FULL MENU LIMITED SERVICE,5
124,FA0000396,43,RESTAURANT 0 TO 100 SEATS,FULL SERVICE FULL MENU,3
125,FA0000399,48,RESTAURANT 0 TO 100 SEATS,FULL MENU LIMITED SERVICE,3
126,FA0000401,49,RESTAURANT 101 TO 200 SEATS,FULL SERVICE FULL MENU,3
127,FA0000402,25,RESTAURANT 0 TO 100 SEATS,FULL MENU LIMITED SERVICE,4
128,FA0000406,25,RESTAURANT 0 TO 100 SEATS,FAST FOOD LIMITED MENU,4
129,FA0000407,23,RESTAURANT 0 TO 100 SEATS,FAST FOOD LIMITED MENU,4
130,FA0000411,37,RESTAURANT 0 TO 100 SEATS,FULL SERVICE FULL MENU,4
131,FA0000414,52,RESTAURANT 101 TO 200 SEATS,FULL SERVICE FULL MENU,3
132,FA0000416,75,RESTAURANT 0 TO 100 SEATS,FULL SERVICE FULL MENU,2
133,FA0000418,48,RESTAURANT 101 TO 200 SEATS,FULL SERVICE FULL MENU,3
134,FA0000421,29,RESTAURANT MORE THAN 200 SEATS,FULL SERVICE FULL MENU,4
135,FA0000432,14,RESTAURANT 0 TO 100 SEATS,FULL SERVICE FULL MENU,5
136,FA0000436,28,RESTAURANT 0 TO 100 SEATS,FULL MENU LIMITED SERVICE,4
137,FA0000442,22,RESTAURANT 0 TO 100 SEATS,FULL MENU LIMITED SERVICE,4
138,FA0000443,56,RESTAURANT 0 TO 100 SEATS,FULL SERVICE FULL MENU,3
139,FA0000445,27,RESTAURANT 101 TO 200 SEATS,FULL SERVICE FULL MENU,4
140,FA0000447,75,RESTAURANT 101 TO 200 SEATS,FULL MENU LIMITED SERVICE,2
141,FA0000449,55,RESTAURANT 101 TO 200 SEATS,FULL SERVICE FULL MENU,3
142,FA0000451,18,RESTAURANT 0 TO 100 SEATS,FULL MENU LIMITED SERVICE,5
143,FA0000455,31,RESTAURANT 101 TO 200 SEATS,FULL MENU LIMITED SERVICE,4
144,FA0000456,44,RESTAURANT 0 TO 100 SEATS,FULL SERVICE FULL MENU,3
145,FA0000457,12,RESTAURANT 101 TO 200 SEATS,FULL MENU LIMITED SERVICE,5
146,FA0000458,58,RESTAURANT 0 TO 100 SEATS,FULL SERVICE FULL MENU,3
147,FA0000466,57,RESTAURANT 101 TO 200 SEATS,FULL SERVICE FULL MENU,3
148,FA0000467,33,RESTAURANT 0 TO 100 SEATS,FULL SERVICE FULL MENU,4
149,FA0000473,36,RESTAURANT 0 TO 100 SEATS,FULL SERVICE FULL MENU,4
150,FA0000474,34,RESTAURANT 0 TO 100 SEATS,FAST FOOD LIMITED MENU,4
151,FA0000476,25,RESTAURANT 0 TO 100 SEATS,FULL SERVICE FULL MENU,4
152,FA0000481,25,RESTAURANT 0 TO 100 SEATS,FULL SERVICE FULL MENU,4
153,FA0000484,40,RESTAURANT 101 TO 200 SEATS,FULL SERVICE FULL MENU,4
154,FA0000486,46,RESTAURANT MORE THAN 200 SEATS,FULL SERVICE FULL MENU,3
155,FA0000487,24,RESTAURANT 0 TO 100 SEATS,FAST FOOD LIMITED MENU,4
156,FA0000493,64,RESTAURANT 0 TO 100 SEATS,FULL SERVICE FULL MENU,3
157,FA0000494,32,RESTAURANT 0 TO 100 SEATS,FULL SERVICE FULL MENU,4
158,FA0000500,10,NO FEE LICENSE K12 SCHOOLS NON PROFIT,FULL SERVICE FULL MENU,5
159,FA0000502,37,RESTAURANT 0 TO 100 SEATS,FULL SERVICE FULL MENU,4
160,FA0000511,20,RESTAURANT 0 TO 100 SEATS,FAST FOOD LIMITED MENU,5
161,FA0000515,65,RESTAURANT 0 TO 100 SEATS,FULL SERVICE FULL MENU,3
162,FA0000522,20,RESTAURANT 0 TO 100 SEATS,FULL MENU LIMITED SERVICE,5
163,FA0000526,63,RESTAURANT 101 TO 200 SEATS,FULL SERVICE FULL MENU,3
164,FA0000534,50,RESTAURANT 0 TO 100 SEATS,FULL MENU LIMITED SERVICE,3
165,FA0000535,24,RESTAURANT 0 TO 100 SEATS,FULL SERVICE FULL MENU,4
166,FA0000536,28,RESTAURANT 0 TO 100 SEATS,FULL SERVICE FULL MENU,4
167,FA0000538,10,RESTAURANT 0 TO 100 SEATS,FAST FOOD LIMITED MENU,5
168,FA0000541,30,RESTAURANT 0 TO 100 SEATS,FULL SERVICE FULL MENU,4
169,FA0000544,17,RESTAURANT 0 TO 100 SEATS,FAST FOOD LIMITED MENU,5
170,FA0000545,20,RESTAURANT 0 TO 100 SEATS,FAST FOOD LIMITED MENU,5
171,FA0000547,46,RESTAURANT 0 TO 100 SEATS,FAST FOOD LIMITED MENU,3
172,FA0000556,33,RESTAURANT 0 TO 100 SEATS,FULL SERVICE FULL MENU,4
173,FA0000558,7,RESTAURANT 0 TO 100 SEATS,FAST FOOD LIMITED MENU,5
174,FA0000567,18,NO FEE LICENSE K12 SCHOOLS NON PROFIT,FULL MENU LIMITED SERVICE,5
175,FA0000572,28,RESTAURANT 0 TO 100 SEATS,FAST FOOD LIMITED MENU,4
176,FA0000574,27,RESTAURANT 0 TO 100 SEATS,FULL MENU LIMITED SERVICE,4
177,FA0000578,24,RESTAURANT 0 TO 100 SEATS,FULL MENU LIMITED SERVICE,4
178,FA0000579,4,RESTAURANT 0 TO 100 SEATS,FAST FOOD LIMITED MENU,5
179,FA0000580,25,RESTAURANT 0 TO 100 SEATS,FULL SERVICE FULL MENU,4
180,FA0000582,44,RESTAURANT 101 TO 200 SEATS,FULL SERVICE FULL MENU,3
181,FA0000587,35,RESTAURANT 0 TO 100 SEATS,FULL SERVICE FULL MENU,4
182,FA0000590,61,RESTAURANT 0 TO 100 SEATS,FULL SERVICE FULL MENU,3
183,FA0000592,33,RESTAURANT 0 TO 100 SEATS,FULL SERVICE FULL MENU,4
184,FA0000594,37,LIMITED FOOD SERVICE CONVENIENCE OTHER,FAST FOOD LIMITED MENU,4
185,FA0000599,13,RESTAURANT 101 TO 200 SEATS,FULL SERVICE FULL MENU,5
186,FA0000603,54,RESTAURANT 101 TO 200 SEATS,FULL SERVICE FULL MENU,3
187,FA0000605,18,RESTAURANT 0 TO 100 SEATS,FAST FOOD LIMITED MENU,5
188,FA0000611,93,RESTAURANT 0 TO 100 SEATS,FULL SERVICE FULL MENU,2
189,FA0000613,55,RESTAURANT 0 TO 100 SEATS,FAST FOOD LIMITED MENU,3
190,FA0000614,20,RESTAURANT 101 TO 200 SEATS,FULL SERVICE FULL MENU,5
191,FA0000615,28,RESTAURANT 0 TO 100 SEATS,FULL SERVICE FULL MENU,4
192,FA0000616,48,RESTAURANT MORE THAN 200 SEATS,FULL SERVICE FULL MENU,3
193,FA0000621,20,RESTAURANT 0 TO 100 SEATS,FAST FOOD LIMITED MENU,5
194,FA0000624,70,RESTAURANT 101 TO 200 SEATS,FULL SERVICE FULL MENU,3
195,FA0000627,71,RESTAURANT 0 TO 100 SEATS,FULL SERVICE FULL MENU,2
196,FA0000628,46,RESTAURANT 0 TO 100 SEATS,FULL SERVICE FULL MENU,3
197,FA0000629,2,LIMITED FOOD SERVICE CONVENIENCE OTHER,FAST FOOD LIMITED MENU,5
198,FA0000630,15,RESTAURANT 0 TO 100 SEATS,FAST FOOD LIMITED MENU,5
199,FA0000639,20,RESTAURANT 0 TO 100 SEATS,BARS FRATERNAL ORGANIZATIONS,5
200,FA0000642,13,RESTAURANT 101 TO 200 SEATS,FAST FOOD LIMITED MENU,5
201,FA0000644,22,RESTAURANT 0 TO 100 SEATS,FULL MENU LIMITED SERVICE,4
202,FA0000649,19,RESTAURANT 101 TO 200 SEATS,FULL SERVICE FULL MENU,5
203,FA0000653,20,RESTAURANT 0 TO 100 SEATS,FULL MENU LIMITED SERVICE,5
204,FA0000654,65,RESTAURANT 0 TO 100 SEATS,FULL SERVICE FULL MENU,3
205,FA0000655,32,RESTAURANT 0 TO 100 SEATS,FULL SERVICE FULL MENU,4
206,FA0000656,47,RESTAURANT 0 TO 100 SEATS,FULL MENU LIMITED SERVICE,3
207,FA0000657,13,RESTAURANT 0 TO 100 SEATS,FAST FOOD LIMITED MENU,5
208,FA0000658,33,RESTAURANT 0 TO 100 SEATS,FULL SERVICE FULL MENU,4
209,FA0000659,28,RESTAURANT 0 TO 100 SEATS,FULL SERVICE FULL MENU,4
210,FA0000660,51,RESTAURANT 101 TO 200 SEATS,FULL SERVICE FULL MENU,3
211,FA0000661,15,RESTAURANT 0 TO 100 SEATS,FAST FOOD LIMITED MENU,5
212,FA0000665,9,RESTAURANT 0 TO 100 SEATS,FAST FOOD LIMITED MENU,5
213,FA0000666,35,RESTAURANT 0 TO 100 SEATS,FULL SERVICE FULL MENU,4
214,FA0000667,43,RESTAURANT 0 TO 100 SEATS,FULL SERVICE FULL MENU,3
215,FA0000672,20,RESTAURANT 0 TO 100 SEATS,FAST FOOD LIMITED MENU,5
216,FA0000673,12,RESTAURANT 0 TO 100 SEATS,BARS FRATERNAL ORGANIZATIONS,5
217,FA0000674,64,RESTAURANT 0 TO 100 SEATS,FULL SERVICE FULL MENU,3
218,FA0000675,32,RESTAURANT MORE THAN 200 SEATS,FULL SERVICE FULL MENU,4
219,FA0000677,54,RESTAURANT 0 TO 100 SEATS,FULL SERVICE FULL MENU,3
220,FA0000678,35,RESTAURANT 101 TO 200 SEATS,FULL SERVICE FULL MENU,4
221,FA0000679,18,RESTAURANT 0 TO 100 SEATS,FAST FOOD LIMITED MENU,5
222,FA0000680,5,RESTAURANT MORE THAN 200 SEATS,FULL SERVICE FULL MENU,5
223,FA0000682,65,RESTAURANT 0 TO 100 SEATS,FAST FOOD LIMITED MENU,3
224,FA0000684,33,RESTAURANT MORE THAN 200 SEATS,FULL SERVICE FULL MENU,4
225,FA0000685,38,RESTAURANT 101 TO 200 SEATS,FULL SERVICE FULL MENU,4
226,FA0000688,18,RESTAURANT 0 TO 100 SEATS,FULL MENU LIMITED SERVICE,5
227,FA0000694,12,RESTAURANT MORE THAN 200 SEATS,FULL SERVICE FULL MENU,5
228,FA0000696,4,RESTAURANT 101 TO 200 SEATS,FULL MENU LIMITED SERVICE,5
229,FA0000697,47,RESTAURANT MORE THAN 200 SEATS,FULL SERVICE FULL MENU,3
230,FA0000714,15,RESTAURANT 0 TO 100 SEATS,FULL SERVICE FULL MENU,5
231,FA0000720,40,RESTAURANT MORE THAN 200 SEATS,FULL SERVICE FULL MENU,4
232,FA0000721,35,RESTAURANT 0 TO 100 SEATS,FAST FOOD LIMITED MENU,4
233,FA0000724,13,RESTAURANT 0 TO 100 SEATS,FULL SERVICE FULL MENU,5
234,FA0000725,41,RESTAURANT 101 TO 200 SEATS,FULL SERVICE FULL MENU,3
235,FA0000728,15,RESTAURANT 0 TO 100 SEATS,FULL MENU LIMITED SERVICE,5
236,FA0000731,14,RESTAURANT 0 TO 100 SEATS,FAST FOOD LIMITED MENU,5
237,FA0000737,19,RESTAURANT 0 TO 100 SEATS,FAST FOOD LIMITED MENU,5
238,FA0000738,55,RESTAURANT MORE THAN 200 SEATS,FULL SERVICE FULL MENU,3
239,FA0000743,17,RESTAURANT 0 TO 100 SEATS,FAST FOOD LIMITED MENU,5
240,FA0000747,29,RESTAURANT 0 TO 100 SEATS,FULL SERVICE FULL MENU,4
241,FA0000748,65,RESTAURANT 0 TO 100 SEATS,FULL MENU LIMITED SERVICE,3
242,FA0000751,16,RESTAURANT 0 TO 100 SEATS,BARS FRATERNAL ORGANIZATIONS,5
243,FA0000754,42,RESTAURANT 0 TO 100 SEATS,FULL SERVICE FULL MENU,3
244,FA0000758,3,RESTAURANT 0 TO 100 SEATS,FULL SERVICE FULL MENU,5
245,FA0000759,15,RESTAURANT 0 TO 100 SEATS,FULL SERVICE FULL MENU,5
246,FA0000770,42,RESTAURANT 0 TO 100 SEATS,FAST FOOD LIMITED MENU,3
247,FA0000773,78,RESTAURANT 0 TO 100 SEATS,FULL SERVICE FULL MENU,2
248,FA0000780,46,RESTAURANT 0 TO 100 SEATS,FULL SERVICE FULL MENU,3
249,FA0000782,41,RESTAURANT 0 TO 100 SEATS,FULL MENU LIMITED SERVICE,3
250,FA0000783,14,RESTAURANT 0 TO 100 SEATS,FULL MENU LIMITED SERVICE,5
251,FA0000785,19,RESTAURANT 0 TO 100 SEATS,FAST FOOD LIMITED MENU,5
252,FA0000790,41,RESTAURANT 0 TO 100 SEATS,FULL SERVICE FULL MENU,3
253,FA0000798,54,RESTAURANT 101 TO 200 SEATS,FULL SERVICE FULL MENU,3
254,FA0000800,57,RESTAURANT 101 TO 200 SEATS,FULL SERVICE FULL MENU,3
255,FA0000801,26,RESTAURANT 0 TO 100 SEATS,FAST FOOD LIMITED MENU,4
256,FA0000803,17,RESTAURANT 0 TO 100 SEATS,FAST FOOD LIMITED MENU,5
257,FA0000805,38,RESTAURANT 0 TO 100 SEATS,FULL MENU LIMITED SERVICE,4
258,FA0000808,6,RESTAURANT 0 TO 100 SEATS,FAST FOOD LIMITED MENU,5
259,FA0000818,49,RESTAURANT 0 TO 100 SEATS,FULL SERVICE FULL MENU,3
260,FA0000821,5,LIMITED FOOD SERVICE CONVENIENCE OTHER,FAST FOOD LIMITED MENU,5
261,FA0000826,44,RESTAURANT 0 TO 100 SEATS,FAST FOOD LIMITED MENU,3
262,FA0000829,20,RESTAURANT 0 TO 100 SEATS,FULL SERVICE FULL MENU,5
263,FA0000830,12,RESTAURANT 101 TO 200 SEATS,FULL SERVICE FULL MENU,5
264,FA0000831,42,RESTAURANT 0 TO 100 SEATS,FAST FOOD LIMITED MENU,3
265,FA0000834,49,RESTAURANT 0 TO 100 SEATS,FULL SERVICE FULL MENU,3
266,FA0000838,20,RESTAURANT 101 TO 200 SEATS,FULL SERVICE FULL MENU,5
267,FA0000840,8,RESTAURANT 0 TO 100 SEATS,FAST FOOD LIMITED MENU,5
268,FA0000841,8,RESTAURANT 0 TO 100 SEATS,FAST FOOD LIMITED MENU,5
269,FA0000843,11,RESTAURANT 0 TO 100 SEATS,FAST FOOD LIMITED MENU,5
270,FA0000844,50,RESTAURANT 0 TO 100 SEATS,FULL SERVICE FULL MENU,3
271,FA0000845,5,RESTAURANT 0 TO 100 SEATS,FAST FOOD LIMITED MENU,5
272,FA0000847,3,RESTAURANT 0 TO 100 SEATS,FAST FOOD LIMITED MENU,5
273,FA0000848,48,RESTAURANT 0 TO 100 SEATS,FULL SERVICE FULL MENU,3
274,FA0000851,22,GROCERY STORE W DELI MORE THAN 15000 SQ FT,FAST FOOD LIMITED MENU,4
275,FA0000863,26,RESTAURANT 0 TO 100 SEATS,FULL SERVICE FULL MENU,4
276,FA0000870,37,RESTAURANT 0 TO 100 SEATS,FULL SERVICE FULL MENU,4
277,FA0000872,29,RESTAURANT 0 TO 100 SEATS,FULL SERVICE FULL MENU,4
278,FA0000878,19,RESTAURANT 0 TO 100 SEATS,FAST FOOD LIMITED MENU,5
279,FA0000879,40,RESTAURANT 0 TO 100 SEATS,BARS FRATERNAL ORGANIZATIONS,4
280,FA0000881,20,RESTAURANT 0 TO 100 SEATS,FAST FOOD LIMITED MENU,5
281,FA0000882,20,RESTAURANT 0 TO 100 SEATS,FAST FOOD LIMITED MENU,5
282,FA0000885,61,RESTAURANT 101 TO 200 SEATS,FULL SERVICE FULL MENU,3
283,FA0000886,43,RESTAURANT 101 TO 200 SEATS,FULL SERVICE FULL MENU,3
284,FA0000887,38,RESTAURANT 101 TO 200 SEATS,FULL SERVICE FULL MENU,4
285,FA0000888,8,RESTAURANT 0 TO 100 SEATS,FULL SERVICE FULL MENU,5
286,FA0000897,32,RESTAURANT 0 TO 100 SEATS,FAST FOOD LIMITED MENU,4
287,FA0000898,48,RESTAURANT 0 TO 100 SEATS,FAST FOOD LIMITED MENU,3
288,FA0000907,42,RESTAURANT 0 TO 100 SEATS,FULL SERVICE FULL MENU,3
289,FA0000909,17,RESTAURANT 101 TO 200 SEATS,FULL SERVICE FULL MENU,5
290,FA0000923,15,RESTAURANT 101 TO 200 SEATS,BARS FRATERNAL ORGANIZATIONS,5
291,FA0000925,49,RESTAURANT 0 TO 100 SEATS,FULL MENU LIMITED SERVICE,3
292,FA0000926,65,RESTAURANT 0 TO 100 SEATS,FULL SERVICE FULL MENU,3
293,FA0000931,16,RESTAURANT 0 TO 100 SEATS,FAST FOOD LIMITED MENU,5
294,FA0000941,31,RESTAURANT 0 TO 100 SEATS,FAST FOOD LIMITED MENU,4
295,FA0000942,35,RESTAURANT 0 TO 100 SEATS,FULL SERVICE FULL MENU,4
296,FA0000943,66,RESTAURANT 101 TO 200 SEATS,FULL SERVICE FULL MENU,3
297,FA0000945,58,RESTAURANT 0 TO 100 SEATS,FAST FOOD LIMITED MENU,3
298,FA0000947,37,RESTAURANT 0 TO 100 SEATS,FAST FOOD LIMITED MENU,4
299,FA0000951,17,RESTAURANT MORE THAN 200 SEATS,FULL SERVICE FULL MENU,5
300,FA0000957,62,RESTAURANT 0 TO 100 SEATS,FULL SERVICE FULL MENU,3
301,FA0000959,30,RESTAURANT 0 TO 100 SEATS,FULL MENU LIMITED SERVICE,4
302,FA0000961,50,RESTAURANT 101 TO 200 SEATS,FULL SERVICE FULL MENU,3
303,FA0000962,3,LIMITED FOOD SERVICE CONVENIENCE OTHER,FULL SERVICE FULL MENU,5
304,FA0000963,30,RESTAURANT 0 TO 100 SEATS,FULL SERVICE FULL MENU,4
305,FA0000966,13,RESTAURANT 0 TO 100 SEATS,FAST FOOD LIMITED MENU,5
306,FA0000968,43,RESTAURANT MORE THAN 200 SEATS,FULL MENU LIMITED SERVICE,3
307,FA0000969,24,RESTAURANT 0 TO 100 SEATS,FULL MENU LIMITED SERVICE,4
308,FA0000970,43,RESTAURANT 0 TO 100 SEATS,FULL SERVICE FULL MENU,3
309,FA0000971,13,RESTAURANT 101 TO 200 SEATS,FULL SERVICE FULL MENU,5
310,FA0000972,28,RESTAURANT 0 TO 100 SEATS,FAST FOOD LIMITED MENU,4
311,FA0000973,20,RESTAURANT 0 TO 100 SEATS,FAST FOOD LIMITED MENU,5
312,FA0000974,15,LIMITED FOOD SERVICE CONVENIENCE OTHER,FAST FOOD LIMITED MENU,5
313,FA0000975,43,RESTAURANT 0 TO 100 SEATS,FULL MENU LIMITED SERVICE,3
314,FA0000976,60,RESTAURANT 0 TO 100 SEATS,FULL MENU LIMITED SERVICE,3
315,FA0000990,31,RESTAURANT 0 TO 100 SEATS,FAST FOOD LIMITED MENU,4
316,FA0000995,8,RESTAURANT 0 TO 100 SEATS,FAST FOOD LIMITED MENU,5
317,FA0000996,25,RESTAURANT 0 TO 100 SEATS,FULL MENU LIMITED SERVICE,4
318,FA0000997,48,RESTAURANT 101 TO 200 SEATS,FULL SERVICE FULL MENU,3
319,FA0001000,50,RESTAURANT 0 TO 100 SEATS,FULL SERVICE FULL MENU,3
320,FA0001003,13,RESTAURANT 0 TO 100 SEATS,FAST FOOD LIMITED MENU,5
321,FA0001004,61,RESTAURANT 0 TO 100 SEATS,FULL SERVICE FULL MENU,3
322,FA0001005,38,RESTAURANT 0 TO 100 SEATS,FULL SERVICE FULL MENU,4
323,FA0001007,42,RESTAURANT 0 TO 100 SEATS,FULL SERVICE FULL MENU,3
324,FA0001014,23,RESTAURANT 0 TO 100 SEATS,FAST FOOD LIMITED MENU,4
325,FA0001017,7,LIMITED FOOD SERVICE CONVENIENCE OTHER,FAST FOOD LIMITED MENU,5
326,FA0001020,46,RESTAURANT 101 TO 200 SEATS,FULL SERVICE FULL MENU,3
327,FA0001021,15,RESTAURANT 0 TO 100 SEATS,FULL MENU LIMITED SERVICE,5
328,FA0001022,11,RESTAURANT 0 TO 100 SEATS,FULL MENU LIMITED SERVICE,5
329,FA0001035,21,RESTAURANT 0 TO 100 SEATS,FULL SERVICE FULL MENU,4
330,FA0001036,36,RESTAURANT 101 TO 200 SEATS,FAST FOOD LIMITED MENU,4
331,FA0001046,40,RESTAURANT 0 TO 100 SEATS,FAST FOOD LIMITED MENU,4
332,FA0001054,0,LIMITED FOOD SERVICE CONVENIENCE OTHER,FAST FOOD LIMITED MENU,5
333,FA0001055,3,LIMITED FOOD SERVICE CONVENIENCE OTHER,FAST FOOD LIMITED MENU,5
334,FA0001057,0,RESTAURANT 0 TO 100 SEATS,FULL MENU LIMITED SERVICE,5
335,FA0001060,51,RESTAURANT 0 TO 100 SEATS,FULL SERVICE FULL MENU,3
336,FA0001072,25,LIMITED FOOD SERVICE CONVENIENCE OTHER,BARS FRATERNAL ORGANIZATIONS,4
337,FA0001074,22,RESTAURANT 0 TO 100 SEATS,FULL SERVICE FULL MENU,4
338,FA0001076,21,RESTAURANT 0 TO 100 SEATS,FAST FOOD LIMITED MENU,4
339,FA0001077,67,RESTAURANT 101 TO 200 SEATS,FULL SERVICE FULL MENU,3
340,FA0001084,60,RESTAURANT 101 TO 200 SEATS,FULL SERVICE FULL MENU,3
341,FA0001086,48,RESTAURANT 0 TO 100 SEATS,FULL SERVICE FULL MENU,3
342,FA0001088,55,RESTAURANT 101 TO 200 SEATS,FULL SERVICE FULL MENU,3
343,FA0001090,5,RESTAURANT 0 TO 100 SEATS,FAST FOOD LIMITED MENU,5
344,FA0001091,8,RESTAURANT 0 TO 100 SEATS,FAST FOOD LIMITED MENU,5
345,FA0001094,21,RESTAURANT 101 TO 200 SEATS,FULL SERVICE FULL MENU,4
346,FA0001114,29,RESTAURANT 0 TO 100 SEATS,FULL SERVICE FULL MENU,4
347,FA0001124,41,RESTAURANT 0 TO 100 SEATS,FAST FOOD LIMITED MENU,3
348,FA0001126,31,RESTAURANT 0 TO 100 SEATS,FAST FOOD LIMITED MENU,4
349,FA0001138,43,RESTAURANT 101 TO 200 SEATS,FULL SERVICE FULL MENU,3
350,FA0001149,38,RESTAURANT 0 TO 100 SEATS,FULL SERVICE FULL MENU,4
351,FA0001161,10,RESTAURANT 0 TO 100 SEATS,FAST FOOD LIMITED MENU,5
352,FA0001163,33,RESTAURANT 0 TO 100 SEATS,FAST FOOD LIMITED MENU,4
353,FA0001166,26,RESTAURANT 0 TO 100 SEATS,FAST FOOD LIMITED MENU,4
354,FA0001167,18,RESTAURANT 0 TO 100 SEATS,FAST FOOD LIMITED MENU,5
355,FA0001168,5,RESTAURANT 0 TO 100 SEATS,FAST FOOD LIMITED MENU,5
356,FA0001169,31,RESTAURANT 0 TO 100 SEATS,FAST FOOD LIMITED MENU,4
357,FA0001175,15,LIMITED FOOD SERVICE CONVENIENCE OTHER,FAST FOOD LIMITED MENU,5
358,FA0001182,63,RESTAURANT 0 TO 100 SEATS,FAST FOOD LIMITED MENU,3
359,FA0001183,21,RESTAURANT 0 TO 100 SEATS,FULL SERVICE FULL MENU,4
360,FA0001186,4,RESTAURANT 0 TO 100 SEATS,FAST FOOD LIMITED MENU,5
361,FA0001191,74,RESTAURANT 0 TO 100 SEATS,FULL SERVICE FULL MENU,2
362,FA0001192,51,RESTAURANT 0 TO 100 SEATS,FULL SERVICE FULL MENU,3
363,FA0001195,15,RESTAURANT 0 TO 100 SEATS,FAST FOOD LIMITED MENU,5
364,FA0001198,13,RESTAURANT 0 TO 100 SEATS,FAST FOOD LIMITED MENU,5
365,FA0001200,56,RESTAURANT 101 TO 200 SEATS,BARS FRATERNAL ORGANIZATIONS,3
366,FA0001202,50,RESTAURANT 0 TO 100 SEATS,FULL SERVICE FULL MENU,3
367,FA0001203,10,RESTAURANT 0 TO 100 SEATS,FAST FOOD LIMITED MENU,5
368,FA0001204,39,RESTAURANT 0 TO 100 SEATS,FULL MENU LIMITED SERVICE,4
369,FA0001215,32,RESTAURANT 0 TO 100 SEATS,FULL MENU LIMITED SERVICE,4
370,FA0001220,20,RESTAURANT 0 TO 100 SEATS,FAST FOOD LIMITED MENU,5
371,FA0001225,27,RESTAURANT 0 TO 100 SEATS,FULL SERVICE FULL MENU,4
372,FA0001229,33,RESTAURANT 0 TO 100 SEATS,FAST FOOD LIMITED MENU,4
373,FA0001230,17,RESTAURANT 0 TO 100 SEATS,FAST FOOD LIMITED MENU,5
374,FA0001232,40,RESTAURANT 0 TO 100 SEATS,FAST FOOD LIMITED MENU,4
375,FA0001234,6,RESTAURANT 0 TO 100 SEATS,FAST FOOD LIMITED MENU,5
376,FA0001236,41,RESTAURANT MORE THAN 200 SEATS,FULL SERVICE FULL MENU,3
377,FA0001237,30,RESTAURANT 0 TO 100 SEATS,FAST FOOD LIMITED MENU,4
378,FA0001240,31,RESTAURANT 0 TO 100 SEATS,FAST FOOD LIMITED MENU,4
379,FA0001242,48,RESTAURANT 0 TO 100 SEATS,FULL SERVICE FULL MENU,3
380,FA0001243,20,LIMITED FOOD SERVICE CONVENIENCE OTHER,FAST FOOD LIMITED MENU,5
381,FA0001244,69,RESTAURANT 0 TO 100 SEATS,FULL SERVICE FULL MENU,3
382,FA0001245,11,RESTAURANT 0 TO 100 SEATS,FULL MENU LIMITED SERVICE,5
383,FA0001247,32,RESTAURANT 0 TO 100 SEATS,FAST FOOD LIMITED MENU,4
384,FA0001249,50,RESTAURANT 0 TO 100 SEATS,FAST FOOD LIMITED MENU,3
385,FA0001251,43,RESTAURANT 0 TO 100 SEATS,FULL SERVICE FULL MENU,3
386,FA0001253,64,RESTAURANT 0 TO 100 SEATS,FAST FOOD LIMITED MENU,3
387,FA0001257,16,RESTAURANT 0 TO 100 SEATS,FULL SERVICE FULL MENU,5
388,FA0001260,17,RESTAURANT 101 TO 200 SEATS,FULL MENU LIMITED SERVICE,5
389,FA0001261,0,RESTAURANT 0 TO 100 SEATS,FULL MENU LIMITED SERVICE,5
390,FA0001267,23,RESTAURANT 0 TO 100 SEATS,BARS FRATERNAL ORGANIZATIONS,4
391,FA0001269,17,RESTAURANT 101 TO 200 SEATS,FULL SERVICE FULL MENU,5
392,FA0001270,23,RESTAURANT 101 TO 200 SEATS,FAST FOOD LIMITED MENU,4
393,FA0001272,50,RESTAURANT 0 TO 100 SEATS,FULL MENU LIMITED SERVICE,3
394,FA0001273,21,RESTAURANT 0 TO 100 SEATS,FAST FOOD LIMITED MENU,4
395,FA0001278,3,RESTAURANT 0 TO 100 SEATS,FULL MENU LIMITED SERVICE,5
396,FA0001283,19,RESTAURANT 0 TO 100 SEATS,FAST FOOD LIMITED MENU,5
397,FA0001284,80,RESTAURANT 101 TO 200 SEATS,FAST FOOD LIMITED MENU,2
398,FA0001286,48,RESTAURANT 101 TO 200 SEATS,FULL SERVICE FULL MENU,3
399,FA0001288,62,RESTAURANT 0 TO 100 SEATS,FULL SERVICE FULL MENU,3
400,FA0001290,29,LIMITED FOOD SERVICE CONVENIENCE OTHER,FAST FOOD LIMITED MENU,4
401,FA0001291,30,RESTAURANT 0 TO 100 SEATS,FULL MENU LIMITED SERVICE,4
402,FA0001292,13,RESTAURANT 101 TO 200 SEATS,FAST FOOD LIMITED MENU,5
403,FA0001294,8,RESTAURANT 0 TO 100 SEATS,FAST FOOD LIMITED MENU,5
404,FA0001299,26,RESTAURANT 0 TO 100 SEATS,FAST FOOD LIMITED MENU,4
405,FA0001300,4,RESTAURANT 0 TO 100 SEATS,FAST FOOD LIMITED MENU,5
406,FA0001306,29,RESTAURANT 0 TO 100 SEATS,FULL MENU LIMITED SERVICE,4
407,FA0001308,15,RESTAURANT 0 TO 100 SEATS,FAST FOOD LIMITED MENU,5
408,FA0001309,33,RESTAURANT 101 TO 200 SEATS,FULL SERVICE FULL MENU,4
409,FA0001310,38,RESTAURANT 101 TO 200 SEATS,FULL SERVICE FULL MENU,4
410,FA0001319,3,RESTAURANT 0 TO 100 SEATS,FULL SERVICE FULL MENU,5
411,FA0001321,33,RESTAURANT MORE THAN 200 SEATS,FULL SERVICE FULL MENU,4
412,FA0001322,30,RESTAURANT MORE THAN 200 SEATS,FULL SERVICE FULL MENU,4
413,FA0001327,23,RESTAURANT 0 TO 100 SEATS,FAST FOOD LIMITED MENU,4
414,FA0001330,25,RESTAURANT 0 TO 100 SEATS,FAST FOOD LIMITED MENU,4
415,FA0001333,25,RESTAURANT MORE THAN 200 SEATS,FULL SERVICE FULL MENU,4
416,FA0001335,33,RESTAURANT 0 TO 100 SEATS,FAST FOOD LIMITED MENU,4
417,FA0001336,25,RESTAURANT 0 TO 100 SEATS,FAST FOOD LIMITED MENU,4
418,FA0001338,48,RESTAURANT 0 TO 100 SEATS,FULL SERVICE FULL MENU,3
419,FA0001343,86,RESTAURANT 0 TO 100 SEATS,FULL SERVICE FULL MENU,2
420,FA0001344,61,RESTAURANT 0 TO 100 SEATS,FULL SERVICE FULL MENU,3
421,FA0001347,42,RESTAURANT 0 TO 100 SEATS,FULL SERVICE FULL MENU,3
422,FA0001350,23,RESTAURANT 0 TO 100 SEATS,FULL SERVICE FULL MENU,4
423,FA0001355,56,RESTAURANT 0 TO 100 SEATS,FAST FOOD LIMITED MENU,3
424,FA0001363,35,RESTAURANT 0 TO 100 SEATS,FULL SERVICE FULL MENU,4
425,FA0001367,69,RESTAURANT 101 TO 200 SEATS,FULL SERVICE FULL MENU,3
426,FA0001368,20,RESTAURANT 0 TO 100 SEATS,FAST FOOD LIMITED MENU,5
427,FA0001370,15,RESTAURANT 0 TO 100 SEATS,FAST FOOD LIMITED MENU,5
428,FA0001373,20,RESTAURANT 0 TO 100 SEATS,FAST FOOD LIMITED MENU,5
429,FA0001374,25,RESTAURANT 101 TO 200 SEATS,FULL SERVICE FULL MENU,4
430,FA0001375,35,RESTAURANT 0 TO 100 SEATS,FULL SERVICE FULL MENU,4
431,FA0001380,17,RESTAURANT 0 TO 100 SEATS,FULL MENU LIMITED SERVICE,5
432,FA0001403,30,RESTAURANT MORE THAN 200 SEATS,FULL SERVICE FULL MENU,4
433,FA0001408,53,RESTAURANT 0 TO 100 SEATS,FAST FOOD LIMITED MENU,3
434,FA0001414,35,RESTAURANT 101 TO 200 SEATS,FULL SERVICE FULL MENU,4
435,FA0001429,50,RESTAURANT MORE THAN 200 SEATS,FULL SERVICE FULL MENU,3
436,FA0001444,20,RESTAURANT 101 TO 200 SEATS,FULL SERVICE FULL MENU,5
437,FA0001447,25,RESTAURANT 0 TO 100 SEATS,FAST FOOD LIMITED MENU,4
438,FA0001451,13,RESTAURANT 0 TO 100 SEATS,FAST FOOD LIMITED MENU,5
439,FA0001492,0,RESTAURANT 0 TO 100 SEATS,FAST FOOD LIMITED MENU,5
440,FA0001493,30,RESTAURANT 0 TO 100 SEATS,FULL SERVICE FULL MENU,4
441,FA0001512,38,RESTAURANT 0 TO 100 SEATS,FULL MENU LIMITED SERVICE,4
442,FA0001513,8,LIMITED FOOD SERVICE CONVENIENCE OTHER,FAST FOOD LIMITED MENU,5
443,FA0001514,14,RESTAURANT 101 TO 200 SEATS,FAST FOOD LIMITED MENU,5
444,FA0001515,5,RESTAURANT 0 TO 100 SEATS,FAST FOOD LIMITED MENU,5
445,FA0001524,8,RESTAURANT 0 TO 100 SEATS,FULL MENU LIMITED SERVICE,5
446,FA0001542,21,RESTAURANT 0 TO 100 SEATS,FULL MENU LIMITED SERVICE,4
447,FA0001543,43,RESTAURANT 101 TO 200 SEATS,FULL MENU LIMITED SERVICE,3
448,FA0001549,30,RESTAURANT 0 TO 100 SEATS,FULL MENU LIMITED SERVICE,4
449,FA0001550,62,MOBILE UNIT FULL FOOD SERVICE,MOBILE UNITS,3
450,FA0001554,5,RESTAURANT 0 TO 100 SEATS,FAST FOOD LIMITED MENU,5
451,FA0001585,64,RESTAURANT 0 TO 100 SEATS,FULL SERVICE FULL MENU,3
452,FA0001595,6,RESTAURANT 0 TO 100 SEATS,FULL MENU LIMITED SERVICE,5
453,FA0001614,11,RESTAURANT 101 TO 200 SEATS,FULL SERVICE FULL MENU,5
454,FA0001623,36,RESTAURANT 101 TO 200 SEATS,FULL SERVICE FULL MENU,4
455,FA0001624,25,RESTAURANT 0 TO 100 SEATS,FAST FOOD LIMITED MENU,4
456,FA0001630,38,RESTAURANT 101 TO 200 SEATS,FULL SERVICE FULL MENU,4
457,FA0001631,32,RESTAURANT MORE THAN 200 SEATS,FULL MENU LIMITED SERVICE,4
458,FA0001638,51,RESTAURANT 101 TO 200 SEATS,FULL SERVICE FULL MENU,3
459,FA0001641,7,RESTAURANT 0 TO 100 SEATS,FAST FOOD LIMITED MENU,5
460,FA0001642,7,RESTAURANT 0 TO 100 SEATS,FAST FOOD LIMITED MENU,5
461,FA0001643,22,RESTAURANT 0 TO 100 SEATS,FULL SERVICE FULL MENU,4
462,FA0001645,41,RESTAURANT 0 TO 100 SEATS,FULL MENU LIMITED SERVICE,3
463,FA0001646,29,RESTAURANT 0 TO 100 SEATS,FAST FOOD LIMITED MENU,4
464,FA0001647,27,RESTAURANT 0 TO 100 SEATS,FULL SERVICE FULL MENU,4
465,FA0001660,0,RESTAURANT 0 TO 100 SEATS,FULL SERVICE FULL MENU,5
466,FA0001662,55,RESTAURANT 101 TO 200 SEATS,FULL SERVICE FULL MENU,3
467,FA0001663,55,RESTAURANT 101 TO 200 SEATS,FULL SERVICE FULL MENU,3
468,FA0001732,17,RESTAURANT 0 TO 100 SEATS,FULL SERVICE FULL MENU,5
469,FA0001760,31,LIMITED FOOD SERVICE CONVENIENCE OTHER,FAST FOOD LIMITED MENU,4
470,FA0001776,75,MOBILE UNIT FULL FOOD SERVICE,MOBILE UNITS,2
471,FA0001782,20,RESTAURANT 0 TO 100 SEATS,FULL MENU LIMITED SERVICE,5
472,FA0001786,42,RESTAURANT MORE THAN 200 SEATS,FULL SERVICE FULL MENU,3
473,FA0001800,9,RESTAURANT 0 TO 100 SEATS,FULL MENU LIMITED SERVICE,5
474,FA0002021,7,RESTAURANT 0 TO 100 SEATS,FULL SERVICE FULL MENU,5
475,FA0002027,13,RESTAURANT 0 TO 100 SEATS,FULL SERVICE FULL MENU,5
476,FA0002076,8,RESTAURANT 0 TO 100 SEATS,FULL SERVICE FULL MENU,5
477,FA0002108,36,RESTAURANT 0 TO 100 SEATS,FAST FOOD LIMITED MENU,4
478,FA0002128,34,RESTAURANT 0 TO 100 SEATS,FAST FOOD LIMITED MENU,4
479,FA0002132,40,RESTAURANT 101 TO 200 SEATS,FULL SERVICE FULL MENU,4
480,FA0002133,19,RESTAURANT 0 TO 100 SEATS,FAST FOOD LIMITED MENU,5
481,FA0002143,46,RESTAURANT 0 TO 100 SEATS,FULL SERVICE FULL MENU,3
482,FA0002144,53,RESTAURANT 0 TO 100 SEATS,FULL SERVICE FULL MENU,3
483,FA0002145,31,RESTAURANT 0 TO 100 SEATS,FULL MENU LIMITED SERVICE,4
484,FA0002152,38,RESTAURANT 0 TO 100 SEATS,FAST FOOD LIMITED MENU,4
485,FA0002157,14,RESTAURANT 0 TO 100 SEATS,FAST FOOD LIMITED MENU,5
486,FA0002162,37,RESTAURANT 0 TO 100 SEATS,FAST FOOD LIMITED MENU,4
487,FA0002163,7,RESTAURANT 0 TO 100 SEATS,FAST FOOD LIMITED MENU,5
488,FA0002166,25,RESTAURANT 0 TO 100 SEATS,FAST FOOD LIMITED MENU,4
489,FA0002167,52,RESTAURANT 0 TO 100 SEATS,FULL SERVICE FULL MENU,3
490,FA0002168,16,RESTAURANT MORE THAN 200 SEATS,FULL SERVICE FULL MENU,5
491,FA0002171,48,RESTAURANT 0 TO 100 SEATS,FAST FOOD LIMITED MENU,3
492,FA0002178,42,RESTAURANT 0 TO 100 SEATS,FULL MENU LIMITED SERVICE,3
493,FA0002186,39,RESTAURANT 0 TO 100 SEATS,FAST FOOD LIMITED MENU,4
494,FA0002200,35,RESTAURANT MORE THAN 200 SEATS,FULL SERVICE FULL MENU,4
495,FA0002205,32,RESTAURANT 0 TO 100 SEATS,FULL SERVICE FULL MENU,4
496,FA0002210,21,MOBILE UNIT FULL FOOD SERVICE,MOBILE UNITS,4
497,FA0002230,12,LIMITED FOOD SERVICE CONVENIENCE OTHER,FAST FOOD LIMITED MENU,5
498,FA0002245,1,RESTAURANT 0 TO 100 SEATS,FULL MENU LIMITED SERVICE,5
499,FA0002274,37,RESTAURANT MORE THAN 200 SEATS,FULL SERVICE FULL MENU,4
500,FA0002284,6,RESTAURANT 0 TO 100 SEATS,FULL MENU LIMITED SERVICE,5
501,FA0002287,40,LIMITED FOOD SERVICE CONVENIENCE OTHER,FAST FOOD LIMITED MENU,4
502,FA0002294,44,RESTAURANT 0 TO 100 SEATS,FULL SERVICE FULL MENU,3
503,FA0002297,30,RESTAURANT 0 TO 100 SEATS,FAST FOOD LIMITED MENU,4
504,FA0002301,40,RESTAURANT 0 TO 100 SEATS,FULL SERVICE FULL MENU,4
505,FA0002303,1,RESTAURANT 0 TO 100 SEATS,FULL SERVICE FULL MENU,5
506,FA0002311,28,RESTAURANT 0 TO 100 SEATS,FAST FOOD LIMITED MENU,4
507,FA0002315,40,RESTAURANT 0 TO 100 SEATS,FULL SERVICE FULL MENU,4
508,FA0002330,26,RESTAURANT 101 TO 200 SEATS,FAST FOOD LIMITED MENU,4
509,FA0002331,28,RESTAURANT 0 TO 100 SEATS,FULL MENU LIMITED SERVICE,4
510,FA0002332,23,RESTAURANT MORE THAN 200 SEATS,FULL MENU LIMITED SERVICE,4
511,FA0002339,78,RESTAURANT MORE THAN 200 SEATS,FULL SERVICE FULL MENU,2
512,FA0002343,61,RESTAURANT 0 TO 100 SEATS,FULL SERVICE FULL MENU,3
513,FA0002345,11,RESTAURANT 101 TO 200 SEATS,FULL MENU LIMITED SERVICE,5
514,FA0002356,30,RESTAURANT 0 TO 100 SEATS,FAST FOOD LIMITED MENU,4
515,FA0002357,8,RESTAURANT 0 TO 100 SEATS,FULL MENU LIMITED SERVICE,5
516,FA0002371,28,RESTAURANT 0 TO 100 SEATS,FAST FOOD LIMITED MENU,4
517,FA0002372,11,RESTAURANT 0 TO 100 SEATS,FAST FOOD LIMITED MENU,5
518,FA0002382,70,RESTAURANT 0 TO 100 SEATS,FULL SERVICE FULL MENU,3
519,FA0002383,47,RESTAURANT 0 TO 100 SEATS,FAST FOOD LIMITED MENU,3
520,FA0002385,14,RESTAURANT 0 TO 100 SEATS,FULL SERVICE FULL MENU,5
521,FA0002393,3,RESTAURANT 0 TO 100 SEATS,FAST FOOD LIMITED MENU,5
522,FA0002416,44,RESTAURANT 0 TO 100 SEATS,FULL SERVICE FULL MENU,3
523,FA0002419,29,RESTAURANT 0 TO 100 SEATS,FAST FOOD LIMITED MENU,4
524,FA0002434,23,RESTAURANT 101 TO 200 SEATS,FULL SERVICE FULL MENU,4
525,FA0002435,3,RESTAURANT 101 TO 200 SEATS,FAST FOOD LIMITED MENU,5
526,FA0002436,10,RESTAURANT 0 TO 100 SEATS,FAST FOOD LIMITED MENU,5
527,FA0002441,45,RESTAURANT 0 TO 100 SEATS,FAST FOOD LIMITED MENU,3
528,FA0002442,26,RESTAURANT 0 TO 100 SEATS,FULL SERVICE FULL MENU,4
529,FA0002449,12,RESTAURANT 0 TO 100 SEATS,FAST FOOD LIMITED MENU,5
530,FA0002471,17,RESTAURANT 0 TO 100 SEATS,FAST FOOD LIMITED MENU,5
531,FA0002478,25,RESTAURANT 0 TO 100 SEATS,FULL MENU LIMITED SERVICE,4
532,FA0002481,28,RESTAURANT 0 TO 100 SEATS,FAST FOOD LIMITED MENU,4
533,FA0002484,30,RESTAURANT 0 TO 100 SEATS,FAST FOOD LIMITED MENU,4
534,FA0002488,68,RESTAURANT 0 TO 100 SEATS,FULL MENU LIMITED SERVICE,3
535,FA0002492,35,RESTAURANT 0 TO 100 SEATS,FULL MENU LIMITED SERVICE,4
536,FA0002497,6,RESTAURANT 0 TO 100 SEATS,FAST FOOD LIMITED MENU,5
537,FA0002505,17,RESTAURANT 0 TO 100 SEATS,FAST FOOD LIMITED MENU,5
538,FA0002506,34,RESTAURANT 0 TO 100 SEATS,FULL SERVICE FULL MENU,4
539,FA0002513,2,RESTAURANT 0 TO 100 SEATS,FAST FOOD LIMITED MENU,5
540,FA0002526,32,RESTAURANT 0 TO 100 SEATS,FAST FOOD LIMITED MENU,4
541,FA0002527,12,RESTAURANT 0 TO 100 SEATS,FULL MENU LIMITED SERVICE,5
542,FA0002561,23,RESTAURANT 0 TO 100 SEATS,FULL SERVICE FULL MENU,4
543,FA0002562,12,RESTAURANT 101 TO 200 SEATS,FULL SERVICE FULL MENU,5
544,FA0002578,5,RESTAURANT 101 TO 200 SEATS,FAST FOOD LIMITED MENU,5
545,FA0002591,13,RESTAURANT 0 TO 100 SEATS,FAST FOOD LIMITED MENU,5
546,FA0002592,27,RESTAURANT 0 TO 100 SEATS,FAST FOOD LIMITED MENU,4
547,FA0002609,38,RESTAURANT 0 TO 100 SEATS,FULL MENU LIMITED SERVICE,4
548,FA0002612,3,RESTAURANT MORE THAN 200 SEATS,FULL SERVICE FULL MENU,5
549,FA0002629,47,RESTAURANT 0 TO 100 SEATS,FAST FOOD LIMITED MENU,3
550,FA0002630,21,RESTAURANT MORE THAN 200 SEATS,FULL SERVICE FULL MENU,4
551,FA0002631,15,RESTAURANT 0 TO 100 SEATS,FULL SERVICE FULL MENU,5
552,FA0002645,51,RESTAURANT 0 TO 100 SEATS,FULL MENU LIMITED SERVICE,3
553,FA0002651,48,RESTAURANT 0 TO 100 SEATS,FULL MENU LIMITED SERVICE,3
554,FA0002653,1,RESTAURANT 101 TO 200 SEATS,FAST FOOD LIMITED MENU,5
555,FA0002654,1,RESTAURANT 0 TO 100 SEATS,FAST FOOD LIMITED MENU,5
556,FA0002656,18,RESTAURANT 0 TO 100 SEATS,FAST FOOD LIMITED MENU,5
557,FA0002657,18,RESTAURANT 0 TO 100 SEATS,FAST FOOD LIMITED MENU,5
558,FA0002658,33,RESTAURANT 0 TO 100 SEATS,FULL MENU LIMITED SERVICE,4
559,FA0002661,8,LIMITED FOOD SERVICE CONVENIENCE OTHER,FAST FOOD LIMITED MENU,5
560,FA0002665,88,RESTAURANT 0 TO 100 SEATS,FULL SERVICE FULL MENU,2
561,FA0002668,11,RESTAURANT 0 TO 100 SEATS,FAST FOOD LIMITED MENU,5
562,FA0002670,13,RESTAURANT 0 TO 100 SEATS,FAST FOOD LIMITED MENU,5
563,FA0002675,15,LIMITED FOOD SERVICE CONVENIENCE OTHER,FAST FOOD LIMITED MENU,5
564,FA0002676,20,RESTAURANT 0 TO 100 SEATS,FAST FOOD LIMITED MENU,5
565,FA0002677,30,RESTAURANT 0 TO 100 SEATS,FULL SERVICE FULL MENU,4
566,FA0002680,7,RESTAURANT 0 TO 100 SEATS,FAST FOOD LIMITED MENU,5
567,FA0002685,4,LIMITED FOOD SERVICE CONVENIENCE OTHER,FAST FOOD LIMITED MENU,5
568,FA0002689,15,RESTAURANT 0 TO 100 SEATS,FAST FOOD LIMITED MENU,5
569,FA0002694,8,RESTAURANT 0 TO 100 SEATS,FULL SERVICE FULL MENU,5
570,FA0002697,3,RESTAURANT 0 TO 100 SEATS,FAST FOOD LIMITED MENU,5
571,FA0002699,57,RESTAURANT 0 TO 100 SEATS,FULL SERVICE FULL MENU,3
572,FA0002701,30,RESTAURANT 101 TO 200 SEATS,FULL SERVICE FULL MENU,4
573,FA0002703,43,RESTAURANT 0 TO 100 SEATS,FULL MENU LIMITED SERVICE,3
574,FA0002704,61,RESTAURANT 0 TO 100 SEATS,FAST FOOD LIMITED MENU,3
575,FA0002718,12,RESTAURANT 0 TO 100 SEATS,FAST FOOD LIMITED MENU,5
576,FA0002719,1,LIMITED FOOD SERVICE CONVENIENCE OTHER,FAST FOOD LIMITED MENU,5
577,FA0002745,40,RESTAURANT 0 TO 100 SEATS,FULL MENU LIMITED SERVICE,4
578,FA0002750,58,RESTAURANT 0 TO 100 SEATS,FULL SERVICE FULL MENU,3
579,FA0002757,38,RESTAURANT 101 TO 200 SEATS,FULL SERVICE FULL MENU,4
580,FA0002758,35,RESTAURANT 0 TO 100 SEATS,FULL SERVICE FULL MENU,4
581,FA0002759,20,RESTAURANT 0 TO 100 SEATS,FAST FOOD LIMITED MENU,5
582,FA0002790,33,RESTAURANT 0 TO 100 SEATS,FAST FOOD LIMITED MENU,4
583,FA0002792,13,RESTAURANT 0 TO 100 SEATS,FULL MENU LIMITED SERVICE,5
584,FA0002811,13,RESTAURANT 0 TO 100 SEATS,FULL SERVICE FULL MENU,5
585,FA0002815,76,RESTAURANT 101 TO 200 SEATS,FULL SERVICE FULL MENU,2
586,FA0002823,35,RESTAURANT 0 TO 100 SEATS,FULL SERVICE FULL MENU,4
587,FA0002826,32,RESTAURANT 0 TO 100 SEATS,FAST FOOD LIMITED MENU,4
588,FA0002828,4,RESTAURANT 0 TO 100 SEATS,FAST FOOD LIMITED MENU,5
589,FA0002830,13,RESTAURANT 0 TO 100 SEATS,FULL MENU LIMITED SERVICE,5
590,FA0002839,42,LIMITED FOOD SERVICE CONVENIENCE OTHER,FAST FOOD LIMITED MENU,3
591,FA0002840,12,LIMITED FOOD SERVICE CONVENIENCE OTHER,FAST FOOD LIMITED MENU,5
592,FA0002856,19,RESTAURANT 0 TO 100 SEATS,FULL MENU LIMITED SERVICE,5
593,FA0002857,8,RESTAURANT 0 TO 100 SEATS,FAST FOOD LIMITED MENU,5
594,FA0002863,3,RESTAURANT 0 TO 100 SEATS,FULL MENU LIMITED SERVICE,5
595,FA0002867,11,RESTAURANT 0 TO 100 SEATS,FULL MENU LIMITED SERVICE,5
596,FA0002868,37,RESTAURANT 0 TO 100 SEATS,FULL MENU LIMITED SERVICE,4
597,FA0002869,0,RESTAURANT 0 TO 100 SEATS,FULL MENU LIMITED SERVICE,5
598,FA0002873,17,RESTAURANT 0 TO 100 SEATS,FULL MENU LIMITED SERVICE,5
599,FA0002874,34,RESTAURANT 0 TO 100 SEATS,FULL MENU LIMITED SERVICE,4
600,FA0002882,16,RESTAURANT 0 TO 100 SEATS,FAST FOOD LIMITED MENU,5
601,FA0002891,7,LIMITED FOOD SERVICE CONVENIENCE OTHER,FAST FOOD LIMITED MENU,5
602,FA0002925,10,LIMITED FOOD SERVICE CONVENIENCE OTHER,FAST FOOD LIMITED MENU,5
603,FA0002939,23,LIMITED FOOD SERVICE CONVENIENCE OTHER,FULL SERVICE FULL MENU,4
604,FA0002948,21,RESTAURANT 101 TO 200 SEATS,FAST FOOD LIMITED MENU,4
605,FA0002966,20,LIMITED FOOD SERVICE CONVENIENCE OTHER,FAST FOOD LIMITED MENU,5
606,FA0002979,15,MOBILE UNIT FULL FOOD SERVICE,MOBILE UNITS,5
607,FA0002983,30,RESTAURANT 0 TO 100 SEATS,FULL SERVICE FULL MENU,4
608,FA0002991,30,RESTAURANT 0 TO 100 SEATS,FAST FOOD LIMITED MENU,4
609,FA0003002,22,RESTAURANT 0 TO 100 SEATS,FULL MENU LIMITED SERVICE,4
610,FA0003034,13,MOBILE UNIT FULL FOOD SERVICE,MOBILE UNITS,5
611,FA0003050,42,RESTAURANT 0 TO 100 SEATS,FULL MENU LIMITED SERVICE,3
612,FA0003243,43,RESTAURANT 0 TO 100 SEATS,FULL MENU LIMITED SERVICE,3
613,FA0003244,13,RESTAURANT 0 TO 100 SEATS,FAST FOOD LIMITED MENU,5
614,FA0003255,30,RESTAURANT 0 TO 100 SEATS,FAST FOOD LIMITED MENU,4
615,FA0003257,20,RESTAURANT 0 TO 100 SEATS,FAST FOOD LIMITED MENU,5
616,FA0003258,53,RESTAURANT 0 TO 100 SEATS,FULL MENU LIMITED SERVICE,3
617,FA0003265,8,RESTAURANT 0 TO 100 SEATS,FAST FOOD LIMITED MENU,5
618,FA0003267,13,RESTAURANT 0 TO 100 SEATS,FAST FOOD LIMITED MENU,5
619,FA0003269,21,RESTAURANT 0 TO 100 SEATS,FULL SERVICE FULL MENU,4
620,FA0003305,28,RESTAURANT 101 TO 200 SEATS,FAST FOOD LIMITED MENU,4
621,FA0003307,9,RESTAURANT 101 TO 200 SEATS,FAST FOOD LIMITED MENU,5
622,FA0003314,10,RESTAURANT 0 TO 100 SEATS,FAST FOOD LIMITED MENU,5
623,FA0003315,24,GROCERY STORE W DELI 0 TO 15000 SQ FT,FULL MENU LIMITED SERVICE,4
624,FA0003317,13,RESTAURANT 0 TO 100 SEATS,FULL MENU LIMITED SERVICE,5
625,FA0003318,53,RESTAURANT 0 TO 100 SEATS,FAST FOOD LIMITED MENU,3
626,FA0003319,30,RESTAURANT 0 TO 100 SEATS,FAST FOOD LIMITED MENU,4
627,FA0003323,14,RESTAURANT 0 TO 100 SEATS,FULL MENU LIMITED SERVICE,5
628,FA0003337,17,RESTAURANT 0 TO 100 SEATS,FAST FOOD LIMITED MENU,5
629,FA0003350,3,MOBILE UNIT FULL FOOD SERVICE,MOBILE UNITS,5
630,FA0003365,38,RESTAURANT 0 TO 100 SEATS,FAST FOOD LIMITED MENU,4
631,FA0003408,62,RESTAURANT 101 TO 200 SEATS,FULL SERVICE FULL MENU,3
632,FA0003410,33,RESTAURANT 101 TO 200 SEATS,FULL SERVICE FULL MENU,4
633,FA0003463,0,RESTAURANT 0 TO 100 SEATS,FULL MENU LIMITED SERVICE,5
634,FA0003464,67,RESTAURANT 0 TO 100 SEATS,FULL MENU LIMITED SERVICE,3
635,FA0003466,2,RESTAURANT 0 TO 100 SEATS,FAST FOOD LIMITED MENU,5
636,FA0003470,30,RESTAURANT 0 TO 100 SEATS,FULL SERVICE FULL MENU,4
637,FA0003471,18,RESTAURANT 0 TO 100 SEATS,FULL MENU LIMITED SERVICE,5
638,FA0003472,15,LIMITED FOOD SERVICE CONVENIENCE OTHER,FAST FOOD LIMITED MENU,5
639,FA0003473,24,RESTAURANT 0 TO 100 SEATS,FAST FOOD LIMITED MENU,4
640,FA0003485,24,RESTAURANT 0 TO 100 SEATS,FAST FOOD LIMITED MENU,4
641,FA0003487,19,RESTAURANT 0 TO 100 SEATS,FAST FOOD LIMITED MENU,5
642,FA0003491,10,RESTAURANT 0 TO 100 SEATS,FAST FOOD LIMITED MENU,5
643,FA0003499,40,RESTAURANT 0 TO 100 SEATS,FULL SERVICE FULL MENU,4
644,FA0003510,40,RESTAURANT 0 TO 100 SEATS,FULL SERVICE FULL MENU,4
645,FA0003512,14,RESTAURANT 0 TO 100 SEATS,FAST FOOD LIMITED MENU,5
646,FA0003521,25,RESTAURANT 0 TO 100 SEATS,FULL MENU LIMITED SERVICE,4
647,FA0003522,15,RESTAURANT 0 TO 100 SEATS,FAST FOOD LIMITED MENU,5
648,FA0003529,39,RESTAURANT 0 TO 100 SEATS,FAST FOOD LIMITED MENU,4
649,FA0003535,36,RESTAURANT 0 TO 100 SEATS,FULL SERVICE FULL MENU,4
650,FA0003536,10,RESTAURANT 0 TO 100 SEATS,FAST FOOD LIMITED MENU,5
651,FA0003540,17,MOBILE UNIT FULL FOOD SERVICE,MOBILE UNITS,5
652,FA0003541,48,RESTAURANT 0 TO 100 SEATS,FULL MENU LIMITED SERVICE,3
653,FA0003542,51,RESTAURANT 0 TO 100 SEATS,FULL MENU LIMITED SERVICE,3
654,FA0003543,1,RESTAURANT 0 TO 100 SEATS,FAST FOOD LIMITED MENU,5
655,FA0003545,21,RESTAURANT 0 TO 100 SEATS,FAST FOOD LIMITED MENU,4
656,FA0003551,20,RESTAURANT 0 TO 100 SEATS,FULL MENU LIMITED SERVICE,5
657,FA0003562,22,RESTAURANT 0 TO 100 SEATS,FULL MENU LIMITED SERVICE,4
658,FA0003565,43,RESTAURANT 0 TO 100 SEATS,FULL MENU LIMITED SERVICE,3
659,FA0003566,15,RESTAURANT 0 TO 100 SEATS,FAST FOOD LIMITED MENU,5
660,FA0003583,43,RESTAURANT 0 TO 100 SEATS,FAST FOOD LIMITED MENU,3
661,FA0003584,2,RESTAURANT 0 TO 100 SEATS,FAST FOOD LIMITED MENU,5
662,FA0003585,34,RESTAURANT 0 TO 100 SEATS,FULL SERVICE FULL MENU,4
663,FA0003592,44,RESTAURANT 0 TO 100 SEATS,FULL SERVICE FULL MENU,3
664,FA0003599,7,RESTAURANT 0 TO 100 SEATS,FAST FOOD LIMITED MENU,5
665,FA0003604,18,RESTAURANT 101 TO 200 SEATS,FULL SERVICE FULL MENU,5
666,FA0003605,43,RESTAURANT 0 TO 100 SEATS,FULL SERVICE FULL MENU,3
667,FA0003606,31,RESTAURANT 101 TO 200 SEATS,FULL SERVICE FULL MENU,4
668,FA0003614,12,RESTAURANT 0 TO 100 SEATS,FAST FOOD LIMITED MENU,5
669,FA0003621,16,RESTAURANT 0 TO 100 SEATS,FULL MENU LIMITED SERVICE,5
670,FA0003637,10,RESTAURANT 0 TO 100 SEATS,FULL MENU LIMITED SERVICE,5
671,FA0003680,36,RESTAURANT 0 TO 100 SEATS,FULL MENU LIMITED SERVICE,4
672,FA0003703,25,RESTAURANT 0 TO 100 SEATS,FAST FOOD LIMITED MENU,4
673,FA0003704,13,RESTAURANT 0 TO 100 SEATS,FAST FOOD LIMITED MENU,5
674,FA0003711,15,GROCERY STORE 0 TO 15000 SQ FT,FAST FOOD LIMITED MENU,5
675,FA0003722,6,LIMITED FOOD SERVICE CONVENIENCE OTHER,FAST FOOD LIMITED MENU,5
676,FA0003737,40,RESTAURANT 0 TO 100 SEATS,FULL SERVICE FULL MENU,4
677,FA0003739,18,RESTAURANT 0 TO 100 SEATS,FULL MENU LIMITED SERVICE,5
678,FA0003742,4,LIMITED FOOD SERVICE CONVENIENCE OTHER,FAST FOOD LIMITED MENU,5
679,FA0003769,12,RESTAURANT MORE THAN 200 SEATS,FULL SERVICE FULL MENU,5
680,FA0003781,8,RESTAURANT 0 TO 100 SEATS,FULL MENU LIMITED SERVICE,5
681,FA0003783,0,RESTAURANT 0 TO 100 SEATS,FULL MENU LIMITED SERVICE,5
682,FA0003784,8,RESTAURANT 101 TO 200 SEATS,FULL SERVICE FULL MENU,5
683,FA0003785,34,RESTAURANT 0 TO 100 SEATS,FULL MENU LIMITED SERVICE,4
684,FA0003787,15,RESTAURANT 0 TO 100 SEATS,FAST FOOD LIMITED MENU,5
685,FA0003792,13,RESTAURANT 0 TO 100 SEATS,FAST FOOD LIMITED MENU,5
686,FA0003799,32,RESTAURANT 0 TO 100 SEATS,FAST FOOD LIMITED MENU,4
687,FA0003801,11,RESTAURANT 0 TO 100 SEATS,FAST FOOD LIMITED MENU,5
688,FA0003806,2,RESTAURANT 0 TO 100 SEATS,FAST FOOD LIMITED MENU,5
689,FA0003807,10,RESTAURANT 0 TO 100 SEATS,BARS FRATERNAL ORGANIZATIONS,5
690,FA0003813,10,RESTAURANT 0 TO 100 SEATS,FULL MENU LIMITED SERVICE,5
691,FA0003814,23,RESTAURANT 0 TO 100 SEATS,FAST FOOD LIMITED MENU,4
692,FA0003821,29,RESTAURANT 0 TO 100 SEATS,FAST FOOD LIMITED MENU,4
693,FA0003825,20,RESTAURANT 0 TO 100 SEATS,FAST FOOD LIMITED MENU,5
694,FA0003827,26,RESTAURANT 0 TO 100 SEATS,FAST FOOD LIMITED MENU,4
695,FA0003837,16,RESTAURANT 0 TO 100 SEATS,FULL SERVICE FULL MENU,5
696,FA0003850,23,RESTAURANT 0 TO 100 SEATS,FAST FOOD LIMITED MENU,4
697,FA0003851,12,MOBILE UNIT FULL FOOD SERVICE,MOBILE UNITS,5
698,FA0003857,38,MOBILE UNIT FULL FOOD SERVICE,MOBILE UNITS,4
699,FA0003872,13,RESTAURANT 0 TO 100 SEATS,FAST FOOD LIMITED MENU,5
700,FA0003878,26,RESTAURANT 101 TO 200 SEATS,FULL SERVICE FULL MENU,4
701,FA0003879,20,RESTAURANT 0 TO 100 SEATS,FAST FOOD LIMITED MENU,5
702,FA0003890,59,RESTAURANT 0 TO 100 SEATS,FULL SERVICE FULL MENU,3
703,FA0003891,17,MOBILE UNIT FULL FOOD SERVICE,MOBILE UNITS,5
704,FA0003913,11,RESTAURANT 0 TO 100 SEATS,FAST FOOD LIMITED MENU,5
705,FA0004494,30,RESTAURANT 0 TO 100 SEATS,FULL MENU LIMITED SERVICE,4
706,FA0004497,44,RESTAURANT 101 TO 200 SEATS,FULL MENU LIMITED SERVICE,3
707,FA0004498,26,RESTAURANT 0 TO 100 SEATS,FULL SERVICE FULL MENU,4
708,FA0004500,18,RESTAURANT 101 TO 200 SEATS,FULL MENU LIMITED SERVICE,5
709,FA0004505,25,RESTAURANT 0 TO 100 SEATS,FULL MENU LIMITED SERVICE,4
710,FA0004507,59,RESTAURANT 101 TO 200 SEATS,FULL SERVICE FULL MENU,3
711,FA0004511,13,RESTAURANT 0 TO 100 SEATS,FAST FOOD LIMITED MENU,5
712,FA0004515,5,RESTAURANT 0 TO 100 SEATS,FAST FOOD LIMITED MENU,5
713,FA0004518,18,RESTAURANT 0 TO 100 SEATS,FAST FOOD LIMITED MENU,5
714,FA0004519,10,RESTAURANT 0 TO 100 SEATS,FAST FOOD LIMITED MENU,5
715,FA0004521,30,RESTAURANT 0 TO 100 SEATS,FULL MENU LIMITED SERVICE,4
716,FA0004526,22,RESTAURANT 0 TO 100 SEATS,FULL MENU LIMITED SERVICE,4
717,FA0004539,21,RESTAURANT 0 TO 100 SEATS,FAST FOOD LIMITED MENU,4
718,FA0004595,7,RESTAURANT 0 TO 100 SEATS,FAST FOOD LIMITED MENU,5
719,FA0004603,18,RESTAURANT 0 TO 100 SEATS,FULL MENU LIMITED SERVICE,5
720,FA0004604,17,RESTAURANT 0 TO 100 SEATS,FAST FOOD LIMITED MENU,5
721,FA0004625,37,RESTAURANT 0 TO 100 SEATS,FULL MENU LIMITED SERVICE,4
722,FA0004626,0,MOBILE UNIT FULL FOOD SERVICE,MOBILE UNITS,5
723,FA0004635,23,RESTAURANT 0 TO 100 SEATS,FAST FOOD LIMITED MENU,4
724,FA0004638,40,RESTAURANT 101 TO 200 SEATS,FULL SERVICE FULL MENU,4
725,FA0004641,4,RESTAURANT 0 TO 100 SEATS,FAST FOOD LIMITED MENU,5
726,FA0004647,15,RESTAURANT 0 TO 100 SEATS,FULL MENU LIMITED SERVICE,5
727,FA0004648,1,RESTAURANT 0 TO 100 SEATS,FAST FOOD LIMITED MENU,5
728,FA0004651,3,LIMITED FOOD SERVICE CONVENIENCE OTHER,BARS FRATERNAL ORGANIZATIONS,5
729,FA0004652,7,RESTAURANT 0 TO 100 SEATS,FAST FOOD LIMITED MENU,5
730,FA0004653,12,RESTAURANT 0 TO 100 SEATS,FAST FOOD LIMITED MENU,5
731,FA0004654,10,RESTAURANT 0 TO 100 SEATS,FAST FOOD LIMITED MENU,5
732,FA0004659,3,RESTAURANT 0 TO 100 SEATS,FAST FOOD LIMITED MENU,5
733,FA0004661,20,RESTAURANT 0 TO 100 SEATS,FAST FOOD LIMITED MENU,5
734,FA0004663,4,LIMITED FOOD SERVICE CONVENIENCE OTHER,FAST FOOD LIMITED MENU,5
735,FA0004668,35,RESTAURANT 0 TO 100 SEATS,FAST FOOD LIMITED MENU,4
736,FA0004669,31,RESTAURANT 0 TO 100 SEATS,FULL MENU LIMITED SERVICE,4
737,FA0004673,54,RESTAURANT MORE THAN 200 SEATS,FULL MENU LIMITED SERVICE,3
738,FA0004683,22,RESTAURANT 0 TO 100 SEATS,FULL MENU LIMITED SERVICE,4
739,FA0004691,6,RESTAURANT 0 TO 100 SEATS,FULL MENU LIMITED SERVICE,5
740,FA0004696,14,RESTAURANT 0 TO 100 SEATS,FAST FOOD LIMITED MENU,5
741,FA0004706,13,RESTAURANT 0 TO 100 SEATS,FAST FOOD LIMITED MENU,5
742,FA0004707,11,RESTAURANT 0 TO 100 SEATS,FAST FOOD LIMITED MENU,5
743,FA0004735,26,RESTAURANT 0 TO 100 SEATS,FAST FOOD LIMITED MENU,4
744,FA0004736,38,RESTAURANT 101 TO 200 SEATS,FULL SERVICE FULL MENU,4
745,FA0004750,9,RESTAURANT 0 TO 100 SEATS,FULL MENU LIMITED SERVICE,5
746,FA0004757,37,RESTAURANT 0 TO 100 SEATS,FULL MENU LIMITED SERVICE,4
747,FA0004761,18,RESTAURANT 0 TO 100 SEATS,FULL SERVICE FULL MENU,5
748,FA0004764,27,RESTAURANT 0 TO 100 SEATS,FULL SERVICE FULL MENU,4
749,FA0004766,32,RESTAURANT 0 TO 100 SEATS,FULL MENU LIMITED SERVICE,4
750,FA0004769,28,RESTAURANT 0 TO 100 SEATS,FAST FOOD LIMITED MENU,4
751,FA0004784,19,RESTAURANT 0 TO 100 SEATS,FAST FOOD LIMITED MENU,5
752,FA0004787,22,RESTAURANT 0 TO 100 SEATS,FULL MENU LIMITED SERVICE,4
753,FA0004789,4,RESTAURANT 0 TO 100 SEATS,FAST FOOD LIMITED MENU,5
754,FA0004790,0,RESTAURANT 0 TO 100 SEATS,FAST FOOD LIMITED MENU,5
755,FA0004792,15,RESTAURANT 0 TO 100 SEATS,FULL SERVICE FULL MENU,5
756,FA0004816,29,RESTAURANT 0 TO 100 SEATS,FULL SERVICE FULL MENU,4
757,FA0004821,27,RESTAURANT 0 TO 100 SEATS,FAST FOOD LIMITED MENU,4
758,FA0004834,30,MOBILE UNIT FULL FOOD SERVICE,MOBILE UNITS,4
759,FA0004835,10,MOBILE UNIT FULL FOOD SERVICE,MOBILE UNITS,5
760,FA0004836,2,RESTAURANT 0 TO 100 SEATS,FAST FOOD LIMITED MENU,5
761,FA0004837,52,RESTAURANT MORE THAN 200 SEATS,FULL SERVICE FULL MENU,3
762,FA0004839,11,RESTAURANT MORE THAN 200 SEATS,FAST FOOD LIMITED MENU,5
763,FA0004841,18,MOBILE UNIT FULL FOOD SERVICE,MOBILE UNITS,5
764,FA0004843,14,RESTAURANT 0 TO 100 SEATS,FAST FOOD LIMITED MENU,5
765,FA0004844,16,RESTAURANT 0 TO 100 SEATS,FAST FOOD LIMITED MENU,5
766,FA0004846,39,RESTAURANT 0 TO 100 SEATS,FAST FOOD LIMITED MENU,4
767,FA0004847,30,RESTAURANT 0 TO 100 SEATS,FULL MENU LIMITED SERVICE,4
768,FA0004848,40,RESTAURANT 101 TO 200 SEATS,FULL SERVICE FULL MENU,4
769,FA0004851,11,RESTAURANT 0 TO 100 SEATS,FULL MENU LIMITED SERVICE,5
770,FA0004853,62,MOBILE UNIT FULL FOOD SERVICE,MOBILE UNITS,3
771,FA0004858,55,RESTAURANT 101 TO 200 SEATS,FULL SERVICE FULL MENU,3
772,FA0004860,44,RESTAURANT 0 TO 100 SEATS,FAST FOOD LIMITED MENU,3
773,FA0004866,42,RESTAURANT 0 TO 100 SEATS,FAST FOOD LIMITED MENU,3
774,FA0004872,8,RESTAURANT 0 TO 100 SEATS,FAST FOOD LIMITED MENU,5
775,FA0004879,37,RESTAURANT 101 TO 200 SEATS,FULL SERVICE FULL MENU,4
776,FA0004880,10,RESTAURANT 0 TO 100 SEATS,FULL MENU LIMITED SERVICE,5
777,FA0004883,41,RESTAURANT 101 TO 200 SEATS,FULL SERVICE FULL MENU,3
778,FA0004884,15,RESTAURANT 0 TO 100 SEATS,FAST FOOD LIMITED MENU,5
779,FA0004885,20,RESTAURANT 0 TO 100 SEATS,FULL SERVICE FULL MENU,5
780,FA0004906,3,RESTAURANT 0 TO 100 SEATS,FULL MENU LIMITED SERVICE,5
781,FA0004907,15,RESTAURANT 0 TO 100 SEATS,FULL MENU LIMITED SERVICE,5
782,FA0004908,3,RESTAURANT 0 TO 100 SEATS,FULL MENU LIMITED SERVICE,5
783,FA0004910,18,RESTAURANT 0 TO 100 SEATS,FULL MENU LIMITED SERVICE,5
784,FA0004929,0,RESTAURANT 0 TO 100 SEATS,FULL MENU LIMITED SERVICE,5
785,FA0004936,15,RESTAURANT 0 TO 100 SEATS,FULL MENU LIMITED SERVICE,5
786,FA0004941,36,RESTAURANT 0 TO 100 SEATS,FULL MENU LIMITED SERVICE,4
787,FA0004949,55,MOBILE UNIT FULL FOOD SERVICE,MOBILE UNITS,3
788,FA0004951,11,RESTAURANT 0 TO 100 SEATS,FULL MENU LIMITED SERVICE,5
789,FA0004954,4,RESTAURANT 0 TO 100 SEATS,BARS FRATERNAL ORGANIZATIONS,5
790,FA0004960,14,RESTAURANT 0 TO 100 SEATS,FULL MENU LIMITED SERVICE,5
791,FA0004964,37,RESTAURANT MORE THAN 200 SEATS,FULL SERVICE FULL MENU,4
792,FA0004967,42,MOBILE UNIT FULL FOOD SERVICE,MOBILE UNITS,3
793,FA0004969,11,LIMITED FOOD SERVICE CONVENIENCE OTHER,FAST FOOD LIMITED MENU,5
794,FA0004975,28,RESTAURANT 0 TO 100 SEATS,FAST FOOD LIMITED MENU,4
795,FA0004976,28,RESTAURANT 0 TO 100 SEATS,FAST FOOD LIMITED MENU,4
796,FA0004977,1,LIMITED FOOD SERVICE CONVENIENCE OTHER,FULL SERVICE FULL MENU,5
797,FA0004982,29,NO FEE LICENSE K12 SCHOOLS NON PROFIT,FULL SERVICE FULL MENU,4
798,FA0004983,15,MOBILE UNIT FULL FOOD SERVICE,MOBILE UNITS,5
799,FA0004989,20,RESTAURANT 0 TO 100 SEATS,FAST FOOD LIMITED MENU,5
800,FA0004995,24,RESTAURANT 0 TO 100 SEATS,FAST FOOD LIMITED MENU,4
801,FA0004996,11,RESTAURANT 0 TO 100 SEATS,FAST FOOD LIMITED MENU,5
802,FA0005003,36,RESTAURANT 0 TO 100 SEATS,FULL SERVICE FULL MENU,4
803,FA0005008,27,RESTAURANT 0 TO 100 SEATS,FAST FOOD LIMITED MENU,4
804,FA0005010,18,RESTAURANT 0 TO 100 SEATS,FULL SERVICE FULL MENU,5
805,FA0005012,25,RESTAURANT 0 TO 100 SEATS,RETAIL COMMISSARY,4
806,FA0005013,20,RESTAURANT 0 TO 100 SEATS,FULL MENU LIMITED SERVICE,5
807,FA0005021,17,RESTAURANT 0 TO 100 SEATS,FULL MENU LIMITED SERVICE,5
808,FA0005022,6,RESTAURANT 0 TO 100 SEATS,FULL MENU LIMITED SERVICE,5
809,FA0005025,15,RESTAURANT 0 TO 100 SEATS,FULL MENU LIMITED SERVICE,5
810,FA0005028,17,LIMITED FOOD SERVICE CONVENIENCE OTHER,BARS FRATERNAL ORGANIZATIONS,5
811,FA0005030,21,RESTAURANT 0 TO 100 SEATS,FULL MENU LIMITED SERVICE,4
812,FA0005033,1,LIMITED FOOD SERVICE CONVENIENCE OTHER,FAST FOOD LIMITED MENU,5
813,FA0005038,44,LIMITED FOOD SERVICE CONVENIENCE OTHER,FAST FOOD LIMITED MENU,3
814,FA0005050,5,RESTAURANT 0 TO 100 SEATS,FAST FOOD LIMITED MENU,5
815,FA0005062,22,RESTAURANT 0 TO 100 SEATS,FULL SERVICE FULL MENU,4
816,FA0005063,1,RESTAURANT 0 TO 100 SEATS,FULL MENU LIMITED SERVICE,5
817,FA0005066,4,LIMITED FOOD SERVICE CONVENIENCE OTHER,FAST FOOD LIMITED MENU,5
818,FA0005067,60,RESTAURANT 0 TO 100 SEATS,FULL SERVICE FULL MENU,3
819,FA0005072,0,LIMITED FOOD SERVICE CONVENIENCE OTHER,FAST FOOD LIMITED MENU,5
820,FA0005073,4,LIMITED FOOD SERVICE CONVENIENCE OTHER,FAST FOOD LIMITED MENU,5
821,FA0005081,40,MOBILE UNIT FULL FOOD SERVICE,MOBILE UNITS,4
822,FA0005083,13,MOBILE UNIT FULL FOOD SERVICE,MOBILE UNITS,5
823,FA0005084,21,LIMITED FOOD SERVICE CONVENIENCE OTHER,FULL MENU LIMITED SERVICE,4
824,FA0005088,20,RESTAURANT 0 TO 100 SEATS,FULL MENU LIMITED SERVICE,5
825,FA0005097,13,RESTAURANT 0 TO 100 SEATS,FULL SERVICE FULL MENU,5
826,FA0005100,25,RESTAURANT 101 TO 200 SEATS,FULL SERVICE FULL MENU,4
827,FA0005101,5,RESTAURANT 0 TO 100 SEATS,FAST FOOD LIMITED MENU,5
828,FA0005127,20,MOBILE UNIT FULL FOOD SERVICE,MOBILE UNITS,5
829,FA0005130,8,LIMITED FOOD SERVICE CONVENIENCE OTHER,FAST FOOD LIMITED MENU,5
830,FA0005143,43,RESTAURANT 0 TO 100 SEATS,FAST FOOD LIMITED MENU,3
831,FA0005151,61,RESTAURANT 0 TO 100 SEATS,FAST FOOD LIMITED MENU,3
832,FA0005162,50,RESTAURANT 101 TO 200 SEATS,FULL SERVICE FULL MENU,3
833,FA0005165,0,RESTAURANT 0 TO 100 SEATS,FULL MENU LIMITED SERVICE,5
834,FA0005166,0,RESTAURANT 0 TO 100 SEATS,FULL SERVICE FULL MENU,5
835,FA0005172,6,MOBILE UNIT FULL FOOD SERVICE,MOBILE UNITS,5
836,FA0005180,48,RESTAURANT 101 TO 200 SEATS,FULL MENU LIMITED SERVICE,3
837,FA0005182,23,RESTAURANT 0 TO 100 SEATS,FULL SERVICE FULL MENU,4
838,FA0005191,10,RESTAURANT 0 TO 100 SEATS,FAST FOOD LIMITED MENU,5
839,FA0005194,35,RESTAURANT 101 TO 200 SEATS,FULL SERVICE FULL MENU,4
840,FA0005195,37,LIMITED FOOD SERVICE CONVENIENCE OTHER,FAST FOOD LIMITED MENU,4
841,FA0005196,62,RESTAURANT 101 TO 200 SEATS,FAST FOOD LIMITED MENU,3
842,FA0005198,21,RESTAURANT MORE THAN 200 SEATS,FULL MENU LIMITED SERVICE,4
843,FA0005204,0,RESTAURANT 0 TO 100 SEATS,FULL MENU LIMITED SERVICE,5
844,FA0005208,5,MOBILE UNIT FULL FOOD SERVICE,MOBILE UNITS,5
845,FA0005211,0,RESTAURANT 101 TO 200 SEATS,FULL SERVICE FULL MENU,5
846,FA0005212,5,RESTAURANT 101 TO 200 SEATS,FULL SERVICE FULL MENU,5
847,FA0005218,0,RESTAURANT 0 TO 100 SEATS,FULL MENU LIMITED SERVICE,5
848,FA0005226,5,RESTAURANT MORE THAN 200 SEATS,FULL SERVICE FULL MENU,5
849,FA0005227,55,RESTAURANT 0 TO 100 SEATS,FULL MENU LIMITED SERVICE,3
850,FA0005232,54,RESTAURANT 101 TO 200 SEATS,FULL MENU LIMITED SERVICE,3
851,FA0005233,0,RESTAURANT 0 TO 100 SEATS,FAST FOOD LIMITED MENU,5
852,FA0005236,0,RESTAURANT 0 TO 100 SEATS,FAST FOOD LIMITED MENU,5
853,FA0005246,69,MOBILE UNIT FULL FOOD SERVICE,MOBILE UNITS,3
854,FA0005251,24,RESTAURANT 0 TO 100 SEATS,FULL SERVICE FULL MENU,4
855,FA0005256,10,MOBILE UNIT FULL FOOD SERVICE,MOBILE UNITS,5
856,FA0005260,0,RESTAURANT 101 TO 200 SEATS,FAST FOOD LIMITED MENU,5
857,FA0005267,64,RESTAURANT 0 TO 100 SEATS,FAST FOOD LIMITED MENU,3
858,FA0005271,47,RESTAURANT 0 TO 100 SEATS,FULL SERVICE FULL MENU,3
859,FA0005279,51,MOBILE UNIT FULL FOOD SERVICE,MOBILE UNITS,3
860,FA0005280,1,RESTAURANT 0 TO 100 SEATS,FAST FOOD LIMITED MENU,5
861,FA0005283,0,MOBILE UNIT FULL FOOD SERVICE,MOBILE UNITS,5
862,FA0005285,20,RESTAURANT 0 TO 100 SEATS,FAST FOOD LIMITED MENU,5
863,FA0005295,35,RESTAURANT 101 TO 200 SEATS,FULL MENU LIMITED SERVICE,4
864,FA0005296,0,RESTAURANT 0 TO 100 SEATS,FULL MENU LIMITED SERVICE,5
865,FA0005299,1,RESTAURANT 0 TO 100 SEATS,FAST FOOD LIMITED MENU,5
866,FA0005308,35,MOBILE UNIT FULL FOOD SERVICE,MOBILE UNITS,4
867,FA0005319,14,MOBILE UNIT FULL FOOD SERVICE,MOBILE UNITS,5
868,FA0005329,65,MOBILE UNIT FULL FOOD SERVICE,MOBILE UNITS,3
869,FA0005345,10,MOBILE UNIT FULL FOOD SERVICE,MOBILE UNITS,5
870,FA0005346,30,NO FEE LICENSE K12 SCHOOLS NON PROFIT,FULL SERVICE FULL MENU,4
871,FA0005347,0,MOBILE UNIT FULL FOOD SERVICE,MOBILE UNITS,5
872,FA0005381,25,RESTAURANT 0 TO 100 SEATS,FULL MENU LIMITED SERVICE,4
873,FA0005384,55,RESTAURANT 101 TO 200 SEATS,FULL SERVICE FULL MENU,3
874,FA0005386,5,MOBILE UNIT FULL FOOD SERVICE,MOBILE UNITS,5
875,FA0005390,23,RESTAURANT 0 TO 100 SEATS,FULL MENU LIMITED SERVICE,4
876,FA0005391,15,MOBILE UNIT FULL FOOD SERVICE,MOBILE UNITS,5
877,FA0005405,15,RESTAURANT 0 TO 100 SEATS,FULL MENU LIMITED SERVICE,5
878,FA0005406,25,RESTAURANT 0 TO 100 SEATS,FULL SERVICE FULL MENU,4
879,FA0005408,20,RESTAURANT 0 TO 100 SEATS,FAST FOOD LIMITED MENU,5
880,FA0005418,15,RESTAURANT 0 TO 100 SEATS,FAST FOOD LIMITED MENU,5
881,FA0005421,0,MOBILE UNIT FULL FOOD SERVICE,MOBILE UNITS,5
882,FA0005422,80,MOBILE UNIT FULL FOOD SERVICE,MOBILE UNITS,2
883,FA0005425,40,MOBILE UNIT FULL FOOD SERVICE,MOBILE UNITS,4
884,FA0005440,25,LIMITED FOOD SERVICE CONVENIENCE OTHER,FAST FOOD LIMITED MENU,4
885,FA0005449,30,RESTAURANT 0 TO 100 SEATS,FULL MENU LIMITED SERVICE,4
886,FA0005450,0,MOBILE UNIT FULL FOOD SERVICE,MOBILE UNITS,5
887,FA0005455,0,LIMITED FOOD SERVICE CONVENIENCE OTHER,FAST FOOD LIMITED MENU,5
888,FA0005472,10,RESTAURANT 0 TO 100 SEATS,FULL SERVICE FULL MENU,5
889,FA0005494,15,RESTAURANT 0 TO 100 SEATS,FAST FOOD LIMITED MENU,5
890,FA0005506,15,RESTAURANT 0 TO 100 SEATS,FULL MENU LIMITED SERVICE,5
891,FA0005508,0,LIMITED FOOD SERVICE CONVENIENCE OTHER,FAST FOOD LIMITED MENU,5
892,FA0005510,15,LIMITED FOOD SERVICE CONVENIENCE OTHER,FAST FOOD LIMITED MENU,5
893,FA0005539,0,RESTAURANT 0 TO 100 SEATS,FAST FOOD LIMITED MENU,5
894,FA0005554,0,RESTAURANT 0 TO 100 SEATS,FAST FOOD LIMITED MENU,5
