,cat_5,cat_8,cat_14,typeOfFacility_LIMITED FOOD SERVICE CONVENIENCE OTHER,typeOfFacility_NO FEE LICENSE K12 SCHOOLS NON PROFIT,typeOfFacility_RESTAURANT MORE THAN 200 SEATS,categoryOfFacility_FAST FOOD LIMITED MENU,healthScore,googleRating
0,1,0,0,0,0,0,0,4,High
1,1,0,1,0,0,0,0,5,High
2,1,1,0,0,0,0,1,5,Low
3,1,0,0,0,0,0,0,3,High
4,1,0,0,0,0,0,0,5,Low
5,1,0,0,0,0,0,1,3,High
6,0,1,0,0,0,0,0,5,High
7,1,0,0,0,0,0,1,4,Low
8,1,1,0,0,0,0,1,4,Low
9,1,1,0,0,0,0,1,5,Low
10,1,1,1,0,0,0,1,5,Low
11,1,0,0,0,0,0,1,5,Low
12,1,0,0,0,0,0,0,4,Low
13,1,1,1,0,0,0,0,3,High
14,0,0,0,0,0,0,0,5,Low
15,1,1,0,0,0,0,0,4,Low
16,1,0,0,0,0,0,1,5,Low
17,0,1,0,0,0,0,0,4,Low
18,0,1,0,0,0,0,1,4,Low
19,0,0,0,0,0,0,0,3,High
20,0,0,1,0,0,0,0,4,Low
21,1,0,0,0,0,1,0,3,Low
22,1,0,0,0,0,0,0,4,Low
23,1,1,0,0,0,0,0,4,Low
24,1,1,1,1,0,0,1,4,Low
25,1,1,1,0,0,0,1,4,Low
26,1,1,0,0,0,0,0,4,High
27,1,0,1,0,0,0,0,4,Low
28,0,0,0,0,0,1,0,4,High
29,0,0,1,0,0,0,1,3,Low
30,1,1,1,0,0,0,0,4,High
31,0,1,0,0,0,0,0,4,Low
32,1,1,0,0,0,0,1,5,Low
33,1,0,0,0,0,0,0,5,High
34,1,0,0,0,0,0,1,5,Low
35,1,0,1,0,0,0,1,5,Low
36,0,0,0,0,0,0,1,5,Low
37,1,1,1,0,0,0,1,5,Low
38,0,0,0,0,0,0,1,5,Low
39,0,0,0,0,0,0,1,4,Low
40,0,1,0,1,0,0,1,4,High
41,1,0,0,0,0,0,0,5,Low
42,1,1,0,0,0,0,0,4,Low
43,1,1,0,0,0,0,0,4,High
44,1,0,0,1,0,0,1,4,Low
45,0,1,0,0,0,0,0,4,Low
46,1,0,1,0,0,0,0,5,Low
47,1,1,1,0,0,0,0,2,High
48,1,1,1,0,0,0,1,5,Low
49,0,0,0,0,0,0,1,5,High
50,1,1,0,0,0,0,0,4,Low
51,0,1,0,0,0,0,0,4,Low
52,1,0,1,0,0,0,0,5,Low
53,1,1,0,0,0,0,1,4,Low
54,1,1,1,0,0,0,0,3,Low
55,0,0,0,0,0,0,0,4,Low
56,0,1,0,0,0,0,0,3,Low
57,1,1,1,0,0,0,0,2,Low
58,0,0,1,0,0,0,1,5,Low
59,1,1,1,0,0,1,1,5,Low
60,1,1,1,0,0,0,1,3,Low
61,0,0,0,0,0,0,0,5,Low
62,0,0,0,0,0,0,0,3,High
63,1,1,0,0,0,0,0,3,Low
64,1,1,0,0,0,0,0,5,High
65,0,1,0,0,0,0,1,5,High
66,0,1,0,0,0,0,1,4,Low
67,1,1,1,0,0,0,0,3,Low
68,1,1,1,0,0,0,1,2,Low
69,1,1,0,0,0,0,0,3,Low
70,1,1,1,0,0,0,1,5,Low
71,1,1,0,0,0,0,1,4,Low
72,0,0,0,0,0,0,0,4,High
73,0,1,1,0,0,0,0,4,Low
74,1,1,1,0,0,0,0,3,High
75,1,0,0,1,0,0,0,3,High
76,1,1,0,0,0,0,0,3,Low
77,1,1,0,0,0,0,0,4,Low
78,0,0,0,0,0,0,1,4,High
79,0,0,0,0,0,0,1,4,Low
80,0,0,1,0,0,0,0,5,Low
81,1,1,0,0,0,0,0,4,Low
82,1,0,1,1,0,0,1,4,Low
83,0,0,1,0,0,0,0,4,High
84,0,1,0,0,0,0,0,3,High
85,0,0,0,0,0,0,0,5,Low
86,0,0,0,0,0,0,0,5,Low
87,1,0,0,0,0,0,0,4,Low
88,1,1,1,0,0,0,0,3,Low
89,1,1,0,0,0,0,1,4,High
90,1,1,0,0,0,0,0,3,High
91,0,0,0,0,0,0,1,5,High
92,0,0,0,0,0,0,0,4,High
93,1,1,1,0,0,0,0,3,Low
94,0,0,0,0,0,0,0,4,Low
95,1,0,1,0,0,0,1,4,High
96,0,0,0,0,0,0,0,5,Low
97,1,1,0,0,0,0,0,2,Low
98,0,0,0,0,0,0,0,4,Low
99,1,1,0,0,0,0,1,4,Low
100,0,0,0,0,0,0,0,5,Low
101,1,1,1,0,0,0,0,3,Low
102,1,0,0,0,0,0,1,5,Low
103,0,1,0,0,0,0,1,5,Low
104,1,0,1,0,0,0,0,5,High
105,1,1,0,0,0,0,1,3,Low
106,1,1,1,0,0,0,1,5,Low
107,0,1,0,0,0,0,0,3,Low
108,0,1,0,0,0,0,0,4,Low
109,1,1,1,0,0,0,0,3,Low
110,0,1,1,0,0,0,1,4,Low
111,0,1,0,0,0,0,1,5,Low
112,0,1,0,0,0,0,1,4,Low
113,1,0,0,0,0,0,1,4,Low
114,1,1,0,0,0,1,0,3,High
115,0,0,0,0,0,0,0,4,High
116,1,0,0,0,0,1,0,4,Low
117,1,0,1,0,0,0,1,4,Low
118,0,1,1,0,0,0,0,4,Low
119,0,0,0,0,0,0,1,4,Low
120,0,0,1,0,0,0,0,4,Low
121,0,1,0,0,0,0,0,5,Low
122,1,0,1,0,0,0,0,5,Low
123,0,0,1,0,0,0,0,3,High
124,1,1,0,0,0,0,0,3,High
125,1,1,1,0,0,0,0,3,Low
126,1,0,0,0,0,0,0,4,High
127,1,0,0,0,0,0,1,4,Low
128,0,0,0,0,0,0,1,4,Low
129,0,1,0,0,0,0,0,4,Low
130,1,1,0,0,0,0,0,3,High
131,1,1,0,0,0,0,0,2,Low
132,0,0,0,0,0,0,0,3,Low
133,1,0,0,0,0,1,0,4,Low
134,1,0,0,0,0,0,0,5,Low
135,1,0,0,0,0,0,0,4,High
136,0,0,1,0,0,0,0,4,Low
137,1,1,0,0,0,0,0,3,Low
138,1,0,0,0,0,0,0,4,Low
139,1,1,1,0,0,0,0,2,Low
140,0,1,0,0,0,0,0,3,Low
141,0,0,0,0,0,0,0,5,High
142,0,1,1,0,0,0,0,4,Low
143,0,0,1,0,0,0,0,3,Low
144,0,0,0,0,0,0,0,5,Low
145,1,1,1,0,0,0,0,3,Low
146,1,1,1,0,0,0,0,3,Low
147,0,0,0,0,0,0,0,4,Low
148,0,0,0,0,0,0,0,4,High
149,1,1,1,0,0,0,1,4,High
150,0,1,0,0,0,0,0,4,High
151,1,0,0,0,0,0,0,4,Low
152,0,1,1,0,0,0,0,4,Low
153,1,1,1,0,0,1,0,3,Low
154,1,1,0,0,0,0,1,4,Low
155,1,1,1,0,0,0,0,3,Low
156,1,1,1,0,0,0,0,4,Low
157,1,0,0,0,1,0,0,5,Low
158,0,1,0,0,0,0,0,4,High
159,0,0,0,0,0,0,1,5,Low
160,0,1,0,0,0,0,0,3,High
161,0,1,0,0,0,0,0,5,Low
162,1,1,0,0,0,0,0,3,High
163,0,1,1,0,0,0,0,3,Low
164,0,1,0,0,0,0,0,4,Low
165,1,1,0,0,0,0,0,4,Low
166,0,0,0,0,0,0,1,5,Low
167,1,0,0,0,0,0,0,4,Low
168,0,0,0,0,0,0,1,5,Low
169,1,1,0,0,0,0,1,5,Low
170,0,1,1,0,0,0,1,3,Low
171,0,0,0,0,0,0,0,4,High
172,0,0,0,0,0,0,1,5,Low
173,0,1,0,0,1,0,0,5,High
174,0,1,0,0,0,0,1,4,Low
175,0,0,0,0,0,0,0,4,Low
176,1,1,1,0,0,0,0,4,Low
177,1,0,0,0,0,0,1,5,Low
178,0,1,0,0,0,0,0,4,High
179,1,1,1,0,0,0,0,3,High
180,0,0,1,0,0,0,0,4,Low
181,1,1,0,0,0,0,0,3,Low
182,1,1,0,0,0,0,0,4,High
183,1,1,0,1,0,0,1,4,Low
184,0,0,0,0,0,0,0,5,Low
185,1,1,0,0,0,0,0,3,Low
186,0,1,0,0,0,0,1,5,High
187,0,1,1,0,0,0,0,2,Low
188,0,1,0,0,0,0,1,3,Low
189,1,0,0,0,0,0,0,5,Low
190,1,1,1,0,0,0,0,4,Low
191,1,0,0,0,0,1,0,3,Low
192,1,0,0,0,0,0,1,5,Low
193,1,1,0,0,0,0,0,3,High
194,1,1,0,0,0,0,0,2,Low
195,0,1,0,0,0,0,0,3,Low
196,0,0,0,1,0,0,1,5,Low
197,0,1,0,0,0,0,1,5,Low
198,0,1,0,0,0,0,0,5,Low
199,1,1,0,0,0,0,1,5,Low
200,1,1,0,0,0,0,0,4,Low
201,0,0,0,0,0,0,0,5,Low
202,1,1,0,0,0,0,0,5,Low
203,1,1,1,0,0,0,0,3,Low
204,0,0,0,0,0,0,0,4,Low
205,1,1,1,0,0,0,0,3,Low
206,0,0,0,0,0,0,1,5,Low
207,0,0,0,0,0,0,0,4,Low
208,0,0,0,0,0,0,0,4,Low
209,1,1,1,0,0,0,0,3,Low
210,0,1,0,0,0,0,1,5,High
211,0,0,1,0,0,0,1,5,High
212,1,1,0,0,0,0,0,4,High
213,1,1,0,0,0,0,0,3,High
214,0,1,0,0,0,0,1,5,Low
215,1,1,0,0,0,0,0,5,Low
216,1,1,0,0,0,0,0,3,Low
217,0,0,0,0,0,1,0,4,Low
218,1,1,1,0,0,0,0,3,Low
219,1,0,0,0,0,0,0,4,Low
220,1,1,0,0,0,0,1,5,Low
221,1,0,0,0,0,1,0,5,Low
222,1,1,0,0,0,0,1,3,Low
223,1,0,0,0,0,1,0,4,Low
224,0,1,0,0,0,0,0,4,High
225,0,0,0,0,0,0,0,5,Low
226,1,0,0,0,0,1,0,5,Low
227,0,0,0,0,0,0,0,5,Low
228,0,1,0,0,0,1,0,3,Low
229,0,1,0,0,0,0,0,5,Low
230,1,1,0,0,0,1,0,4,Low
231,1,1,0,0,0,0,1,4,Low
232,0,0,0,0,0,0,0,5,Low
233,1,0,1,0,0,0,0,3,Low
234,0,1,0,0,0,0,0,5,Low
235,0,1,1,0,0,0,1,5,Low
236,0,0,1,0,0,0,1,5,Low
237,1,0,0,0,0,1,0,3,Low
238,0,1,0,0,0,0,1,5,High
239,0,0,0,0,0,0,0,4,Low
240,1,1,0,0,0,0,0,3,High
241,1,1,0,0,0,0,0,5,Low
242,0,1,1,0,0,0,0,3,High
243,1,1,1,0,0,0,0,5,Low
244,1,1,0,0,0,0,0,5,High
245,0,0,0,0,0,0,1,3,Low
246,1,0,0,0,0,0,0,2,Low
247,1,1,1,0,0,0,0,3,High
248,0,1,1,0,0,0,0,3,Low
249,0,0,0,0,0,0,0,5,Low
250,1,0,1,0,0,0,1,5,Low
251,1,0,0,0,0,0,0,3,Low
252,1,1,0,0,0,0,0,3,Low
253,1,1,1,0,0,0,0,3,Low
254,1,0,0,0,0,0,1,4,High
255,0,0,1,0,0,0,1,5,Low
256,0,0,0,0,0,0,0,4,Low
257,0,0,0,0,0,0,1,5,Low
258,1,1,1,0,0,0,0,3,Low
259,1,0,0,1,0,0,1,5,High
260,1,1,1,0,0,0,1,3,Low
261,0,1,0,0,0,0,0,5,High
262,1,0,0,0,0,0,0,5,Low
263,1,1,0,0,0,0,1,3,Low
264,1,1,0,0,0,0,0,3,Low
265,1,1,0,0,0,0,0,5,Low
266,1,0,0,0,0,0,1,5,Low
267,0,0,0,0,0,0,1,5,Low
268,1,0,1,0,0,0,1,5,Low
269,1,1,0,0,0,0,0,3,Low
270,0,0,0,0,0,0,1,5,Low
271,1,0,0,0,0,0,1,5,Low
272,1,1,0,0,0,0,0,3,High
273,1,1,0,0,0,0,1,4,Low
274,0,0,1,0,0,0,0,4,Low
275,1,0,0,0,0,0,0,4,Low
276,1,1,1,0,0,0,0,4,Low
277,0,0,0,0,0,0,1,5,Low
278,1,1,1,0,0,0,0,4,Low
279,1,1,0,0,0,0,1,5,High
280,1,0,1,0,0,0,1,5,Low
281,1,1,1,0,0,0,0,3,High
282,0,1,0,0,0,0,0,3,Low
283,1,0,0,0,0,0,0,4,Low
284,0,0,0,0,0,0,0,5,Low
285,0,0,0,0,0,0,1,4,Low
286,0,0,1,0,0,0,1,3,Low
287,1,1,1,0,0,0,0,3,Low
288,0,0,0,0,0,0,0,5,Low
289,0,0,0,0,0,0,0,5,Low
290,1,1,0,0,0,0,0,3,Low
291,1,1,0,0,0,0,0,3,Low
292,1,0,0,0,0,0,1,5,High
293,1,1,1,0,0,0,1,4,Low
294,1,0,0,0,0,0,0,4,Low
295,1,1,1,0,0,0,0,3,Low
296,0,0,0,0,0,0,1,3,Low
297,0,1,0,0,0,0,1,4,High
298,0,1,0,0,0,1,0,5,Low
299,0,1,1,0,0,0,0,3,Low
300,1,0,0,0,0,0,0,4,Low
301,0,1,0,0,0,0,0,3,Low
302,0,0,0,1,0,0,0,5,High
303,0,0,0,0,0,0,0,4,High
304,1,0,1,0,0,0,1,5,Low
305,0,0,0,0,0,1,0,3,Low
306,1,0,0,0,0,0,0,4,Low
307,1,1,1,0,0,0,0,3,Low
308,0,0,1,0,0,0,0,5,High
309,0,1,0,0,0,0,1,4,High
310,0,1,1,0,0,0,1,5,Low
311,0,1,0,1,0,0,1,5,High
312,0,1,1,0,0,0,0,3,Low
313,1,1,1,0,0,0,0,3,Low
314,1,1,0,0,0,0,1,4,Low
315,0,1,0,0,0,0,1,5,Low
316,0,1,0,0,0,0,0,4,High
317,1,0,0,0,0,0,0,3,Low
318,0,1,0,0,0,0,0,3,Low
319,0,1,0,0,0,0,1,5,Low
320,1,0,0,0,0,0,0,3,Low
321,1,1,0,0,0,0,0,4,High
322,1,1,0,0,0,0,0,3,Low
323,1,0,0,0,0,0,1,4,High
324,1,0,0,1,0,0,1,5,High
325,1,1,0,0,0,0,0,3,Low
326,1,0,0,0,0,0,0,5,Low
327,1,0,0,0,0,0,0,5,Low
328,0,0,0,0,0,0,0,4,High
329,1,0,0,0,0,0,1,4,Low
330,1,0,0,0,0,0,1,4,High
331,1,0,0,1,0,0,1,5,Low
332,0,0,1,0,0,0,0,5,Low
333,1,1,1,0,0,0,0,3,High
334,1,1,0,1,0,0,0,4,Low
335,0,0,0,0,0,0,0,4,Low
336,1,0,1,0,0,0,1,4,High
337,1,1,0,0,0,0,0,3,High
338,1,1,0,0,0,0,0,3,Low
339,0,1,0,0,0,0,0,3,Low
340,1,1,1,0,0,0,0,3,Low
341,0,0,0,0,0,0,1,5,Low
342,1,0,0,0,0,0,1,5,Low
343,1,0,1,0,0,0,0,4,Low
344,0,1,1,0,0,0,0,4,High
345,1,1,1,0,0,0,1,3,Low
346,1,0,1,0,0,0,1,4,High
347,1,0,0,0,0,0,0,3,Low
348,0,1,0,0,0,0,0,4,Low
349,0,0,0,0,0,0,1,5,Low
350,1,0,1,0,0,0,1,4,Low
351,1,1,1,0,0,0,1,4,Low
352,1,0,1,0,0,0,1,5,Low
353,0,0,0,0,0,0,1,5,Low
354,1,1,0,0,0,0,1,4,Low
355,1,1,1,1,0,0,1,5,High
356,1,1,1,0,0,0,1,3,Low
357,1,0,1,0,0,0,0,4,High
358,1,0,0,0,0,0,1,5,Low
359,1,1,1,0,0,0,0,2,Low
360,1,1,1,0,0,0,0,3,Low
361,1,1,0,0,0,0,1,5,Low
362,0,0,1,0,0,0,1,5,Low
363,1,0,0,0,0,0,0,3,Low
364,0,1,1,0,0,0,0,3,Low
365,1,0,1,0,0,0,1,5,Low
366,1,1,1,0,0,0,0,4,Low
367,1,0,1,0,0,0,0,4,High
368,1,0,0,0,0,0,1,5,Low
369,1,1,1,0,0,0,0,4,Low
370,1,1,0,0,0,0,1,4,Low
371,0,1,0,0,0,0,1,5,Low
372,1,0,0,0,0,0,1,4,Low
373,1,1,0,0,0,0,1,5,Low
374,1,0,1,0,0,1,0,3,Low
375,0,0,0,0,0,0,1,4,Low
376,1,1,1,0,0,0,1,4,High
377,0,0,0,0,0,0,0,3,High
378,1,1,1,1,0,0,1,5,Low
379,1,1,1,0,0,0,0,3,Low
380,0,0,0,0,0,0,0,5,Low
381,0,0,0,0,0,0,1,4,High
382,0,0,0,0,0,0,1,3,Low
383,0,1,0,0,0,0,0,3,High
384,1,1,1,0,0,0,1,3,Low
385,1,1,1,0,0,0,0,5,Low
386,0,0,0,0,0,0,0,5,High
387,1,0,0,0,0,0,0,4,Low
388,1,0,1,0,0,0,0,5,Low
389,1,1,1,0,0,0,1,4,High
390,1,1,0,0,0,0,0,3,Low
391,1,1,0,0,0,0,1,4,Low
392,0,0,1,0,0,0,0,5,Low
393,0,0,0,0,0,0,1,5,High
394,1,0,1,0,0,0,1,2,Low
395,1,1,0,0,0,0,0,3,Low
396,1,1,0,0,0,0,0,3,Low
397,0,1,0,1,0,0,1,4,High
398,0,0,0,0,0,0,0,4,Low
399,0,0,0,0,0,0,1,5,Low
400,0,0,0,0,0,0,1,5,Low
401,1,0,1,0,0,0,1,4,Low
402,1,0,1,0,0,0,1,5,Low
403,0,1,1,0,0,0,0,4,Low
404,1,1,0,0,0,0,1,5,Low
405,0,0,0,0,0,0,0,4,Low
406,1,1,0,0,0,0,0,4,Low
407,1,0,0,0,0,0,0,5,Low
408,0,0,0,0,0,1,0,4,High
409,1,0,0,0,0,1,0,4,Low
410,1,1,0,0,0,0,1,4,Low
411,0,1,0,0,0,0,1,4,Low
412,1,0,0,0,0,1,0,4,Low
413,1,1,1,0,0,0,1,4,Low
414,1,0,0,0,0,0,1,4,Low
415,1,1,1,0,0,0,0,3,High
416,0,1,0,0,0,0,0,2,Low
417,1,0,0,0,0,0,0,3,Low
418,0,0,0,0,0,0,0,3,Low
419,1,1,0,0,0,0,0,4,High
420,0,1,1,0,0,0,1,3,Low
421,1,0,0,0,0,0,0,4,Low
422,1,1,1,0,0,0,0,3,Low
423,0,1,1,0,0,0,1,5,Low
424,1,0,0,0,0,0,1,5,Low
425,1,1,0,0,0,0,1,5,Low
426,0,0,0,0,0,0,0,4,High
427,1,0,1,0,0,0,0,4,High
428,0,1,1,0,0,0,0,5,Low
429,1,0,0,0,0,1,0,4,Low
430,1,1,1,0,0,0,1,3,High
431,0,0,0,0,0,0,0,4,High
432,1,0,1,0,0,1,0,3,Low
433,1,0,1,0,0,0,0,5,High
434,0,1,0,0,0,0,1,4,Low
435,0,1,0,0,0,0,1,5,Low
436,1,0,1,0,0,0,0,4,Low
437,1,0,0,0,0,0,0,4,Low
438,1,1,0,1,0,0,1,5,Low
439,1,0,0,0,0,0,1,5,Low
440,0,1,0,0,0,0,1,5,Low
441,0,0,0,0,0,0,0,5,Low
442,1,1,0,0,0,0,0,4,Low
443,1,0,0,0,0,0,0,3,Low
444,1,0,1,0,0,0,0,4,High
445,1,0,1,0,0,0,0,3,Low
446,0,0,0,0,0,0,1,5,High
447,0,1,0,0,0,0,0,3,High
448,0,0,0,0,0,0,0,5,Low
449,0,0,0,0,0,0,0,5,Low
450,1,0,1,0,0,0,0,4,Low
451,0,1,0,0,0,0,1,4,Low
452,0,1,0,0,0,0,0,4,High
453,1,1,0,0,0,1,0,4,Low
454,1,1,0,0,0,0,0,3,Low
455,0,0,0,0,0,0,1,5,Low
456,1,0,1,0,0,0,1,5,Low
457,1,1,0,0,0,0,0,4,Low
458,1,1,1,0,0,0,0,3,Low
459,1,0,0,0,0,0,1,4,Low
460,1,0,0,0,0,0,0,4,Low
461,0,0,0,0,0,0,0,3,Low
462,1,1,1,0,0,0,0,3,High
463,0,1,0,0,0,0,0,5,High
464,1,1,1,1,0,0,1,4,Low
465,1,1,1,0,0,0,0,2,Low
466,1,0,0,0,0,0,0,5,Low
467,0,0,0,0,0,1,0,3,Low
468,0,0,1,0,0,0,0,5,High
469,1,0,0,0,0,0,0,5,High
470,0,0,0,0,0,0,0,5,Low
471,1,0,0,0,0,0,0,5,High
472,0,1,0,0,0,0,1,4,Low
473,0,1,1,0,0,0,1,4,Low
474,1,0,0,0,0,0,0,4,Low
475,1,0,0,0,0,0,1,5,High
476,0,1,0,0,0,0,0,3,Low
477,1,1,0,0,0,0,0,3,High
478,1,1,0,0,0,0,0,4,High
479,1,1,1,0,0,0,1,4,Low
480,1,0,1,0,0,0,1,5,High
481,1,1,1,0,0,0,1,4,Low
482,0,1,1,0,0,0,1,5,High
483,1,0,0,0,0,0,1,4,Low
484,1,0,0,0,0,0,0,3,Low
485,0,0,0,0,0,1,0,5,Low
486,0,1,0,0,0,0,1,3,Low
487,0,1,0,0,0,0,0,3,Low
488,1,1,0,0,0,0,1,4,High
489,0,0,0,0,0,1,0,4,Low
490,0,1,0,0,0,0,0,4,Low
491,1,0,0,0,0,0,0,4,Low
492,1,0,0,1,0,0,1,5,Low
493,0,1,0,0,0,0,0,5,High
494,0,0,0,0,0,1,0,4,Low
495,1,0,1,0,0,0,0,5,Low
496,1,1,0,1,0,0,1,4,Low
497,1,1,1,0,0,0,0,3,Low
498,0,1,0,0,0,0,1,4,Low
499,1,1,0,0,0,0,0,4,Low
500,0,0,1,0,0,0,0,5,Low
501,0,1,0,0,0,0,1,4,Low
502,1,1,0,0,0,0,0,4,Low
503,1,0,1,0,0,0,1,4,Low
504,1,1,0,0,0,0,0,4,Low
505,1,0,0,0,0,1,0,4,Low
506,1,0,0,0,0,1,0,2,Low
507,1,1,1,0,0,0,0,3,Low
508,1,0,1,0,0,0,0,5,Low
509,1,1,0,0,0,0,1,4,Low
510,0,0,1,0,0,0,0,5,Low
511,0,1,0,0,0,0,1,4,Low
512,1,0,0,0,0,0,1,5,Low
513,1,1,0,0,0,0,0,3,Low
514,0,0,0,0,0,0,1,3,High
515,1,1,1,0,0,0,0,5,Low
516,0,0,0,0,0,0,1,5,Low
517,0,1,0,0,0,0,0,3,High
518,0,0,1,0,0,0,1,4,Low
519,0,0,0,0,0,0,0,4,Low
520,1,0,0,0,0,0,1,5,Low
521,1,0,0,0,0,0,1,5,Low
522,1,1,1,0,0,0,1,3,High
523,0,0,1,0,0,0,0,4,Low
524,1,1,0,0,0,0,1,5,Low
525,0,0,0,0,0,0,1,5,Low
526,0,0,0,0,0,0,0,4,Low
527,0,0,0,0,0,0,1,4,Low
528,0,1,1,0,0,0,1,4,Low
529,1,1,1,0,0,0,0,3,High
530,0,0,0,0,0,0,0,4,High
531,1,1,0,0,0,0,1,5,Low
532,0,0,0,0,0,0,1,5,Low
533,1,0,0,0,0,0,0,4,High
534,0,0,1,0,0,0,1,5,Low
535,0,0,0,0,0,0,1,4,Low
536,1,1,1,0,0,0,0,5,Low
537,1,1,0,0,0,0,0,4,Low
538,0,0,0,0,0,0,0,5,Low
539,0,1,0,0,0,0,1,5,Low
540,0,1,0,0,0,0,1,5,Low
541,0,0,0,0,0,0,1,4,High
542,1,0,0,0,0,0,0,4,Low
543,0,0,0,0,0,1,0,5,Low
544,1,1,0,0,0,0,1,3,Low
545,1,0,0,0,0,1,0,4,Low
546,0,1,0,0,0,0,0,5,Low
547,1,1,0,0,0,0,0,3,Low
548,1,0,1,0,0,0,0,3,Low
549,0,0,0,0,0,0,1,5,Low
550,0,0,0,0,0,0,1,5,Low
551,1,1,1,0,0,0,1,5,Low
552,0,0,0,0,0,0,1,5,Low
553,1,0,0,0,0,0,0,4,Low
554,1,0,1,1,0,0,1,5,Low
555,1,1,1,0,0,0,0,2,Low
556,1,0,0,0,0,0,1,5,Low
557,1,0,0,0,0,0,1,5,Low
558,1,1,1,1,0,0,1,5,Low
559,0,0,0,0,0,0,1,5,Low
560,0,1,0,0,0,0,0,4,Low
561,1,0,0,0,0,0,1,5,Low
562,0,1,1,1,0,0,1,5,Low
563,0,0,0,0,0,0,1,5,High
564,0,0,0,0,0,0,0,5,High
565,0,0,0,0,0,0,1,5,Low
566,0,0,0,0,0,0,0,3,Low
567,0,0,0,0,0,0,0,4,High
568,1,1,0,0,0,0,0,3,Low
569,1,1,0,0,0,0,1,3,Low
570,1,0,0,0,0,0,1,5,Low
571,1,0,1,1,0,0,1,5,Low
572,1,1,1,0,0,0,0,4,Low
573,1,1,1,0,0,0,0,3,Low
574,0,1,0,0,0,0,0,4,High
575,0,0,1,0,0,0,0,4,High
576,1,0,1,0,0,0,1,5,High
577,0,0,0,0,0,0,1,4,Low
578,0,0,0,0,0,0,0,5,Low
579,0,0,1,0,0,0,0,5,Low
580,0,0,0,0,0,0,0,2,Low
581,0,0,0,0,0,0,0,4,Low
582,0,1,0,0,0,0,1,4,High
583,0,0,0,0,0,0,1,5,Low
584,1,0,0,0,0,0,0,5,Low
585,1,1,1,1,0,0,1,3,High
586,1,0,0,1,0,0,1,5,Low
587,1,0,1,0,0,0,0,5,Low
588,0,0,1,0,0,0,1,5,Low
589,0,0,0,0,0,0,0,5,Low
590,1,0,0,0,0,0,0,5,High
591,1,1,0,0,0,0,0,4,Low
592,0,1,1,0,0,0,0,5,Low
593,0,1,0,0,0,0,0,4,Low
594,0,0,1,0,0,0,1,5,High
595,0,1,0,1,0,0,1,5,Low
596,1,1,0,1,0,0,1,5,High
597,1,0,0,1,0,0,0,4,Low
598,0,0,0,0,0,0,1,4,Low
599,1,0,0,1,0,0,1,5,Low
600,0,0,1,0,0,0,0,5,Low
601,1,1,0,0,0,0,0,4,Low
602,0,1,1,0,0,0,1,4,Low
603,0,0,0,0,0,0,0,4,Low
604,0,0,0,0,0,0,0,5,High
605,0,1,0,0,0,0,0,3,Low
606,1,1,0,0,0,0,0,3,Low
607,1,1,0,0,0,0,1,5,Low
608,0,0,0,0,0,0,1,4,Low
609,1,0,0,0,0,0,1,5,Low
610,1,1,1,0,0,0,0,3,High
611,0,0,0,0,0,0,1,5,Low
612,1,0,0,0,0,0,1,5,Low
613,1,1,1,0,0,0,0,4,Low
614,1,1,0,0,0,0,1,4,Low
615,0,0,1,0,0,0,1,5,Low
616,0,0,0,0,0,0,1,5,Low
617,1,1,1,0,0,0,0,4,Low
618,0,0,1,0,0,0,0,5,Low
619,1,0,0,0,0,0,1,3,Low
620,1,1,0,0,0,0,1,4,Low
621,0,1,0,0,0,0,0,5,Low
622,1,0,0,0,0,0,1,5,Low
623,1,0,0,0,0,0,0,5,Low
624,0,0,0,0,0,0,1,4,Low
625,1,1,1,0,0,0,0,3,Low
626,0,0,1,0,0,0,0,4,Low
627,1,1,0,0,0,0,0,3,High
628,0,1,1,0,0,0,1,5,Low
629,0,0,0,0,0,0,0,4,High
630,1,0,0,0,0,0,0,5,High
631,0,1,0,1,0,0,1,5,Low
632,0,1,0,0,0,0,1,4,Low
633,0,1,0,0,0,0,1,4,High
634,0,0,0,0,0,0,1,5,Low
635,0,0,0,0,0,0,1,5,Low
636,1,0,0,0,0,0,0,4,High
637,0,0,0,0,0,0,0,4,High
638,0,1,0,0,0,0,1,5,Low
639,0,1,0,0,0,0,0,4,Low
640,1,0,0,0,0,0,1,5,Low
641,1,1,0,0,0,0,1,4,Low
642,0,1,1,0,0,0,0,4,Low
643,0,0,0,0,0,0,1,5,Low
644,1,0,0,0,0,0,0,5,Low
645,1,1,0,0,0,0,0,3,Low
646,1,1,0,0,0,0,0,3,Low
647,0,0,0,0,0,0,1,5,Low
648,1,0,1,0,0,0,1,4,Low
649,0,0,0,0,0,0,0,5,Low
650,0,1,0,0,0,0,0,4,Low
651,1,1,1,0,0,0,0,3,Low
652,0,1,0,0,0,0,1,5,Low
653,1,0,0,0,0,0,1,3,High
654,0,1,0,0,0,0,1,5,Low
655,0,1,1,0,0,0,0,4,High
656,0,0,0,0,0,0,0,3,High
657,1,0,1,0,0,0,1,5,Low
658,1,0,0,0,0,0,0,5,High
659,0,1,1,0,0,0,0,3,Low
660,1,0,0,0,0,0,0,4,High
661,0,1,0,0,0,0,1,5,High
662,1,0,1,0,0,0,0,5,Low
663,1,0,0,0,0,0,0,5,High
664,0,1,1,0,0,0,0,4,Low
665,0,1,0,0,0,0,1,4,High
666,0,0,1,0,0,0,1,5,Low
667,0,0,0,0,0,0,1,5,High
668,0,1,0,1,0,0,1,5,High
669,0,0,0,0,0,0,0,4,High
670,0,0,0,0,0,0,0,5,High
671,1,0,0,1,0,0,1,5,Low
672,1,0,0,0,0,1,0,5,Low
673,0,0,0,0,0,0,0,5,High
674,0,1,0,0,0,0,0,5,Low
675,0,1,1,0,0,0,0,4,Low
676,0,0,1,0,0,0,1,5,Low
677,0,1,0,0,0,0,1,5,High
678,0,0,1,0,0,0,1,4,Low
679,0,0,0,0,0,0,1,5,High
680,0,0,0,0,0,0,1,5,Low
681,0,0,0,0,0,0,0,5,High
682,1,0,0,0,0,0,0,5,High
683,0,1,0,0,0,0,1,4,Low
684,0,1,1,0,0,0,1,4,Low
685,0,0,0,0,0,0,1,5,Low
686,0,1,0,0,0,0,1,4,Low
687,1,0,0,0,0,0,0,5,Low
688,0,0,0,0,0,0,1,4,Low
689,1,0,0,0,0,0,0,5,Low
690,1,1,0,0,0,0,0,4,Low
691,1,1,1,0,0,0,1,5,High
692,0,1,0,0,0,0,0,4,Low
693,1,1,1,0,0,0,1,5,Low
694,1,0,0,0,0,0,0,3,Low
695,0,0,0,0,0,0,0,5,Low
696,0,1,0,0,0,0,1,5,Low
697,1,0,0,0,0,0,0,4,Low
698,1,1,0,0,0,0,0,3,Low
699,0,1,0,0,0,0,0,4,Low
700,0,1,0,0,0,0,0,5,Low
701,1,0,1,0,0,0,0,4,Low
702,0,0,0,0,0,0,0,3,High
703,0,1,0,0,0,0,1,5,High
704,1,0,0,0,0,0,1,5,Low
705,0,1,0,0,0,0,1,5,Low
706,1,0,0,0,0,0,1,5,High
707,0,0,0,0,0,0,0,4,High
708,0,0,0,0,0,0,0,4,Low
709,1,1,1,0,0,0,1,4,Low
710,0,0,0,0,0,0,1,5,High
711,1,1,0,0,0,0,0,5,Low
712,1,1,0,0,0,0,1,5,Low
713,0,1,1,0,0,0,0,4,High
714,0,1,0,0,0,0,1,4,High
715,0,1,1,0,0,0,0,4,High
716,1,0,0,0,0,0,1,5,Low
717,0,1,0,0,0,0,0,5,Low
718,1,0,1,0,0,0,1,5,Low
719,0,0,0,1,0,0,0,5,Low
720,1,0,0,0,0,0,1,5,Low
721,0,1,0,0,0,0,1,5,Low
722,0,0,0,0,0,0,1,5,High
723,1,0,0,0,0,0,1,5,Low
724,0,0,0,0,0,0,1,5,Low
725,0,0,0,1,0,0,1,5,Low
726,0,1,1,0,0,0,1,4,Low
727,0,0,1,0,0,0,0,4,Low
728,1,0,0,0,0,1,0,3,High
729,0,1,0,0,0,0,0,4,Low
730,0,0,0,0,0,0,0,5,Low
731,0,1,0,0,0,0,1,5,Low
732,0,0,0,0,0,0,1,5,High
733,0,1,0,0,0,0,1,5,High
734,1,0,1,0,0,0,1,4,High
735,0,0,0,0,0,0,0,4,Low
736,0,0,1,0,0,0,0,5,High
737,0,1,1,0,0,0,0,4,High
738,0,0,0,0,0,0,0,5,Low
739,1,1,1,0,0,0,0,4,Low
740,1,1,1,0,0,0,0,4,Low
741,0,1,1,0,0,0,1,4,Low
742,0,0,0,0,0,0,1,5,Low
743,0,0,0,0,0,0,0,4,Low
744,0,0,0,0,0,0,1,5,High
745,0,0,1,0,0,0,0,5,High
746,0,0,1,0,0,0,0,4,High
747,0,1,1,0,0,0,1,4,Low
748,0,0,0,0,0,0,0,4,High
749,0,1,0,0,0,0,0,5,Low
750,1,0,0,0,0,0,1,5,Low
751,1,1,1,0,0,1,0,3,Low
752,1,0,0,0,0,1,1,5,Low
753,1,0,0,0,0,0,0,5,High
754,1,0,1,0,0,0,1,5,High
755,1,1,1,0,0,0,1,5,Low
756,0,1,0,0,0,0,1,4,Low
757,0,1,0,0,0,0,0,4,Low
758,0,0,0,0,0,0,0,4,Low
759,0,0,1,0,0,0,0,5,High
760,1,0,0,0,0,0,0,3,Low
761,0,1,0,0,0,0,0,3,Low
762,1,0,0,0,0,0,1,3,Low
763,0,0,0,0,0,0,1,3,Low
764,0,0,1,0,0,0,1,5,High
765,0,0,0,0,0,0,0,4,High
766,0,1,0,0,0,0,0,5,Low
767,1,0,0,0,0,0,0,3,High
768,0,0,0,0,0,0,1,5,Low
769,1,0,0,0,0,0,0,5,Low
770,0,0,0,0,0,0,0,5,Low
771,0,0,0,0,0,0,0,5,Low
772,0,0,0,0,0,0,0,5,Low
773,1,0,0,0,0,0,0,5,Low
774,1,0,0,0,0,0,0,5,Low
775,0,1,1,0,0,0,0,4,Low
776,1,0,0,0,0,0,0,3,Low
777,1,0,0,0,0,0,0,5,High
778,0,0,0,0,0,0,0,5,High
779,0,0,0,0,0,0,0,5,Low
780,1,0,1,0,0,1,0,4,Low
781,1,0,1,0,0,0,0,3,High
782,1,1,0,1,0,0,1,5,Low
783,0,1,0,0,0,0,1,4,High
784,0,1,0,0,0,0,1,4,Low
785,0,0,1,1,0,0,0,5,Low
786,1,0,0,0,1,0,0,4,Low
787,1,0,0,0,0,0,0,5,Low
788,1,1,0,0,0,0,1,5,Low
789,0,1,0,0,0,0,1,4,Low
790,1,0,0,0,0,0,1,5,High
791,0,0,0,0,0,0,0,4,High
792,0,1,0,0,0,0,1,4,Low
793,0,0,0,0,0,0,0,5,Low
794,0,0,1,0,0,0,0,4,Low
795,1,0,1,0,0,0,0,5,Low
796,0,1,0,0,0,0,0,5,High
797,1,0,0,0,0,0,0,5,Low
798,0,0,0,0,0,0,0,5,Low
799,1,0,0,1,0,0,0,5,High
800,0,0,0,0,0,0,0,4,Low
801,1,0,0,1,0,0,1,5,Low
802,1,1,0,1,0,0,1,3,Low
803,0,0,0,0,0,0,1,5,Low
804,0,1,0,0,0,0,0,4,Low
805,0,0,0,0,0,0,0,5,Low
806,0,0,0,1,0,0,1,5,Low
807,0,1,0,0,0,0,0,3,Low
808,0,1,0,1,0,0,1,5,High
809,0,1,0,0,0,0,0,4,Low
810,0,0,0,0,0,0,0,5,Low
811,0,0,0,1,0,0,0,4,High
812,0,0,0,0,0,0,0,5,Low
813,0,0,0,0,0,0,0,5,Low
814,0,1,0,0,0,0,0,4,Low
815,0,0,0,0,0,0,1,5,High
816,0,0,0,0,0,0,0,5,High
817,0,0,0,1,0,0,1,5,High
818,0,0,1,0,0,0,1,3,Low
819,1,0,0,0,0,0,1,3,Low
820,1,0,0,0,0,0,0,3,Low
821,0,0,0,0,0,0,0,5,Low
822,1,1,0,0,0,0,0,3,Low
823,1,0,0,0,0,0,0,4,High
824,0,0,0,0,0,0,1,5,High
825,1,1,1,0,0,0,0,4,Low
826,0,0,0,1,0,0,1,4,Low
827,1,1,0,0,0,0,1,3,Low
828,1,0,1,0,0,1,0,4,High
829,0,0,0,0,0,0,0,5,High
830,0,0,0,0,0,0,0,5,Low
831,0,0,0,0,0,1,0,5,Low
832,0,0,0,0,0,0,0,3,High
833,1,1,0,0,0,0,0,3,Low
834,0,1,0,0,0,0,0,3,Low
835,0,1,1,0,0,0,0,4,Low
836,0,0,0,0,0,0,0,5,High
837,1,1,0,0,0,0,1,3,Low
838,0,1,0,0,0,0,0,3,High
839,1,1,0,0,0,0,0,3,Low
840,0,0,1,0,0,0,1,5,Low
841,0,1,0,0,0,0,1,5,Low
842,0,0,0,0,0,0,0,4,High
843,0,0,0,0,0,0,1,5,Low
844,0,0,0,0,0,0,0,4,Low
845,0,0,0,0,0,0,0,5,Low
846,0,0,0,0,0,0,0,3,Low
847,0,0,0,0,0,0,0,5,High
848,0,0,0,0,1,0,0,4,High
849,0,0,0,0,0,0,0,4,Low
850,0,1,0,0,0,0,0,3,High
851,0,0,0,0,0,0,0,5,Low
852,0,0,0,0,0,0,0,4,High
853,0,0,0,0,0,0,0,5,Low
854,0,0,0,0,0,0,0,5,Low
855,0,0,0,0,0,0,0,4,Low
856,0,0,0,0,0,0,1,5,Low
857,1,1,0,0,0,0,1,5,Low
858,0,1,0,0,0,0,0,2,High
859,1,0,0,0,0,0,0,4,High
860,0,0,0,1,0,0,1,4,High
861,0,0,1,0,0,0,0,4,Low
862,0,0,0,0,0,0,0,5,Low
863,0,0,0,0,0,0,1,5,Low
864,1,0,0,0,0,0,0,5,High
865,0,0,0,1,0,0,1,5,High
