facility_id,fc01,fc02,fc03,fc04,fc05,fc06,fc08,fc09,fc10,fc11,fc13,fc14,fc15,fc16,fc18,fc19,fc20,fc21,fc22,fc23,fc24,fc25,fc27,fc28,fc29,fc31,fc33,fc35,fc36,fc37,fc38,fc39,fc40,fc41,fc42,fc43,fc44,fc45,fc46,fc47,fc48,fc49,fc50,fc51,fc52,fc53,fc54,fc55,fc56,fc57
FA0000009,,,,,,,,,2,,,,,,,,,,,,,,,,,,,,,,,1,,,,,,,,,1,,,1,,,,,,
FA0000010,,,,,,1,,1,1,,,,3,,,,,,1,,,1,,,,,,,,,,,2,,,,,,,1,,,1,1,,,,1,1,
FA0000011,,,,,,1,,,,,,,,,,,,,2,,,,,1,,,,,,,,,2,,,,,,,,,,1,,,,,,,
FA0000015,,,,,,1,2,,,,1,,1,,,,,,2,,,,,,,,1,,,,,,1,,,,1,1,,1,,1,,1,,,,,,
FA0000017,,,,,,,1,,1,,,,,,,,,,,,,1,,,,,,,,,,,,,,,,,,,1,,,2,,,,,,
FA0000018,,,1,,,,1,,,,,,,,,,,,2,1,,1,,,,,1,,,,,1,,,,,,,,,,,1,,,,,,,
FA0000021,,,,,,,,,,,,,,,,,,,,,,,,1,,,,,,,,,,,,,,,,,,,,,,,,,,
FA0000024,,2,,,1,,,2,2,,,,2,1,,,,,1,1,,,,,,,,,,,1,,1,,,,,,,,,,1,,,,,,,
FA0000025,,1,,,1,1,1,1,,,,,,,,,,,2,,,,,1,,,,,,,,,1,,,,,,,,1,,,1,,,,,,
FA0000026,,,,,,1,,,1,,,,,1,,,,,,,,,,2,,,,,1,1,,,,,,,1,,,,,,1,,,,,,,
FA0000030,,,,,,,1,,1,,,,,,,,,,,,,,,1,,,,,,,,,,,,,,,,1,,,,1,,,,1,,
FA0000031,,,,,,,1,,1,,,,,,,,,,,,,,,,,,,,,,,,,,,,,,,,,,,1,,,,,,
FA0000033,,,,,,,,,,,,,,,,,,,2,,,,,,,,1,,,,,1,,1,,,1,,,,,,1,2,,,,,,
FA0000038,,,,,,3,,,1,,,,2,1,,,,,2,,,,,1,,,1,,,,,,,,,,,1,,1,1,1,,1,,,1,2,1,
FA0000056,,,,,,,,,1,,,,,,,,,,,,,1,,,,,,,,,,,,,,,,,,,,,,,,,,,,
FA0000057,,1,,,,,,,1,,,,1,,,,,,3,1,,,,1,,,,,,,,,,,,,1,,,,1,,,1,,,,,,
FA0000061,,,,,,,,,1,,,,,1,,,,,,,,,,,,,,,,,,,1,,,,,,,,,,,3,,,,,,
FA0000063,,,,,,,1,,,1,,,,,,,,,,,,,,1,1,,,,,,,,,,,,,,,,1,,,,,,,,,
FA0000064,,,,,1,1,,,,,1,,,,,,,,1,,,,,3,,,1,,,1,,,1,,,,,,,,1,,,,,,,,,
FA0000067,,,,,,2,1,,,,1,,1,,,1,,,2,,,,,,,,1,,,,,,2,,,,1,,,1,2,,,,,,,,,
FA0000075,,,,,,,,,,,,,,,,,,,2,,,,,,,,,,,,,,,,,,,,,,,,,,,1,,1,,
FA0000079,,,1,,,1,,1,,,,,,,,,,,1,,,1,,,,,,,1,1,,1,1,,,,,,,,1,1,1,,,,,,,
FA0000084,,,,,,,,,,1,,,,,,1,,,,,,,,,,,,,,1,,,,,,,,,,,,,1,,,,,,,
FA0000086,,,,,,1,,,3,,1,,1,,,,,,,,,1,,1,,,,,,,,2,,,,,,,,,,,2,1,,,,,,
FA0000088,,,,,,,,,1,,1,,1,,,,,,1,,,,,1,,,1,,,,,1,,1,,,,,,1,1,,1,,,1,,1,,
FA0000089,,1,,,,,,,1,,1,,1,2,,,,,,,1,,,1,,,,,,1,,2,1,,,,2,,,,,,1,1,,,1,3,1,
FA0000092,,,,,,,,1,,2,,,,,,,,,2,,,1,,1,,,,,,,,,,,,,,,,,,,1,,,,,,,
FA0000093,,,,,,,1,1,1,,,,1,,,,,,1,,,1,,,,,,,,1,,,1,,,,1,,,,1,,1,,,,,1,,
FA0000095,,,,,,,1,,1,,,,,,,1,,,,,,1,,,,,,,,,,,,,,,,,,,,,,,,,,,,
FA0000098,,,1,,,2,,,1,,1,,,,,,,,2,,,,,,,,1,,1,1,1,,,,,,,,,,1,,,,,,,1,,
FA0000100,,1,,,,1,,,1,,,,,,,1,,,1,,,,,3,,,,,1,,,1,1,,,,,,,1,,,,1,,,,1,,
FA0000105,,1,,,1,,1,1,,,,,,,,,,,2,,,,,1,,,,,,,1,,,,,,,,,,,,,,,,,,,
FA0000106,,,1,,,,,,,,1,,1,,,,,,,,,,,1,,,,,,,,,,,,,,,,1,,,,1,,,,,,
FA0000108,,,,,,2,1,,,,,,1,,,,,,,,,,,,,,,,,,1,,1,,,,,,,1,,,,1,,,,,,
FA0000109,,,,,,,1,,2,,,,,,1,,,,,,,,,,,,,,,,,,,,,,,,,,,,,2,,,,,,
FA0000110,,,,,1,1,,,,,,,,,,,,,,,,,,,,,,,,,,,,,,,,,,,,,,2,,,,1,,
FA0000112,,,,,,,,,,,,,,,,,,,,,,,,,,,,,,,,,1,,,,,,,,,,,,,,,,,
FA0000113,,,,,,,1,,1,,,,1,,,,,,1,,,,,1,,,,,,,1,,,,,,,,,1,,,,1,,,,1,,
FA0000115,,,,,,,,,1,,,,,,,,,,,,,,,,,,,,,,,,,,,,,,,,,,,,,,,,,
FA0000123,,,,,,1,,,,,,,,,,,,,,,,,,,,,,,1,,1,1,,,,,,,,,1,,,,,,,,,
FA0000124,,,1,1,,1,2,1,,,,,1,,,,,,1,,,,,2,,,1,,,,,,1,,,,,,1,,,,,,,,,,,
FA0000127,,,,,,,,,1,,,,1,,,,,,,,,,,,,,,,,,1,,,,,,,,,,,,1,,,,,,,
FA0000130,,,,,,,,,,,,,,,,,,,1,,,,,1,,,,,,,,1,,,,,,,,,,,1,,,,,,,
FA0000132,,,1,,,,,,1,,,,,,,,,,1,,,1,,2,,,,,,1,,,2,,,,1,,,1,,,,1,1,,,,,
FA0000133,,,,,,,,,,,,,1,,,1,,,1,,,,,,,,1,,,,,,,,,,,,,,,,1,,,,,,,
FA0000135,,,1,,1,,,1,,1,,,,,,,,,,1,,2,,1,,,,,,,,,,,,,,,,,,,,,,,,,,
FA0000139,,,,,,2,1,,1,,,,1,,,,,,1,,,,,,,,,,,1,,,1,,,,1,,,1,,,,1,,,,2,1,
FA0000140,,,,,,1,1,1,,,1,,2,1,,,,,2,,,2,,1,,,1,,,1,,,,,,,,,1,1,,1,,1,,,,1,1,
FA0000147,,1,,,1,1,1,,2,,,,,,,1,,,1,1,,,,1,,,,,1,,,1,1,,,,,,,,,1,1,,,1,,1,,
FA0000150,,,,,,,,,,,,,,,,,,,1,,,,,,,,,,,,,,1,,,,,,,,,,,,,1,,,,
FA0000152,,,1,,,,,,,,,,,1,,,,,1,,,1,,1,,,1,,,,,,2,,,,,,,,2,,,1,,,,,,
FA0000157,,,,,,,1,,1,,,,1,,,,,1,1,,,,,1,,,,,,,,,1,1,,,,,,,,,,,,,,,,
FA0000159,,,,,,,1,1,1,,,,1,,,,,,2,,,,,,,,,,,,,,1,,,,,,,,1,,1,,,,,1,,
FA0000162,,,,,,2,,,,,1,,1,,,,,,1,,,,,2,,,,,,1,,1,1,,,,,,1,1,,,,1,,,,,,
FA0000164,,1,1,,1,1,1,,1,,,,1,1,,,,,,1,,1,,1,,,,,,,1,2,1,,,,1,,1,1,,1,2,,,,,1,1,
FA0000165,,,,,,1,,,1,,,,,,,,,1,,,,,,,,,,,,,,,1,1,,,,,,,1,,,,,,,,,
FA0000181,,,1,,,1,1,,1,,,,,,,,,,,,,,,2,,,1,,,,,,1,,,,,,,,,,,,,,,,,
FA0000182,,1,1,,1,2,2,,3,,,,2,1,,,,2,3,1,,,,1,,,2,,2,1,,2,,,,,1,,,1,3,,1,,,1,,,1,1
FA0000185,,,,,,1,,,,,,,1,,,,,,2,,,,,,,,,,,,,,,,,,,1,,,,,,,,,,,1,
FA0000191,,,,,,,,,1,,,,2,1,,,,,,,,,,2,,,,,,,1,,,,,,,,,,,,1,1,,,,1,,
FA0000192,,,,,,,,1,2,,,,,,,,,2,3,,,,,3,,,3,,1,,1,,1,,,,1,1,,1,2,1,,1,1,1,1,1,1,1
FA0000193,,1,,,1,,,,1,,,,,,,,,,1,1,,,,,,,,,,,,,,,,,,,,,,,,,,,,,,
FA0000200,,,,,,1,,2,1,,2,,1,,,,1,,4,1,,1,,,,,3,,,,,1,,,,,,,,,,,,,,1,,,,
FA0000210,,,2,,,1,,,3,,,,1,1,,,,,3,,,1,,1,,,1,,,,,,,,,,,,,1,1,,,1,,,,,,
FA0000225,,,,,,,,,2,,,,,,,,,,1,,,1,,1,,,,,,,,,,,,,,,,,,,1,,,,,,,
FA0000230,,,,1,,1,1,,2,,,,,,,,,,1,,,,,1,,,,,,,,,2,,,,,,,1,,,,,,,,,,
FA0000233,,,,,,,1,,,,,,1,1,,,,,,,,,,1,,,,,,,,2,,1,,,,,,,,,,,,,,,,
FA0000234,,,,,,1,2,1,1,,,,1,,,,,2,1,,,,,2,,,1,,1,,,,,,,,,,,1,,,,2,,1,,1,,
FA0000237,,,2,,,1,1,,2,,,,2,2,,,,,2,,,,,3,,,2,,1,,,,1,1,,,1,,1,2,3,1,1,2,,1,,2,3,
FA0000238,,,,,,1,,,3,,,,,1,,,,,2,,,,,2,,,1,,1,,,1,1,,,,1,,,,,,,1,,,,,,
FA0000240,,,,,,2,1,,,,,,1,,,,,,1,,,,,1,,,,,1,,,,,,,,,,,,,,1,1,,,,1,,
FA0000242,,,,,,1,,,1,,,,,,,,,1,2,,,,,1,,,,,,,,,,,,,,,,1,,,,1,,,,,,
FA0000245,,1,1,,1,1,,,1,,,,,1,,,,1,2,,,,,,,,2,,1,,,2,,,,,,,,,,,,,,,,,,
FA0000247,,1,,,,,,1,,1,,1,1,1,,,,,1,1,,2,,1,1,,,,,,,,1,,,,,,,,,,,,,,,,,1
FA0000251,,,,,1,2,,1,1,,,,1,,,,,1,3,,,1,,1,,,,,1,,1,,,,,,1,,1,1,2,,1,1,,,,1,,
FA0000252,,,1,,,,1,1,1,,,,,,,,,,1,,,,,,,,,,,,,1,,,,,,,,,1,,1,,,,,,,
FA0000253,,,1,,,,,,,,,,,,,,,1,3,,,1,,1,,,,,,,,,1,1,,,,,,1,,,,,,,,,,
FA0000256,,,1,,,,,,,,1,,1,,,,,,1,,,1,,1,,,1,,,,,,,,,,,,,,2,,,1,,,,,,
FA0000257,,2,2,,1,,1,1,3,,1,,,,,,,1,2,,,,,2,,,1,,,,,,3,,,,,,,1,2,,,2,1,,,,,
FA0000258,,,,,,,,,1,,,,,,,,,,2,,,,,,,,1,,2,,,1,2,,,,,,,,1,,,,,,,,,
FA0000278,,,,,,1,,1,,,,,,,,,,,3,,,,,,,,,,,,,,,,,,,,,,,,,,,,,,,
FA0000279,,,,,,1,1,,,,,,,,,,,,,,,,,,,,,,,,,,,,,,1,,,,1,,,,,,,1,,
FA0000281,,,,,,,,1,2,,,,,1,,1,,,2,,,,,1,,,1,,,,,,3,,,,1,,,,1,,1,,,,,,,
FA0000288,,,1,,,1,,,1,,,,1,,,,,,,,,,,,,,,,1,,,1,1,,,,,,,1,1,,1,,,1,,1,,
FA0000291,,,,,,,,,,,,,,,,,,1,,,,1,,,1,,,,,,,,,,,,,,,1,1,,,,,,,1,1,
FA0000293,,,,,1,,2,2,2,,1,,,,,,1,,2,,,,,2,,,,,,,,,,,,,1,,,,,,,,,,,,,
FA0000295,,,,,,,,,2,,,,,,,,,,1,,,,,,,,,,,1,,,,,,,,,,,,,,,,,,,,
FA0000303,,,1,,,,,,1,,,,,,,,,,1,,,,,,,,,,,,,,,,,,,,,,1,,,,,,,,,
FA0000304,,,,,,,1,,1,,,,,,,,,,1,,,,,,,,,,,,,,,,,,,,,,2,,,2,,,,,,
FA0000314,,,,,,2,,1,,,1,,1,,,,,1,1,,,2,,3,,,1,,2,,,,1,1,,,,,,1,2,,1,1,,,,2,,
FA0000326,,1,,,,2,,,2,,,,,,,,,,,,,,,1,,,,,,,,,1,,,,,,,,,,1,,,,,,,
FA0000327,,,1,,,2,,,1,,,,,,,,,,,,,,,1,,,,,,,,1,,,,,,,,,,,,1,,1,,,,
FA0000329,,,,,,,,,1,,,,,,,,,,,,,,,,,,,,,,,,,,,,,,,,,,,,,,,,,
FA0000330,,,,,,,,,,,,,,,,,,,,,,,,,,,,,,,,,,,,,,,,,1,,,,,1,,,,
FA0000331,,,,,,2,,,3,,2,,1,,,,,,4,,,,,1,,,2,,,1,1,1,1,,,,,,,1,1,,1,,,,,1,1,
FA0000332,,,,,,2,,,,,,,,,,,,,2,,,2,,,,,1,,,,,,2,,,,,,,,,,,,,,,,,
FA0000333,,,,,,,1,,,,,,1,1,,,,,2,,,,,,,,1,,1,,,,,,,,1,,,,2,,1,,,,,,1,
FA0000335,,,,,,,,1,2,,,,,,,,,,,,,,,,,,,,,,,,,,,,,,,,,,,,,,,,,
FA0000336,,,,,,,,,2,1,,,,,,,,,2,,,,,1,,,2,,2,,,,1,,,,,,,,1,,,1,,1,,,,
FA0000337,,,,,,,,,,,1,,,,,,,,1,,,,,,,,1,,,,,,,,,,,,,,,,,,,,,,,
FA0000339,,,1,,,,1,,,,,,,,,,,,1,,,,,1,,,,,,1,1,,1,,,,,,,,,,,1,,,,,,
FA0000340,,,,,,1,,,,,,,,,,,,,1,,,,,,,,,,,1,,,1,,,,,,,,1,,,,,,,,,
FA0000342,,,,,,1,,,,,,,2,,,,,,2,,,1,,1,,,,,1,,,1,2,,,,,,,1,,,,3,,1,,1,1,
FA0000343,,,,,,,,,1,,,,,,,,,,,,,,,,,,,,,,,,,,,,,,,,,,1,1,,,,,,
FA0000346,,,,,,3,,,1,,,,,1,,,,,,,,,,1,,,,,1,,,,2,,,,1,,,1,,,,,,,,,,
FA0000347,,,,,1,,,,,,,,2,2,,,,,,,,,,,,,,,2,,,,2,1,,,,,,,3,2,,1,,,,1,1,
FA0000350,,,,,1,3,1,2,,,,,,,,,,1,,,,,,1,,,,,,,,,,,,,,,,,2,,,3,,,,,,
FA0000351,,,,,1,,1,,,,,,,,,,,,,,,,,1,,,,,1,,,,,,,,,,,,,,,2,,,,1,,
FA0000355,,,1,,,3,1,2,2,,,,,1,,,,,2,1,,,,1,,,1,,,,,,1,,,,,,,,,,,,,1,,,,
FA0000356,,,1,,,,,,,,,,1,,,,,1,2,,,,,1,,,,,,,,,,,,,,,,,,,,,,,,,,
FA0000359,,,,,,1,,,1,,1,,2,,,,,,1,,,,,1,,,1,,,,,2,1,1,,,,,1,,1,,2,2,,1,,1,,1
FA0000360,,,,,,,,,,,,,1,1,,,,,1,,,,,2,,,,,1,,,,,,,,,,,,,,,,,,,1,,
FA0000364,,,1,,,1,,,,,1,,1,,,,,,,,,,,2,,,,,1,,,,2,,,,,,,,,,,,,,,,,
FA0000365,,1,1,,1,3,,1,2,,,,1,,,,,1,2,,,1,,3,,,,,,,,1,,,,,,,1,1,,,,,,,,,,
FA0000371,,,,,1,,1,,3,,,,1,,,,,,2,,,,,,,,,,,,1,,,,,,,,,,,,1,,,,,,,
FA0000372,,,,,,2,1,1,,,,1,,,,,,,1,,,,,1,2,,,,,,,,1,,,,,,,,,,,,1,1,,,,
FA0000375,,,1,,,,1,,,,,,,,,,,,1,,,,,,,,,,,,,,,,,,,,,1,,,,,,,,1,,
FA0000378,,,1,,,,,,,,,,,,,,,1,,,,,,,,,,,,,,,,,,,,,,,,,,,,,,,,
FA0000384,,,,,,,,,,,,,1,,,,,,2,,,,,,,,1,,,,,,,,,,,,,1,,,,1,,,,,,
FA0000386,,,2,,,1,,,,,,,,1,,,,,,,,,,,,,,,,,,1,,,,,,,,1,1,,,1,,1,,1,,
FA0000387,,,,,,4,,,2,,,,1,,,1,,,1,1,,,,2,,,1,,,,,,1,,,,,,,1,,,,,,,,1,1,
FA0000389,,,,,1,,,,1,,1,,,,,,,1,2,1,,,,,,,1,,1,,,,,,,,,,,1,,,,,,,,1,,
FA0000390,,1,,,1,,,,1,,,,,,,,,,2,,,,,,,,,,1,,,,1,,,,,,,,,,,,,,,,,
FA0000391,,1,,,1,1,,,,,,,3,,,,,,1,,,,,,,,,,,,,,,,,,,,,,,2,,,,,,2,,
FA0000392,,,1,,,,1,,1,,,,,,,,,,1,,,,,1,,,,,,,,,1,,,,,,,,,,,,,,,,,
FA0000394,,,,,,,,,1,,,,,,,,,,,,,,,,,,,,,,,,,,,,,,,,,1,1,,,,,1,,
FA0000396,,1,,,1,1,,,1,,,,2,,,,,1,1,,,1,,,,,,,,,,2,,,,,,,,1,,,,,,,,1,,
FA0000399,,,,,,1,1,,,,,,,,,,,,,,,1,,1,,,,,,,,1,1,,,,,,,,1,,1,,,,,,,
FA0000401,,,,,,1,1,,1,,,,2,1,,,,1,2,,,1,,1,,,1,,,1,,,,,,,,1,,2,1,,1,1,,,,2,,
FA0000402,,,,,,,,,,,,,,1,,,,,1,,,,,,,,1,,,,,1,1,,,,,,,,,,1,,,,,,,
FA0000406,,,,,,1,1,,1,,,,,1,,,,,1,,,,,,,,,,,,,,1,,,,,,,1,,,,2,,,,,,
FA0000407,,,,,,,,,1,,,,,1,,,,,1,,,,,,1,,1,,,,,,1,,,,,,,,,,,,,,,,,
FA0000411,,1,,,,,,,2,,1,,1,,,,,,1,,,2,,1,,,,,1,,,1,1,,,,,,,,,,,,,,,,,
FA0000414,,,1,,,2,,1,,,1,,,,,,,,2,,,,,2,,,,,,,,1,2,,,,,,,,,,1,,,,,,,
FA0000416,,,,,,2,1,,3,,2,,,,,,,1,3,,,1,,1,,,1,,,,,1,1,,,,,,,,,,2,,,,,,,
FA0000418,,,,,,1,1,,1,,,,,,,1,,,,,,,,,,,,,,,,1,2,,,,,,,1,,,,,,,,,,
FA0000421,,,,,,1,1,1,2,,1,,,,,,,,3,,,,,,,,,,,,1,,1,,,,,,,,,,,1,,,,,,
FA0000432,,,,,,,,,,,,,1,,,,,,,,,,,,,,,,,,,1,,,,,,,,,2,,,1,,,,,,
FA0000435,,2,1,,1,1,1,1,2,,,,1,,,,,,4,1,,,,2,,,2,,1,,,2,,,,,,1,,1,1,,1,2,,,,,1,
FA0000436,,,,,1,1,1,1,1,,,,,1,,,,,,,,,,,1,,,,,,,,,,,,,,,,,,,2,,,,,,
FA0000442,,,,,,,,,,,1,,,,,,,,2,,,,,,,,1,,,1,,,,,,,,,,,,,,,,,,1,,
FA0000443,,1,,,1,2,1,2,1,1,,,,,,,,,2,1,,,,1,,,1,,1,,,1,,,,,,,,,,,,1,,,,,,
FA0000445,,,1,,1,3,1,,3,,,,,,,,,1,4,,,1,,,,,1,1,1,,,1,1,,,,,,,,,,,4,,,,,,
FA0000447,,,1,,,,2,,,,,,,1,1,,,2,2,,,1,,1,,,2,,,,,,2,,,,,,,,1,1,1,,,,,1,,
FA0000449,,,1,,,1,1,2,2,,,,,1,,,,,1,,,,,1,,,1,,,,,,1,,,,1,,,1,1,,,,,,,,,
FA0000451,,,,,,1,,,,,,,,1,,,,,1,,,,,,,,1,,,,,,,,,,,,,,,,,,,,,,,
FA0000455,,,2,,,,1,,,,,,1,,,,,,1,,,1,,1,,,2,,,,1,,1,,,,,,,,,,,,,,,1,,
FA0000456,,,,,,,1,,,,,,1,,,,,,2,,,,,,,,1,,1,1,,,1,1,,,1,,,,,,,,,,,1,,
FA0000457,,,,,,1,,,,,,,,,,,,1,,,,,,,,,,,,,,,,,,,,,,,1,,,,,,,,,
FA0000458,,2,,,2,,1,1,7,,1,,1,1,,,,1,3,1,,,,2,,,2,,1,,,3,1,,,,,,,,,,3,,2,,,,1,
FA0000462,,,1,,,1,,,2,,,,1,,,,,,2,,,,,,,,,,1,,,,,,,,,,,1,3,,1,1,,,,,1,
FA0000466,,1,,,1,2,,,2,,,,1,1,,,,,2,,,,,2,,,1,,1,,1,,1,,,,,1,,1,,1,,3,,,,1,,1
FA0000467,,,,,1,2,1,1,1,,,,,,,,,,,,,1,,,,,,,,,,1,1,,,,,,,,,,,,,,,,,
FA0000473,,,1,,,1,,,,,,,1,,,,,,1,,,1,,,,,1,,1,,,1,,,,,,,,,,,,,,,,,,
FA0000474,,1,1,,1,1,1,,1,,,,1,,,,,,1,,,2,,1,,,,,1,,,1,,,,,,,,1,1,,,1,,,,1,,
FA0000476,,,,,,1,,,1,,,,,1,,,,1,1,,,,,2,,,,,,,,,,,,,,,,,,,,,,,,,,
FA0000481,,,,,,,,,,,,,,,,,,,,,,1,,,,,,,,,,,,,,,,,,,1,,1,,,,,,,
FA0000484,,,,,,3,2,,,,1,,,1,,,,,,,,,,1,,,,,1,,,1,,,,,,,,1,,,,,,,,1,,
FA0000486,,,2,,,1,1,2,,,,,1,,,,,,2,,,3,,1,1,,,,1,,,,2,,,,1,,,1,,,,1,,,,1,1,
FA0000487,,,,,,1,,,2,,,,1,,,,,,,,,,,1,,,,,,1,,,,1,,,,,1,1,,1,,1,,,,,,
FA0000493,,1,,,1,1,4,,,,1,,,2,,,1,,4,,,,,1,,,1,,,,,1,3,,,,,,,1,1,1,2,,1,,,1,1,
FA0000494,,,,,,1,,,1,,,,,,,,,,,,,1,,2,,,1,,1,,,,2,,,,,,,1,1,,1,,,,,1,,
FA0000500,,,,,,,,,,,1,,,,,,,,1,,,,,,,,,,,,,,,,,,,,,,,,,1,,,,,,
FA0000502,,,,,,,1,1,1,,,,,,,,,1,1,,,1,,2,,,,,,,1,,1,,,,,,,,,,,,,,,,,
FA0000511,,,1,,,,,,,,,,,,,,,,,,,,,,,,,,,,,,1,,,,,,,,,,,,,,,,,
FA0000515,,1,,,1,1,1,1,,,,,1,,,,,,1,,,2,,1,,,1,,,,1,,,,,,,,,1,,,,,,,,,,
FA0000522,,,,,,2,,,,,,,,,,,,,1,,,1,,1,,,,,,,,1,,1,,,,,,,,,,,,,,,,
FA0000526,,,,,,2,,,1,,,,1,,,,,,1,,,,,1,,,1,,,,1,1,,,,,,,,,2,,,2,,,,,,
FA0000534,,,1,,,1,,,1,,,,1,,,,,,2,,,1,,2,,,1,,,,1,3,1,1,,,,,,1,,,,,,,1,1,,
FA0000535,,1,,,1,1,,,2,,,,1,1,,,,,1,,,,,1,,,,,,,,,1,,,,,,,1,1,,,,,,,,,
FA0000536,,,1,,,,1,,,,,,,1,,,,,1,,,,,1,,,,,,,,,2,1,,,1,,,,,,,1,,,,,,
FA0000538,,,,,,2,,,,,,,,,,,,,,,,,,,,,,,,,,,,,,,,,,,,1,,,,,,,,
FA0000541,,,1,,,,,,2,,,,,,,,,,,,,,,,,1,,,,,,,,,,,,,,,1,,1,,,,,,,
FA0000544,,1,1,,1,,1,,1,,,,,,,,,,,1,,,,,,,,,,,,1,,,,,,,,,,,,,,,,,,
FA0000545,,,,,1,,,,1,,,,,,,,,,,1,,,,1,,,,,,,1,,2,,,,,,,,,,,1,,,,,,
FA0000547,,,1,,,,,,1,,,,1,2,,,,,1,,,,,1,,,1,,2,,,,,1,,,1,,,1,,1,,,,,,1,,1
FA0000556,,,,,,,,,1,,,,,,,,,,2,,,,,,,,1,,,,,,,,,,,,,,1,,,,,,,,,
FA0000558,,,,,,,,,,,,,,,,,,,1,,,,,,,,,,1,,,,,,,,,,,,,,,,,,,,,
FA0000567,,,,,,,,,,,,,,,,,,,,,,,,1,,,,,,,,,,,,,,,,,2,,,,,,,,,
FA0000572,,,,,,,,1,,,,,1,,,,,,1,,,,,1,,,,,,,,2,,,,,,,,,,1,,,,,,,,
FA0000574,,1,,,1,1,1,1,,,,,,,,,,,1,,,1,,,,,1,,,,,,1,,,,,,,1,,,,,,,,,,
FA0000578,,,,,1,1,,,2,,,,1,,,,,,1,1,,,,2,,,1,1,,,,1,,,,,,,,,,,,1,,,,1,,
FA0000579,,,,,,1,,,,,,,,,,,,,,,,,,,,,,,,,,,1,,,,,,,,,,,1,,,,,,
FA0000580,,,,,,,,,2,,,,,,,,,,,,,,,2,,,,,2,,1,,,,,,,,,,,,,,,,,,,
FA0000582,,,1,,,1,2,1,2,,,,1,,,,,1,1,,,1,,1,1,,1,,,,1,1,2,,,,,,,2,,,,1,,,,1,,
FA0000587,,1,,,1,,,,3,,,,2,,,,,,2,1,,,,,,,,,,1,1,2,1,,,,,,1,1,,,,,,,,2,,
FA0000590,,,2,,,5,2,1,2,,,,1,1,,,,,2,,,,,4,,,4,,,,,,3,2,,,1,,,,1,,,1,,,,,,
FA0000592,,1,,,,1,,,,,1,,1,,,1,,,,1,,1,,2,,,,,1,,,1,,1,,,,,,,,,1,,,,,,,
FA0000594,,,,,,,,,2,,,,,,,,,,2,,,,,2,,,,,,,,1,,,,,,,,1,,,,2,1,,,,,
FA0000599,,,,,,2,,,1,,,,,,,,,,,,,,,,,,,,,,,,,,,,,,,,,,,,,1,,,,
FA0000603,,1,2,,,,1,1,1,,1,,,,,,,1,2,,,1,,1,,,1,,,,,,1,,,,,,,,,,1,1,,,,,,
FA0000605,,1,,,1,,,,1,,,,,,,,,,,,,,,1,,,,,,,,,1,,,,,,,,2,,,,,,,,,
FA0000611,,,1,,,1,1,1,2,,,,2,2,,,,,1,,,,,3,,,2,,2,,1,1,1,,,,,,,,2,,,,,1,,2,,
FA0000613,,1,,,1,2,1,2,1,,1,,,,,,,,1,1,,,,1,,,1,,,,,1,1,,,,,,,,,,,,,,,,,
FA0000614,,,,,,1,,,,,,,1,,,,,,1,,,,,,,,,,,1,,,,,,,,1,,,,,,1,,,,,,
FA0000615,,,1,,,,,1,,,1,,2,,,,,,2,,,1,,1,,,3,,,,,,1,,,,2,,,,,1,1,,,,,2,1,
FA0000616,,,,,,2,2,2,1,,1,,,,,,,,1,,,,,,,,,,,,,,1,,,,,,,,,,1,,,,,,,
FA0000621,,,,,,1,,,1,,,,,,,,,,,,,,,,,,,,1,,,,,,,,,,,,,,1,1,,,,,,
FA0000624,,1,,,1,1,2,2,3,,,,,,,,,,3,2,,1,,1,,,1,,,,,1,,,,,,,,,,,1,,,,,,,
FA0000627,,,,,,3,,,1,,,,1,1,,,,1,3,,,2,,2,1,,1,,,1,1,1,1,1,,,,,,1,,,1,1,,,,,,
FA0000628,,1,1,,,,,,,1,,,1,,,,,1,4,,,1,,1,,,2,,,,,,,,,,,,,,,,,,,1,,,,
FA0000629,,,,,,,,,1,,,,,,,,,,,,,,,,,,,,,,,,,,,,,,,,,,,,,,,,,
FA0000630,,1,,,,2,,,,,,,,,,,,,,,,,,1,,,,,2,,,,,1,,,,,,,,,,,,,,,,
FA0000633,,,1,,,,,,,,,,,,,,,,,,,,,,,1,,,,,,,,,,,,,,1,1,,,1,,,,,,
FA0000639,,,,,,,,,1,,,,,,,,,,1,,,,,1,,,,,2,,,,1,,,,,,,,,,,,,,,,,
FA0000642,,,,,,,,,1,,,,,,,,,,,,,,,1,,,,,,,,,,,,,1,,,,,,1,2,,,,,,
FA0000644,,,1,,,,,,3,,,,,,,,,,2,,,,,1,,,1,,,,,,,1,,,,,,,,,,2,,,,,,
FA0000649,,1,,,1,,,,2,,,,2,,,,,1,1,,,,,,,,,,,,,,,,,,,,,,,,,,,,,,,
FA0000653,,,,,,,1,,,,,,,,,,,2,,,,,,1,,,,,,,,,,,,,,,,,,,,2,,,,,,
FA0000654,,,1,,,2,2,,3,,1,,2,,,1,,2,1,1,,1,,2,,,1,,1,,1,3,2,,,,,,,,,,2,4,2,3,,1,,
FA0000655,,,,,,1,1,1,,,,,,,,,,,3,,,,,,,,,,,,,,1,,,,,,,,,,,,,,,,,
FA0000656,,,,,,3,1,,1,,,,1,1,,,,1,3,,,,,2,,,1,,1,,,,1,,,,2,1,1,1,1,1,,1,,1,,1,1,
FA0000657,,1,,,,1,1,,,,,,,,,,,,,,,,,,,,,,,,,,,,,,,,,,,,,,,,,,,
FA0000658,,,1,,,,,,,,,,,,,,,,2,,,1,,,,,,,,,,,,,,,,,,,,,,,,1,,,,
FA0000659,,,1,,,,,,1,,,,,,,,,,1,,,,,,,,,,,,,,1,,,,,,,,1,,,,,,,,,
FA0000660,,,,,,1,,1,1,,1,,2,2,1,,,1,3,,,1,,2,,,1,,,,,,2,,,,,1,,,,,,1,,,,2,,
FA0000661,,,,,,,,,,,,,,,,,,,2,,,,,1,,,,,,,,,1,,,,,,,,1,,,,,,,,,
FA0000665,,,,,,,,,,,,,,,,,,,,,,,,,,,,,1,,1,,,,,,,,,1,,,,,,,,1,,
FA0000666,,,,,,,2,1,,,,,,,,,,,1,,,,,1,,,1,,,,,1,1,,,,,,,,,,1,1,,,,,,
FA0000667,,,,,,,1,,1,,,,,1,1,,,1,1,,,,,2,,,1,,,,,1,1,,,,1,,,1,,1,1,1,,,,,,
FA0000672,,1,,,1,2,,1,1,,,,,,,,,,,,,,,2,,,,,,1,,,,,,,,,,,,,,,,,,,,
FA0000673,,,,,,,,,,,,,1,,,,,,,,,,,1,,,,,1,,,,,,,,,,,1,1,,1,,,,,,,
FA0000674,,,,,,,3,2,,,,,,,,,,,1,,,1,,2,,,1,,,,,1,1,,,,1,,,,,,1,,,,,,,
FA0000675,,,1,,,,,1,1,,,,,,,,,,2,,1,,,,,,1,,,,,,1,,,,,,,,1,,,,,,,,,
FA0000677,,1,,,1,2,1,,,,,,2,1,,,,,1,,,,,1,,,,,1,,2,2,1,,,,,1,1,,,,1,1,,,,1,,
FA0000678,,,1,,,,,,1,,,,,1,,,,1,2,,,,,,,,1,,,,,,,,,,,,,,,,,1,,,,,,
FA0000679,,,,,,1,,,,,,,,2,,,,,1,,,,,1,,,1,,,,,,1,,,,,,,,,,,1,,,,,,
FA0000680,,,,,,,,,1,,,,,,,,,,,,,1,,,,,,,,,,,,,,,,,,,,,,1,,,,,,
FA0000682,,1,,,1,1,,,3,,,,1,,,,1,1,1,1,,,,1,,,2,,,,,,,,,,,,,,,,2,,,,,,,
FA0000684,,,1,,,2,1,,,,,,,,,1,,,3,,,,,,,,,,,,,,1,,,,1,,,,,,,2,,,,,,
FA0000685,,1,1,,1,,,1,,,,,1,,,,,,,,,1,,1,,,,,,,,,1,,,,,,,,1,,,,,,,,,
FA0000688,,,,,1,,1,,,,,,,,,,,1,,,,1,,,,,,,,,,,,,,,,,,,1,,,,,,,,,
FA0000694,,,,,,1,,,,,1,,1,,,,,,,,,,,,,,,,,,,,,,,,,,,,,,,1,,,,,,
FA0000696,,,,,,,,,1,,,,1,,,,,,,,,,,,,,,,,,,,1,,,,,,,,,,,,,,,,,
FA0000697,,,,,,1,1,1,,,,,,,,,,1,2,,,2,,1,1,,1,,,,,,,,,,,,,,,,,,,,,,,
FA0000713,,,,,1,1,1,,1,,,,,,,,,,1,1,,,,1,,,,,,,,,,,,,,,,,,,,,,,,,,
FA0000714,,,,,,1,,,,,1,,,,,,,,,,,,,1,,,,,,,,,,,,,,,,,,,,,,,,,,
FA0000720,,,,,,2,,,2,,1,,,,,,,,1,,,1,,1,,,,,,,1,,1,,,,1,,,,1,,,1,,,,,,
FA0000721,,,1,,,1,,1,1,,1,,2,,,,,,1,,,,,1,,,1,,,,,1,,,,,,1,,1,1,,1,1,,,,,,
FA0000724,,,,,,,,1,,,,,,,,,,,1,,,1,,,,,,,,,,,,,,,,,,,,,,,,,,,,
FA0000725,,,,,,1,1,,1,,,,1,,,,,,1,,,,,,,,,,,1,,1,1,,,,,1,,,1,,,1,,,,1,,
FA0000728,,,,,,,,,,,,,,2,,,,,,,,,,3,,,,,,,1,,1,,,,,,,,1,,,,,,,,,
FA0000731,,1,,,1,1,,,,,,,,,,,,,,1,,,,1,,,,,,1,,,,,,,,,,,,,,,,,,1,1,
FA0000737,,,,,,,,,,,,,1,,,,,,1,,,,,,,,,,,1,,,,,,,,,,,,,,,,,,1,,
FA0000738,,,2,,1,2,,1,4,1,,1,,,,1,,3,4,,,,,,,,2,,,,,1,1,,,,,,,,1,,2,1,,,,,,
FA0000743,,,,,,,,,1,,,,,,,,,,1,,,,,1,,,1,,,,,,,,,,,,,,,,,,,,,,,
FA0000747,,,,,,1,,,2,,,,1,,,,,,1,,,1,,,,,,,,,,,,1,,,1,,,1,,,,,,,,,,
FA0000748,,,1,,,2,,,,,,,,,,,,,1,,,,,1,,,1,,,,,1,2,,,,,,,,,,,2,,,,,,
FA0000751,,,,,1,,,1,1,,,,,1,,,,,,,,,,1,,,,,,,,,,,,,,,,,,,1,,,,,,,
FA0000754,,1,,,,,2,,1,,,,,,,,,1,2,1,,,,1,,,,,,,,,,,,1,,,,,,,,,,,,1,,
FA0000758,,,,,1,,,,,,,,2,,,,,,1,,,1,,1,,,,,,,,,2,,,,,,,,,,1,1,,,,1,1,
FA0000759,,,,,,,,,,,,,,,,,,,,,,,,1,,,,,,,,1,,,,,,,,,,,1,,,,,,,
FA0000770,,1,1,,1,,,,1,,,,,,,,,2,2,1,,,,,,,,,2,,,,,,,,,,,,1,,,,,,,,,
FA0000773,,,,,,2,1,1,2,,2,,2,1,,,,,4,,,,,,,,,,1,,,3,3,1,,,2,,,,,,1,1,,,,,,
FA0000780,,,1,,,1,,,,1,,,,1,,,,,,,,1,,1,,,,,,1,,1,,,,,1,,1,1,,,1,1,,,,1,,
FA0000782,,,,,,1,1,,,,,,1,,,,,2,,,,,,2,1,,,,,,,1,1,,,,1,,,1,,1,,,,,,2,,
FA0000783,,,,,,2,,1,,,,,,,,,,,2,,,,,,,,1,,,,,,1,,,,,,,,,,,,,,,,,
FA0000785,,,1,,,,,,2,,1,,,,,,,,1,,,,,,,,,,1,,,,,,,,,2,1,1,,,,2,,,,1,,
FA0000790,,,,,,1,1,,1,,,,1,,,,,,2,,,,,,,,1,,,,,1,1,,,,1,,,,,,1,,,,,,,
FA0000794,,,1,,,,,,,1,,,,,,,,,2,,,1,,,,,2,,1,,,,1,,,,,,1,1,1,,,,,,,,,
FA0000798,,1,1,,1,1,2,,5,,,,2,1,,,,,3,,,1,,3,,,1,,,,2,1,,1,,,,1,,1,1,,1,,,,,,,
FA0000800,,,,,,,,,2,,1,,,1,,1,,1,3,,,,,1,,,1,,,,,,,,,,,,,2,,,2,1,,,,2,,
FA0000801,,,,,,1,,,2,,,,1,1,,,,,,,,1,,,,,1,,,,,,1,,,,,,,,1,,1,1,,,,,,
FA0000803,,,,,1,2,,,2,,,,,1,,,,,2,,,,,,,,,,,,,,,,,,,,,,,,,,,1,,1,,
FA0000805,,1,,,1,1,,,1,,,,,1,,,1,,2,1,,,,,,,,,,,,,1,2,,,1,,,1,,,,,,,,,,
FA0000808,,,,,,,,,1,,,,1,1,,,,,,,,,,,,,,,2,,,,1,,,,,1,,,,,,,,,,,,
FA0000818,,1,2,,,3,,,3,,,1,2,1,,,,2,2,,,,,3,,,,,1,1,1,1,3,1,,,,1,,1,1,,,1,,,,1,1,
FA0000821,,,,,,,,,,,,,,,,,,,,,,,,,,,,,,,,,,,,,,,,,,,,1,,,,,,
FA0000826,,,,,,3,2,,3,,,,,,,,,,3,,,,,1,,,,,,,1,,1,,,,,,,2,,1,2,1,,,,2,,
FA0000829,,,,,,2,,,,,,,,,,,,,,,,,,2,,,,,,,,,,,,,,,,,,,,,,,,,,
FA0000830,,,,,,,1,,1,,,,,,,,,,,,,1,,,,,,,,,,,1,,,,,,,,,,1,,,,,,,
FA0000831,,,,,,1,2,,,,,,,,,,,,,,,,,2,,,,,,,,2,,,,,,,,,,,1,,,,,,,
FA0000834,,,1,,,2,,1,,,,,1,,,,,,2,,,,,3,,,1,,1,,,2,1,,,,,,,1,1,,,1,,,,,,
FA0000838,,,,,,,,,,,,,,,,,,,1,,,,,1,,,,,,,,,2,,,,,,,,,,,1,,,,,,
FA0000840,,,,1,,,,,,,,,,,,,,,,,,,,,,,,,,,,,1,,,,,,,,,,,1,,,,,,
FA0000841,,,,,,1,,,,,,,,,,,,,1,,,,,,,,,,,,,,,,,,,,,,,,,,,,,,,
FA0000843,,,,,,1,,,1,,,,1,,,,,1,,,,,,,,,,,,,,,,1,,,,,,,1,,,1,,,1,1,1,
FA0000844,,1,1,,,,,,2,,,,1,1,,,,,1,,1,,,1,,,1,,,,,1,1,,,,,,,,,,1,1,,,,,,
FA0000845,,,,,,,1,,,,,,,,,,,,,,,,,,,,,,,1,,,,,,,,,,,,,,,,,,,,
FA0000847,,,,,1,,,,,,,,,,,,,,,,,,,,,,,,,,,,,,,,,,,,,,,1,,,,,,
FA0000848,,,,,,,,,1,,,,,,,,,,1,,,2,,1,,,2,,,,,,1,,,,,,,,,,,1,,,,,,
FA0000851,,,,,,,,,,,2,,,,,,,,1,,,,,1,,,,,,,,,,,,,,,,,,,,2,,,,,,
FA0000863,,,1,,,1,,,2,,1,,1,1,,,,,2,,,,,,,,,,1,1,,,1,,,,1,,1,1,,1,,,,,,1,1,
FA0000870,,,1,,,1,,,2,,,,1,,,,,,1,,,,,,,,,,,,,,,,,,,,,1,,,1,,,,,,,
FA0000872,,,,,,1,,,1,,,,3,,,,,1,1,,,,,2,,,,,1,,,1,3,2,,,1,3,1,3,2,,,1,,,,3,,
FA0000878,,1,,,,,2,,,,1,,1,,,,,,,,,,,,,,,,,,,,,,,,,,,,,,,,,,,,,
FA0000879,,1,1,,1,,,,1,,,,1,1,,1,,,1,1,,,,2,,,,,1,1,,,,,,,,,,2,1,,,1,,,,1,,
FA0000881,,,,,,1,1,,,,,,,,,,,,2,,,,,1,,,,,2,,,,,,,,,1,,,1,,,2,,,,,,
FA0000882,,,,,,,1,,,,1,,,,,,,,,,,,,,,,,,,,,,,,,,,,,1,,,,1,,,,1,1,
FA0000885,,,1,,,2,,,1,,,,5,,,,,2,3,,,,,2,,,1,,1,,2,3,2,,,,,,2,2,1,,3,,,,,5,,
FA0000886,,,,,,,1,,1,,,,,,,,1,,3,,,1,,2,,,1,,,,,1,1,,,,,,,,,,,,,,,,,
FA0000887,,,,,,1,,,1,,1,,,,,,,2,1,,,,,,,,,,,,,1,1,,,,,,,,,,2,,,,,,,
FA0000888,,,,,,,,,,,1,,,,,,,,,,,,,,,,,,,,,,,,,,,,,,,,,,,,,,,
FA0000889,,,1,,1,,,,2,,,,,,,1,,,1,,,,,,,,,,1,,,,1,,,,,,,,,,,,,,,,,
FA0000897,,,,,,1,1,2,,,,,,,,,,,2,,,,,,,,,,1,,,,,1,,,,,,,,,,,,,,,,
FA0000898,,,1,,1,2,1,,,,,,,,1,,,1,1,1,,,,,,,,,2,,,1,,,,,,,,,,,,,,,,1,,
FA0000907,,1,,,1,,,,,,1,,1,1,,,,,1,1,,,,1,,,,,1,1,1,3,1,,,,1,,1,1,,,1,1,,,,1,1,
FA0000909,,,,,1,,,,1,,,,,,,,,,2,,,1,,,,,,,,,,,,,,,,,,,,,,,,,,,,
FA0000923,,,,,,,,,2,,,,,,,,,,,,,,,,,,,,,,,1,,,,,,,,,,,,,,,,,,
FA0000925,,1,1,,1,1,1,,1,,,,2,,,,1,,3,,,1,,1,,,1,,1,1,1,,1,1,,,,1,,,,,,1,,,,,,
FA0000926,,,1,,,,,1,2,,1,,,1,,,,,2,,,1,,1,,,2,,1,,,1,,,,,,,,,,,1,1,,,,,,
FA0000931,,1,,,,1,1,1,1,,,,1,,,,,,,,,,,,,,,,,,,,,,,,,,,,,,,1,,,,,,
FA0000941,,,1,,,2,,1,1,,1,,1,1,,,,,3,,,,,2,,,1,,,,,1,,,,,,,,1,,2,,1,,,,1,,
FA0000942,,,,,,,,1,2,,,,,,,,,,1,,,,,,,,,,,,2,1,,,,,,,,,1,,,1,,,,,,
FA0000943,,1,3,,,3,1,1,3,,1,,1,1,,,,,3,1,,2,,2,,,2,,,,,,1,,,1,,,,1,,,2,1,,,,1,,
FA0000945,1,1,2,,1,,,1,,,,,,,,,,1,2,1,,,,,,,1,,,,,1,,,,,,,,,,,,,,,,,,
FA0000947,,,1,,,2,,1,,,1,,,,,,,,1,,,,,3,,,,,,,,,,1,,,,,,,,1,,,,,,,,
FA0000951,,,,,,1,,,,,,,,,,,1,,2,,,,,1,,,,,,,,,,1,,,,,,,,,,,,,,,,
FA0000957,,,,,,1,1,,2,,,,,,,,,,1,,,,,2,,,1,,2,,,,2,,,,,,,1,,,,,,,,,1,
FA0000959,,1,,,1,1,,,1,,,,,,,,,1,1,,1,,,,,,,,,,,,,,,,,,,,,,,1,,,,,,
FA0000961,,1,,,,1,1,1,2,,,,,,,,1,,2,1,,2,,1,,,1,,,,,,,,,,,,,,,,,,,,,,,
FA0000962,,,,,,,,,1,,,,,,,,,,,,,,,,,,,,,,,,,,,,,,,,,,,,,,,,,
FA0000963,,,,,,,,1,,,,,,,,,,,1,,,,,,,,,,,,,1,1,,,,,,,,,,,,,,,,,
FA0000966,,,,,,1,,,,,,,,1,,,,,1,,,,,,,,,,,,,,,,,,,,,1,,,,1,,,,,1,
FA0000968,,,,,,,2,,1,,1,,,1,,,,,2,,,,,,,,1,,,,,,,,,,,,,,,1,,,,,,,,
FA0000969,,,,,,1,,,,,,,,,,,,,2,,,,,,,,,,,,,1,,,,,,,,,,,1,1,,,,,,
FA0000970,,,1,,,,,1,1,,,,,,,1,,,1,,,1,,2,,,,,1,,2,1,1,,,,,,,1,,,1,2,,,,2,2,
FA0000971,,,1,,,1,,,,,,,1,,,,,,1,,,1,,,,,,,,,,1,,1,,,1,,,1,2,,,,,1,,2,,
FA0000972,,1,,,,2,,,,,,,,,,,,,1,,,,,2,,,1,,,,,,,1,,,,,,,2,,,,,,,,,
FA0000973,,1,1,,1,,,,3,,,,,,,,,,,,,,,2,,,,,1,,,,1,1,,,,,,,2,1,,,,,,1,,
FA0000974,,,,,,,,1,,,,,,,,,,,,,,,,1,,,,,1,,,,,,,,,,,,,,,,,,,,,
FA0000975,,,,,,,,,1,,1,,1,,,,,,1,,,,,1,,,,,1,,,2,,,,,,,,1,1,,,,,1,,1,,
FA0000976,,,,,,1,,,,,1,,2,1,,,,,3,,,,,1,,,1,,,2,1,1,3,,,,,1,,2,,,2,1,,,,1,1,
FA0000990,,,1,,,,1,,,,,,1,,,,,1,,,,1,,1,,,,,,,,,,1,,,,,,,,,2,2,,,,,,
FA0000995,,,,,,,,,,,,,,,,,,,,,,1,,2,,,,,,,,,,,,,,,,,,,,,,,,,,
FA0000996,,1,,,1,1,,1,,,,,,,,1,,,,,,,,2,,,,,,,,,,,,,,,,,2,,,,,,,,,
FA0000997,,1,,,1,1,,,2,,,,1,,,,,1,2,1,,1,,,,,1,,,,,,,,,,,,,,,,1,,,,,,,
FA0001000,,,,,,,,,1,,,,,,,,,1,2,,,1,,1,,,1,,,,,,,,,,,,,,1,,,,,,,,,
FA0001003,,,,,1,,1,,,,,,,,,,,,,,,,,2,,,,,1,,,,,,,,,,,,,,,,,,,,,
FA0001004,,,,,,1,2,2,2,,,,,,,,,1,3,,,1,,,,,,,,,,2,1,,,,,,,,1,,2,,,1,,,,
FA0001005,,1,,,1,,1,,1,,,,,,,,,,2,,,,,3,,,1,,1,,,,,,,,,,,,1,,,1,,,,,,
FA0001007,,,,,,1,,,1,,,,,,,,,,3,,,,,1,,,1,,1,,1,,1,,,,,,,,,,,1,,,,,,
FA0001014,,,,,,1,,,1,,,,1,,,,,,2,,,1,,,,,,,,,,,,,,,,,,,1,,,1,,,,,,
FA0001017,,,,,,,,,,,,,,,,,,,,,,,,,,,,,,,,,,,,,,,,,,,1,2,,,,,,
FA0001020,,,,,,1,1,,1,,,,1,,,,,,2,,,1,,2,,,1,,,,,1,1,,,,1,,,,,,1,,,,,,,
FA0001021,,,,,,,,,1,,,,,,,,,,1,,,,,,,,,,,,,,,1,,,,,,,,,1,,,,,,,
FA0001022,,,,,,,,,1,,,,1,,,,,,2,,,,,,,,,,,,,,2,1,,,,1,,,,,,1,,,,,,
FA0001035,,,,,,,,,,,,,,,,,,,1,,,1,,,,,,,,,,1,,,,,,,,1,,,,,,,,,,
FA0001036,,,,,,,2,,,,,,,,,,,,3,,,,,,,,1,,,,,,2,,,,,,,,1,,1,1,,,,,,
FA0001046,,,,,,,,,,1,1,,,,,,,,1,,,,,,,,,,1,,,,1,,,,,,,,,,1,,,1,,,,
FA0001055,,,,,,,,,1,,,,,,,,,,,,,,,,,,,,,,,,,,,,,,,,,,,1,,,,,,
FA0001057,,,,,,,,,,,,,,,,,,,,,,,,,,,,,,,,,,,,,,,,,,,,,,,,1,,
FA0001060,,,1,,,,1,,,,,,1,1,,,,,1,,,1,,1,,,,,1,,,,1,2,,,1,,,,1,1,,1,,,,2,,1
FA0001072,,,,,,,,,,,,,,,,,,,,,,,,1,,,,,,,,1,1,,,,,,,,,,1,1,,,,,,
FA0001074,,,,,,,,,,,,,,,,,,,3,,,,,,,,1,,,,,,,,,,,,,,,,,,,,,,,
FA0001076,,,,,,1,,,2,,,,,1,,,,,1,,,,,,,,,,1,,,,2,1,,,1,,,1,1,,,1,,,,1,,
FA0001077,,,1,,,1,1,,4,,1,,,,,,,,2,,,,,3,,,1,,1,,1,1,1,,,,1,,,,2,1,,1,,1,,,,
FA0001084,,,1,,,1,,1,,,,,1,2,,1,,,3,,,,,1,,,3,,,,,1,1,,,,1,,,,,,1,,,,,,,
FA0001086,,,2,,,,,,,,1,,1,,,,,,2,,,,,1,,,,,,,,2,2,1,,,,,,1,1,,,,,,,,,
FA0001088,,,,,1,1,,,3,,,,2,,,,,,1,,,,,1,,,,,,,,1,1,,,,,1,,,1,,2,,,,,1,,
FA0001090,,,,,,,,,1,,,,,,,,,,1,,,,,,,,,,,,,,,,,,,,,1,,,,,,,,,,
FA0001091,,,,,,,,,,,,,,,,,,,,,,,,,,,1,,,,,,,,,,,,,,,,1,,,,,,,
FA0001094,,,,,,,,,1,,,,1,1,,,,,1,,,,,,,,,,,,,,1,,,,,,,1,,,,2,,,,1,,
FA0001114,,,,,,,1,,,,,,2,1,,,,,,,,1,,2,,,,,,,,1,,,,,,1,1,1,1,,,,,,,1,,
FA0001116,,,,,,,,,1,,,,,,,,,,,,,,,,,,,,,,,,,,,,,,,,,,,,,,,,,
FA0001124,,,2,,,1,2,,1,2,,,,1,,,,,,,,,,2,,,,,1,,,,,,,,,1,,,1,,1,3,,,,1,,
FA0001126,,1,1,,1,,,,3,,1,,2,1,,,,,,1,,,,,,,,,,,,1,,,,,,1,,3,2,,1,3,,,,2,1,
FA0001138,,,,,,,1,1,1,,1,1,1,,,,,1,3,1,,,,,,,,,,,,,1,,,,,1,,,,,1,3,,,,,,
FA0001149,,,,,,,,1,1,,,,,,,,,,,,,,,1,1,,,,,,,1,,,,,,,,,,,,,,,,,,
FA0001161,,2,,,2,1,,,,,,,,,,,,,,,,,,,,,,,,,,,,,,,,,,,,,,,,,,,,
FA0001163,,,1,,,,2,,1,,,,,,,,,,1,,,,,,,,1,,,,,,,1,,,,,,,,,,1,,,,1,,
FA0001166,,,1,,,1,1,,3,,,,1,,,,,1,,,,,,2,,,,,,,,,,,,,,1,,2,,,,1,,1,,1,,
FA0001167,,,1,,,2,1,,,,,,,,,,,,,,,,,,,,,,,,,,,,,,,,,,,,3,,,,,2,1,
FA0001168,,,,,,,,,,,,,,,,,,,1,,,,,,,,,,,,,,,1,,,,,,,,,,,,,,,,
FA0001169,,1,,,1,1,,,2,,,,1,1,,,,,1,,,,,1,,,,,,,,,1,,,,1,,,1,,,,1,,,,,,
FA0001175,,,,,,,,,,,,,,,,,,,,,,,,2,,,,,2,,,1,,,,,,,,2,,,,1,,,,2,,
FA0001182,,,2,,,3,2,1,3,,1,,3,,,,,1,1,,,,,2,,,1,,1,3,,1,2,2,,,,,,2,1,2,2,3,,,,3,,2
FA0001183,,,,,,1,1,1,,,,,1,1,1,,,,1,1,,,,,,,,,,2,,,,,,,3,,,1,,,1,,,,,1,1,1
FA0001186,,,,,,,,,,,,,2,,,,,,,,,,,,,,,,,,,,,,,,,,,,,,1,1,,,,,,
FA0001191,,,1,,,2,2,1,2,,1,,,,,1,,,3,,,1,,4,,,,,1,,,1,1,1,,,,,,1,1,,,2,,1,,1,,
FA0001192,,,1,,,,3,,1,,,,1,,,,,,2,1,,2,,2,,,2,,,1,,1,1,,,,,,,2,,,1,,,,,1,1,1
FA0001195,,,,,,1,,,,,,,,,,,,,,,,,,1,,,,,,,,1,,,,,,,,,,,,1,,,,,,
FA0001198,,,,,,1,2,,,,,,,,,,,,1,,,,,,,,,,,,,,2,,,,,,,,,,,,,,,1,,
FA0001200,,,,,,1,2,3,,,,,,,,,,,2,,,,,,,,2,,,,,,2,,,,,,,,1,,,2,,1,,,,
FA0001202,,1,,,1,1,,1,1,,,,,,,,,,3,,,,,1,,,3,,,,1,1,,,,,,,,1,,,,,,,,1,1,
FA0001203,,,,,,1,,,1,,,,,,,,,,,,,,,,,,,,,,,,,1,,,,,,,,,,2,,,,2,,
FA0001204,,,,,,1,,,1,,,,,,,,,1,2,,,,,1,,,,,1,,,2,,1,,,,,,,,,1,1,,,,1,,
FA0001215,,1,,,1,2,,,2,,,,2,,,,,,1,,,2,,,,,,,,,,,1,1,,,,,,,1,,,1,,,,1,,
FA0001220,,,,,,2,,,2,,,,,,,,,,2,,,,,,,,1,,,,,,,,,,,,,,,,1,1,,,,,,
FA0001225,,1,,,1,,1,,1,,,,,,,,,,1,,,,,2,,,,1,,,,,,,,,,,,,,,,1,,,,1,,
FA0001229,,,,,,,,1,,,1,,,,,,,,,,,,,2,,,,,,,,,,,,,,,,,,,,1,,,,,,
FA0001230,,,,,,1,,1,,,,,,,,,,,,,,,,1,,,,,,,,,,,,,,,,,1,,,,,,,,,
FA0001232,,,,,,1,1,,,,1,,,,,,,,1,,,,,,,,,,,,,,,,,,,,,,,,,2,,,,,,
FA0001234,,,,,,,,,,,,,1,,,,,,,,,,,1,,,,,,,,,,,,,,,,,,,,1,,,,,,
FA0001236,,,,,,1,1,1,1,,,,,,,,,,3,,,,,,,,,,,,,,,,,,,,,,,1,1,1,,,,1,,
FA0001237,,,,,,,,1,2,,,,1,1,,,,,1,,,,,,,,1,,,1,,1,1,,,,,,,,,,,,,,,,,
FA0001240,,,,,1,1,1,1,1,,,,1,,,,,,,,,,,1,,,,,3,,,,1,,,,,,,1,1,2,1,,,,,1,,
FA0001242,,,,,,,1,3,1,,,,,,,,,,2,,,,,,2,,1,,,,,1,1,,,,1,,,,,,,,,,,,,
FA0001243,,,,,,,,,2,,1,,,,,,,,,,,,,1,,,,,,,,,1,,,,,,,1,,,2,1,,,,1,,
FA0001244,,1,,,1,,,,3,,,,,2,,,,1,2,1,,,,1,,,,,,,,2,1,,,1,,1,1,2,2,3,1,1,,,,3,1,
FA0001245,,,,,,,,,,,,,,,,,,,1,,,,,,,,,,,,,,1,,,,,,1,,,,,,,,,,,
FA0001247,,,,,,,1,1,,,,,,,,,,,2,,,1,,,,,,,,,,1,,,,,,,,,,,,,,,,,,
FA0001249,,,,,,1,1,1,1,,,,,,,,,,1,,,1,,,,,,,,,,1,1,,,,,,,,,,,,,,,,,
FA0001251,,,,,,,1,,1,,,,,,,,,,,,,1,,1,,,1,,,,,,,,,,,,,,1,,,,,,,,,
FA0001253,,1,,,1,2,4,1,2,,,,3,1,,,,3,3,,,1,,4,,,,2,,,,4,,,,,1,,1,2,2,,,3,,,,5,,
FA0001257,,,,,1,1,,,1,,1,,2,,,,,,,,,,,1,,,,,,,,,1,,,,,,,1,,,,1,,,,1,,
FA0001258,,,1,,,,1,,1,,,,,,,,,,,,,2,,,,,,,,,1,1,2,,,,,1,1,1,1,1,1,1,1,,,1,1,
FA0001260,,,,,,,1,,,,1,,,,,,,1,,,,,,,,,,,,,,,,,,,,,,,,,,,,,,,,
FA0001267,,,,,,,,,1,,1,,,,,,,,,,,,,,,,,,1,,,,,,,,,,,,,,1,,,,,,,
FA0001269,,,,,,,,,,,,,1,,,,,,2,,,,,,,,,,,1,1,,,,,,,,,1,,,,2,,,,1,1,
FA0001270,,,,,,1,,,,,,,,,,,,,,,,,,1,,,,,,,,,1,,,,,,,,,,1,,,,,1,,
FA0001272,,1,2,,1,,,,1,,,,1,1,,,,,4,,,,1,1,,,,1,2,1,2,2,3,1,,,,,,1,,,2,1,1,,,,,
FA0001273,,,,,,,,,1,,1,,,,,,,,,,,,,1,,,,,1,,,,,,,,,,,,,,,1,,,,,,
FA0001278,,,,,,,,,1,,,,,,,,,,,,,,,,,,,,,,,,,,,,,,,,,,,,,,,1,,
FA0001283,,,,,,2,1,,,,,,1,,,,,,1,,,,,,,,,,,,,,,,,,,,,,,,,,,,,,,
FA0001284,,,,,,3,3,1,2,,2,,,1,,,,,4,,,1,,,,,1,,2,,,1,2,1,,,,,,1,,,2,,1,1,,1,,1
FA0001286,,,,,,1,1,,1,,,,,,,,,,1,,,2,,1,,,,,,,,,1,,,,,,,,1,,,1,,,,,,
FA0001288,,,,,,3,2,1,,,,,1,,,,,,2,,,,,3,,,1,,,,1,1,2,,,1,,,,,,,,2,,,,,,
FA0001290,,,1,,,1,1,,1,,,,,,,,,,2,,,,,2,,,,,,,,2,,,,,2,,,,1,,,,,,,,,
FA0001291,,,,,,,,,,,,,,,,,,,,,,,,,,,,,,,,1,,,,,,,,,1,,,,,,,,,
FA0001292,,,,,,,,,,,,,1,,,,,2,1,,,,,,,,,,,,,,,,,,,,,,,,,,,,,,,
FA0001294,,,,,,,,,,,,,,,,,,1,1,,,,,,,,,,,,,,,,,,,,,,,,,,,,,,,
FA0001299,,1,,,,,,,1,,,,,,,1,,,,,,,,,,,,1,2,,,,,,,,1,,,,1,2,1,2,,2,,3,,
FA0001300,,,,,,,,,1,,,,1,,,,,,,,,,,,,,,,,,,,,,,,,1,,,,,1,2,,,,1,1,
FA0001306,,,,,,2,2,,1,,,,1,,,,1,,2,,,,,1,,,,,,,,3,,,,,,,,,,,,,,,,1,,
FA0001308,,1,,,1,,,,,,,,,,,,,,,,,,,1,,,,,,,,,,,,,,,,2,,,,2,,,,,,
FA0001309,,,,,,,1,,,,,,,,,,,,2,,,,,,,,1,,,,,,,,,,,,,,,,,,,,,,,
FA0001310,,,1,,,1,,,,,,,1,,,,,,1,,,1,,2,,,1,,,,,1,,,,,,,,,2,1,,1,,,,,,
FA0001319,,,,,,,,,,,,,,,,,,,,,,,,,,,,,,,,,,,,,,,,,,,,1,,,,,,
FA0001321,,,1,,,,,,,,,,1,,,,,,1,,,,,,,,1,,,,,,,,,,,,,,,,,,,,,,,
FA0001322,,,,,,1,,,,,,,,,,,,,1,,,,,,,,1,,,,1,,,,,,,,,,,,1,,,,,,,
FA0001327,,,,,,1,,,2,,,,,,,,,,1,,,,,1,,,1,,,,,,,,,,,,,,,,,1,,,,,,
FA0001330,,,,,,1,,,,,,,,1,,,,1,,,,,,1,,,,,,,,,1,,,,,,,,,,,,,,,,,
FA0001333,,,,,,1,,,1,,1,,,,,,,,,,,,,,,,,,,,,,,,,,,,,,,1,,1,,,,,,
FA0001335,,,,,,1,1,,1,,,,1,,,,,,1,,,,,1,,,1,,,,,,,,,,,,,1,,,,1,,,,2,2,
FA0001336,,,,,,,,,,,,,,,,,,1,1,,,,,,,,,,,,,,,,,,,,,,,,,2,,,,,,
FA0001338,,,1,,,1,1,,2,,1,,4,1,,,,,3,,,1,,2,,,1,,,1,,2,3,2,,,2,,,,1,1,,1,,,,1,,
FA0001343,1,1,1,,,1,2,4,2,,,,1,,,,,,3,,,,,1,,,1,,1,,,2,2,,,,,,,,,,,,,1,,,,
FA0001344,,,1,,,1,,,1,,,,1,,,,,1,2,,,,,,,,1,,,,1,3,2,,,,,,,,3,1,1,,,,,,,
FA0001347,,1,,,1,,1,,1,,,,,,,,,,4,,,,,,,,2,,2,,1,1,,,,,,,,,3,,,,,,,,,
FA0001350,,,,,,1,1,1,,,,,1,,,,,,,,,,,1,,,,,,1,1,,,,,,,,,,,,1,,,,,,,
FA0001355,,2,3,,1,1,4,,2,,,,1,1,,,,,3,1,,,,1,,,1,,,,,2,2,,,,1,,,2,,1,,,,,,1,1,
FA0001363,,,,,1,1,,,2,,,,2,,,,,2,2,1,,,,,,,,,,,,1,,,,,,,1,1,,,,1,,,,,,
FA0001367,,,1,,,1,2,2,1,,,,1,,,,,1,2,,,,,2,,,2,,,,,2,1,,,,,,,1,,,,1,,,,1,1,
FA0001368,,,,,,1,,,1,,,,,,,,,,1,,,,,1,,,1,,,,,,,,,,,,,,,,,,,,,1,,
FA0001370,,,,,,,1,,,,,,1,,,,,,,,,,,,,,,,,,,,1,,,,1,,,,,,,1,,,,,,
FA0001373,,,,,,,,,,,,,,,,,,,,,,,,1,,,,,1,,,,,,,,,,,,,,2,1,,,,,,
FA0001374,,,,,,,,,1,,,,,,,,,,,,,,,,,,,,,,,1,,,,,,,,,,,,,,,,,,
FA0001375,,,,,,,,,2,,,,2,,,,,1,,,,1,,,,,,,,1,,1,,,,,,,1,,,,,1,,,,2,,
FA0001380,,,,,,1,,,2,,,,,1,,,,,,,,,,1,,,,,,,,,,,,,,,1,1,,,,,,,,1,,
FA0001403,,,,,,,,,,,1,,,1,,,,,1,,,1,,,,,1,,,,,,,,,,,,,1,,1,2,1,,,,,,
FA0001408,,,,,,,,1,1,,1,,1,,,,,,2,,,,,1,,,2,,,,1,1,,,,,,,,1,,,1,,,,,1,,
FA0001414,,,,,,1,,,,,,,,,,,,1,2,,,,,,,,,,,,,1,,,,,,,,,,,,,,,,,,
FA0001429,,,,,,1,1,,3,,,,1,,,,,,1,,,2,,,,,,,2,1,1,2,2,,,,,,,,1,,2,,,,,,1,
FA0001444,,,,,,,,,,,1,,,,,,,,,,,2,,,,,,,,,,,,,,,,,,1,1,,,1,,,,1,,1
FA0001447,,1,,,1,,1,,,,,,,,,,,,2,,,,,1,,,,,1,,,,,,,,,,,,,,,,,,,,,
FA0001451,,,,,,2,,,1,,,,,,,,,,,,,,,1,,,,,,,,,1,,,,,,,,,,,,,,,,,
FA0001493,,1,,,1,1,1,,1,,,,2,1,,,,,,,,,,,,,1,,,,,,,2,,,,,,1,,,1,2,,1,,1,,
FA0001512,,,,,,1,,,1,,,,,,,,,,2,,,,,,,,1,,,,,2,,,,,,,,,,,,1,,,,,,
FA0001513,,,,,,,,,,,,,,,,,,,,,,,,1,,,,,,,,,,,,,,,,,,,,1,,,,,,
FA0001514,,,,,,,,,1,,,,,,,1,,,1,,,,,,,,,,,,,,,,,,1,,,,,,,2,,,,,,
FA0001515,,,,,1,,,,,,,,,1,,,,,,,,,,1,,,,,,,,,,,,,,,,,,,,,,,,,,
FA0001524,,,,,,1,,,,,,,,,,,,,1,,,,,,,,,,,,,,,,,,,,,,,,,,,,,,,
FA0001542,,,,,,,,,,,,,1,,,,,,1,,,,,1,,,1,,,,,,,,,,,,,,,,,1,,,,,,
FA0001543,,,,,,,,,,,,,,,,,,,1,,,,,,,,1,,,,,3,1,,,,,,,,,,,1,,,,,,
FA0001549,,,1,,,,2,2,1,,,,,,,,,,1,,,1,,,,,,,,,,,1,,,,,,1,,1,,2,,,,,1,,
FA0001550,,,,,,1,3,,2,,,,,1,,,,1,2,,,1,,,,,1,,,,,2,4,,,,,,,1,,1,2,1,1,,,1,,1
FA0001554,,,,,,,,,,,,,,,,,,,,,,,,,,,,,,,,,,,,,,,,,1,,,,,,,,,
FA0001585,,1,1,,1,,1,,2,1,,,4,,,,,3,5,1,,,,1,1,,3,,,1,1,3,,1,,,,,1,2,1,,,,,,,,,
FA0001595,,,,,,,1,,,,,,1,,,,,,,,,,,,,,,,,,,,,,,,,,,,,,,,,,,,,
FA0001614,,,,,,,,,,,,,2,1,,,,,1,,,,,,,,,,,,,,,,,,,,,,1,,,,,,,,,
FA0001623,,,,,,,1,,1,,1,,1,1,,,,,1,1,,,,,,,,,,,,1,2,,,,,1,,1,,,2,,,,,1,,
FA0001624,,,,,,1,,,,,,,,,,1,,1,1,,,,,1,,,1,,,,,,,,,,,,,,1,,,,,,,,,
FA0001630,,,,,,1,,1,,,,,,1,,,,,1,,,,,1,,,1,,,,,,,,,,,,,,,,,,,,,,,
FA0001631,,,,,,,,,2,,,,,,,,,,2,,,,,2,,,,,1,,,,1,,,,,,,,,1,1,1,,,,,,
FA0001638,,,,,,1,,,1,,1,,1,,,,,,2,,,2,,1,,,1,,1,1,,1,2,1,,,1,,,1,,,,2,,,,,,
FA0001641,,,,,,1,,,1,,,,,,,,,,,,,,,,,,,,,,,,,,,,,,,,,,,,,,,,,
FA0001642,,,,,,1,,,2,,,,,,,,,,,,,,,,,,,,,,,,,,,,,,,,,,,1,,,,1,,
FA0001643,,,,,,,,,1,,,,,,,,,,,,,1,,1,1,,,,,,,,1,,,,,,,,1,,,1,,,,,,
FA0001645,,,,,,,1,,,,,,,,,,,,3,,,1,,1,,,1,,,1,,1,1,1,,,,,,1,2,,1,,,,,1,,
FA0001646,,,,,,1,2,,2,,,,1,,,,,,1,,,,,,,,,,,,,,,,,,,,,,,1,,1,,,,,,
FA0001647,,,,,1,1,2,,1,,,,,1,,,,,1,,,,,,,,,,,,,,,1,,,,,,,,,,1,,,,,,
FA0001662,,1,,,1,1,,1,1,,,,2,,,,,,3,,,1,,,,,1,,,,,,1,,,,,,,,2,,,,,,,,,
FA0001663,,,,,,2,2,1,1,,,,,1,,,,,3,,,,,1,,,,,,,,,1,,,,1,,,,,1,1,1,,,,1,,
FA0001732,,,,,1,1,,,1,,,,1,,,,,,1,,,,,1,,,,,,,,,1,,,,,,,,,,,,,,,,,
FA0001760,,1,,,1,2,,,3,,,,,,,,,,1,,,,,3,,,,,,1,,,,,,,,,,1,4,,,1,,,,1,,
FA0001776,,,,,,1,,,,,1,,,,,,,,,,,,,1,,,,,,,,,1,,,,,,1,1,1,,1,,,1,,1,,
FA0001782,,1,,,,1,,,2,,,,,,,,,,1,1,,,,,,,,,,,,,,,,,1,,,,,,1,,,,,,,
FA0001786,,,,,,,,,,,,,,,,,,2,2,,,2,,,,,1,,,,,1,2,,,,,,,,,,,,,,,,,
FA0001800,,,,,,1,,,,,,,,,,,,,1,,,,,,,,,,,,,,,,,,1,,,,,1,,,,,,1,,
FA0002019,,,1,,,,,,,,,,,,,,,,,,,,,,,,,,,,,,,,,,,1,,,,,,1,,,,,,
FA0002021,,,1,,,,,,1,,,,,,,,,1,,,,,,,,,,,,,,,1,,,,,,,,,,,1,,,,,,
FA0002027,,,1,,,2,,,,,,,,,,,,1,1,,,,,,,,,,,,,,1,,,,,,,,,,,,,,,,,
FA0002076,,,1,,1,,,,1,,,,,,,,,,,,,,,,,,,,,,,,,1,,,,,,,,,,1,,,,,,
FA0002087,,,,,,,1,,,,,,,,,,,,,,,,,,,,,,,,,,,,,,,,,,,,,,,,,,,
FA0002108,,,,,,,1,,1,,1,,1,1,,,,1,3,1,,,,1,,,,,,,,,,,,,,,,,,,,,,,,,,
FA0002128,,,,,,,2,1,,,,,1,,,,,,3,2,,2,,3,,,,,1,,,,,,,,,,,,,,,,,,,1,,
FA0002132,,1,,,,,1,1,1,,,,,,,1,,,1,1,,,,,,,1,,,,,,,,,,,,,,,,,1,,,,,,
FA0002133,,1,,,1,,1,,,,,,,,,,,,3,,,,,,,,1,,,,,1,,,,,,,,,1,,1,,,,,,,
FA0002143,,1,1,,1,,1,,3,,,,2,,,,,,1,,1,,,3,,,1,,,,,,,,,,,,,,,,,,,,,,,
FA0002144,,,1,,,,1,1,1,1,,,,,,,,,1,,,1,,2,1,,,,1,1,,1,,,,,1,,,,1,,,1,,,,,,
FA0002145,,1,1,,1,4,1,,3,,,,2,,,,,,,1,,,,1,,,,,1,,1,1,1,,,,,,,1,,,,1,,,,,,
FA0002152,,,1,,,1,2,1,1,,,,,,,,,1,5,,,,,4,,,2,,1,,,,,1,,,,1,,,,,1,2,,,,,1,
FA0002157,,,,,,,,,,,,,,,,,,,1,,,,,,,,,,1,,,,,,,,,,,,,,2,,,,,1,,
FA0002162,,1,,,1,1,2,,1,,,,,,,,,,2,1,,1,,1,,,,,,,,,,,,,,,,1,1,1,1,,,,,,1,
FA0002163,,,,,,,,,1,,,,,,,,,,,,,,,1,,,,,,,,,,,,,,,,,,,,,,,,1,,
FA0002166,,,,,,1,,,,,,,,,,,,,,,,,,,,,1,,,,,,,,,,,,,,1,,1,,,,,,,
FA0002167,,,1,,,1,2,1,,,,,,,,,,,2,,,1,,,1,,,,,,,,2,,,,,,,,,,1,1,,,,,,
FA0002168,,,,,,,1,,1,,,,,,,,,,2,,,,,,,,,,,,,,1,,,,,,,,,,,,,,,,,
FA0002169,,,1,,,,1,,1,,,,,1,,,,,2,,,,,1,,,1,,,,,,1,,,,,,,,,,1,,,,,,,
FA0002171,,1,1,,,,,,1,,,,1,1,,1,,1,1,,,,,1,,,,,,,,2,,,,,,,,,1,,,,,,,,,
FA0002178,,1,1,,1,1,,,1,,,,1,,,,1,1,2,1,,,,1,,,1,,,,,,1,,,,,,,1,,1,,,,,,,,
FA0002186,,1,,,,2,1,1,1,,,,1,,,,,2,2,1,,1,,2,,,1,,,1,1,,,,,,,1,1,1,3,,1,,,,,,,
FA0002200,,,,,,,,,1,,1,,,,,,,,1,,,,,,,,1,,,,,,1,,,,,,,,1,,,,,,,,,
FA0002205,,,,,,,,,1,,,,2,1,1,,,,,,,,,1,,,1,,1,,,,,,,,1,,,,1,,,,,,,,,
FA0002210,,,1,,,,1,,2,,,,,,,,,1,,,,,,,,,,,,,,,,,,,,,,,,,2,,,1,,,,
FA0002230,,,,,,,,,,,,,,,,,,,,,,,,,,,,,,,,,,,,,,,,,,,,2,1,,,,,
FA0002245,,,,,,,,,,,,,,,,,,,,,,,,1,,,,,,,,,,,,,,,,,,,,,,,,,,
FA0002274,,,,,,,,,,,,,1,,,,,1,3,,,,,,1,,1,,,,,,1,,,,,,,,,,,,,,,,,
FA0002284,,,,,,,,,1,,,,,,,,,,,,,,,,,,,,,,,,,,,,,,,,1,,,1,,,,1,,
FA0002287,,,1,,,,,,2,,,,,,,,,,1,,,,,1,,,1,,,,,,,,,,,,,,,,1,,,,,,,
FA0002294,,1,,,1,,,,1,,,,3,1,,,,1,2,,,,,2,,,,,,,,2,3,,,,1,,,2,,2,,2,,,,1,,
FA0002297,,1,1,,,1,1,,1,,,,,,,1,,,,,,,,1,,,,,,1,,,1,,,,,,,,1,,,,,,,,,
FA0002301,,,1,,,1,,,1,,,,,,,,,,2,,,,,1,,,1,,1,,,1,,,,,,,,,,,1,,,,,,,
FA0002303,,,,,,,,,,,,,,,,,,,,,,,,,,,,,,1,,,,,,,,,,,1,,,,,,,1,,
FA0002311,,,,,,1,,,3,,,,,1,,,,,,,,,,1,,,,,1,,,1,,,,,,,,,,,,,,,,,,
FA0002315,,1,,,,1,,,2,,,,1,,,,,,2,1,,,,1,,,,1,,,1,,1,,,,1,,,1,,,,1,,,,,,
FA0002330,,,2,,,,1,,1,,,,,1,,,,,2,,,,,,,,1,,,,,,,2,,,1,1,,,1,,1,1,,,,1,,
FA0002331,,,,,,2,,,1,,,,,,,,,2,2,,,,,1,,,,,,,,,,,,,,,,,,,1,3,,,,,,
FA0002332,,,,,,1,,,1,,,,,,,,,,1,,,,,,,,,,,,,,,,,,,,,,1,,1,,,,,,,
FA0002339,,,1,,,2,2,2,1,,,,,1,,,,1,3,,,1,,,,,1,,,,1,1,3,,,,,,,,,,,2,,1,,,,
FA0002343,,1,,,1,1,2,2,,,1,,1,,,,,,1,1,,2,,3,,,,,1,,,3,,,,,,1,,1,1,,2,1,,,,,1,
FA0002345,,,1,,,1,,,1,,,,,,,,,,1,,,,,,,,,,,,,,1,,,,,1,,2,1,,1,2,,,1,1,,
FA0002356,,,,,,1,,,3,,1,,,,,,,,1,,,,,2,,,,,1,,,,1,,,,,,,,1,,,1,,,,,,
FA0002357,,,,,,,,,1,,,,,,,,,,1,,1,,,,,,,,,,,,,,,,,,,,,,,,,,,1,,
FA0002371,,,,,,,1,,,,1,,,,,,,1,1,,,1,,1,,,,,,,,,,,,,,,,,,,,,,,,,,
FA0002372,,,,,,,,1,,,,,,,,,,,,,,,,,,,,,,,,,,1,,,,1,,,,1,,1,,,,,,
FA0002382,,,,,,1,4,3,3,,1,,1,1,,1,,1,6,,,1,,2,,,4,,2,,,1,3,1,,,,,1,1,2,,1,1,,,,,,
FA0002383,,,1,,,,,1,1,1,2,,,1,,,,1,1,,,1,,,,,,,,,1,,4,,,,,,1,,2,,,,,,,,,
FA0002385,,,,,,2,,,2,,,,,,,,,,1,,,,,1,,,,,,,,,,,,,,,,1,,,1,1,,,,1,1,
FA0002393,,,,,,,,,1,,,,,1,,,,,,,,,,,,,,,,,,,1,,,,,,,,,,,,,,,,,
FA0002416,,,,,,3,2,,2,,,,2,,,,,1,1,,,,,1,,,,,,1,,,,,,,,,,,1,,,,,,,,,
FA0002419,,,1,,,,,,1,,,,1,,,,,,2,,,,,,,,1,,1,,,,1,,,,,,,1,,,,,,,,1,,1
FA0002434,,,1,,,,,,,,,,2,1,,,,,3,,,,,,,,1,,,,,,1,,,,,2,,,,,,,,,,,,
FA0002435,,,,,,,,,,,,,,,,,,,,,,,,,,,,,,,,,,,,,,,,,,,,1,,,,,,
FA0002436,,,1,,,,,,,,,,,,,,,1,,,,,,,,,,,,,,,,,,,,,,,,,,1,,,,,,
FA0002441,,,,,,3,1,,,,,,2,,,,,,2,,,,,1,,,,,,,,1,1,,,,,,,1,,2,1,2,,1,,1,,
FA0002442,,,,,,,,,1,,,,2,1,,,,,2,,,,,,,,,,,,,1,1,,,,1,,,,,,,,,,,1,2,
FA0002449,,,,,1,,,,1,,,,,,,,,1,1,,,,,1,,,,,,,,,,,,,,,,,,,,1,,,,,,
FA0002471,,1,,,1,,,,,,,,,,,,,,2,,,,,,,,,,,,,,1,,,,,,,,,,,,,,,,,
FA0002478,,,,,,1,,,,,,,,,,,,,1,,,,,,,,1,,,,,,1,,,,,,,,,,,,,,,,,
FA0002481,,,,,,1,1,,3,,,,,,,,,,1,,,,,,,,,,,,,,1,,,,,,,,2,,,,,,,,,
FA0002484,,1,1,,1,5,,,1,,,,,1,,,,,,,,,,3,,,,,,,,,2,,,,1,,,1,1,1,,,,,,1,1,
FA0002488,1,1,1,,1,,,1,3,,,,,1,,,,2,,1,,,,1,,,1,,,1,,1,,,,,,,,1,2,1,1,2,1,,,1,1,
FA0002492,,1,,1,1,2,1,,,,,,1,2,,,,1,,1,,,,,,,,,,,,1,,,,,,,,,2,,,,,,,,,
FA0002497,,,,,,,,,1,,,,,,,,,,,,,,,1,,,,,,,,,,,,,,,,1,,,,1,,,,,,
FA0002505,,,,,,1,,,,,,,,,,,,1,1,,,,,,,,,,,,,1,,,,1,,,,,,,,,,,,,,
FA0002506,,1,1,,1,1,,,1,,,,,,,,,,1,,,1,,,,,,,2,,,,,,,,,,,1,1,,,1,,,,,,
FA0002513,,,,,1,,,,,,,,,,,,,,,,,,,,,,,,,,,,,,,,,,,,,1,,,,,,,1,
FA0002526,,,,,,,,,,,1,,,,,,,2,1,,,,,,,,,,2,,,,2,,,,,,,,1,,,,,,,,,
FA0002527,,,,,,1,,,1,,,,,,,,,,,,,,,1,,,,,,,,,,,,,,,,1,,1,1,1,,,,,1,
FA0002561,,,,,,1,,,1,,,,,,,,,,2,,,,,1,,,,,,,,,,,,,,,,1,,,,2,,,,,,
FA0002562,,,,,,,,1,1,,,,1,,,,,,1,,,,,,,,1,,,,,,,,,,,,,,,,,,,,,,,
FA0002578,,,,,,,,,2,,,,,,,,,,,,,,,1,,,,,,,,,,,,,,,,,,,,,,,,,,
FA0002591,,,,,,,,,1,,,,,,,,,,,,,,,1,,,,,2,,,,,,,,,,1,2,2,,,,,,,,,
FA0002592,,1,1,,1,,,,,,,,,,,,,,1,1,,,,,,,1,,,,,,1,,,,,,,,,,,,,,,,,
FA0002609,,,1,,1,3,,,,,,,,,,,,,2,,1,,,,,,1,,,,2,1,1,,,,,,,,,,,1,,,,,,
FA0002612,,,,,,,,,1,,,,,,,,,,,,,,,,,,,,,,,,,,,,,,,,,,,,,,,,,
FA0002629,,1,,,1,,1,1,1,,,,,1,,,,,2,,,,,1,,,,,,,,,,,,,,,,,1,,,1,,,,,,
FA0002630,,,2,,,,,,2,,,,1,,,,,,,,,,,,,,,,,,,,,,,,1,,,,,,1,,,,,,,
FA0002631,,,1,,,1,,,,,,,,,,,,,,,,,,1,,,,,,,,,1,,,,,,,,,,,,,,,,,
FA0002645,,,,,,1,2,,2,,,,1,,,,,,2,,,,,1,,,1,,1,,,,1,1,,,,,,,,,2,1,,,,,,
FA0002651,,2,1,,1,1,1,,4,,,,1,3,,,,1,3,,,,,,,,3,,,,1,3,3,,,,1,,,1,,,1,,,,1,,,
FA0002653,,,,,,,,,,,,,1,,,,,,,,,,,,,,,,,,,,,,,,,,,,,,,,,,,,,
FA0002654,,,,,,,,,,,,,1,,,,,,,,,,,,,,,,,,,,,,,,,,,,1,,,,,,,,,
FA0002656,,,,,,2,1,,1,,,,,1,,,,,,,,,,3,,,,,2,,,,,,,,,1,,1,,,,1,,,,1,,
FA0002657,,,,,,1,1,,,,,,,1,,,,,3,,,,,,,,,,,,,,1,,,,,,,,,,,,,,,,,
FA0002658,,,,,,1,1,,,,,,,,,,,1,3,,,,,,,,,,,,,,,,,,,,,,,,,1,,,,,,
FA0002661,,,,,,,,,,,,,1,,,,,,,,,,,,,,,,,,,,,,,,,,,,,,1,1,,,,1,,
FA0002665,,,3,,,2,2,,2,,1,,3,2,,,,,1,,,,,2,,,3,,3,,,2,3,2,,,2,,1,3,2,3,1,1,,,,4,1,1
FA0002668,,,,,,,1,,,,,,,,,,,1,,,,,,,,,,,,,,,,,,,,,,,,,2,1,,,,,,
FA0002670,,1,,,,1,,,1,,,,1,,,,,,,,,,,,,,,,,,,,1,,,,,,,,,,,1,,,,,,
FA0002675,,1,,,,,,,1,,,,,,,,,,,1,,,,1,,,,,,,,,,,,,,,,,,,,1,,,,,1,
FA0002676,,,,,,,,,,,,,,,,,,,1,,,,,,,,1,,,,,,1,,,,,,,,,,,,,,,,,
FA0002677,,,,,,,,1,,,,,1,,,,,,1,,,,,2,,,,,,1,,,1,1,,,1,,,,,,,,,,,,,
FA0002680,,,,,,,,,,,,,,,,,,,,,,,,,,,,,,,,,1,,,,,,,,,,1,,,,,,,
FA0002685,,,,,,,,,,,,,1,,,,,,,,,,,1,,,,,,,,,,,,,,,,,,,,,,,,1,,
FA0002689,,1,,,,,,,1,,,,,,,,,,,,,,,,,,,,,,1,1,1,,,,,,,,,,,,,,,,,
FA0002694,,,,,,,1,,1,,,,,,,,,,,,,,,,,,,,,,,,,,,,,,,,,,,,,,,,,
FA0002697,,,,,,,,,,,,,,,,,,,,,,,,,,,,,,,,,,,,,,,,,1,,,,,,,,,
FA0002699,,,1,,,,1,1,3,2,,,,,,,,,1,,,2,,,,,2,,,,,,,,,,,,,,,,,,,,,,,
FA0002701,,,,,,,,,1,,,,,,,,,,1,,,1,,,,,1,,,,1,,,,,,,,,,,,,,,,,,,
FA0002703,,,1,,,,,,,,,,,1,,,,,3,,,,,1,,,1,,,,1,,1,,,,,,,,,,,2,,,,,,
FA0002704,,1,2,,1,2,2,,2,,,,,,,,,,2,,,2,,1,,,,,2,,,3,2,,,,,,,,,,1,,,,,,,
FA0002718,,,,,,,,,1,,,,,,,,,,1,,,,,,,,1,,,,,,1,,,,,,,1,,,1,1,,,,,,
FA0002719,,,,,,,,,,,,,,,,,,,,,,,,,,,,,,,,,,,,,,,,,,,,1,,,,1,,
FA0002745,,,,,,1,1,,,,,,,1,,,,,1,,,,,1,,,,,,,,,1,1,,,,,,1,1,,1,1,,,,1,,
FA0002750,,1,1,,,2,,,3,,,,,,,,,,5,1,,,,3,,,2,,1,,,2,,,,,,,,1,,1,3,,,1,,2,,
FA0002757,,1,,,,1,,1,1,,,,1,,,,,,3,,,3,,1,,,,,,,,,1,,,,,,,,,,,,,,,,,
FA0002758,,1,2,,1,,,,1,,,,1,,,,,1,1,,,,,,,,,,2,,,,1,,,,,,,1,1,,,,,,,,1,
FA0002759,,1,,,1,1,,,2,,,,,,,,,,,1,,,,,,,1,,,,,,1,,,,1,,,,1,,1,,,,,2,,
FA0002790,1,1,,,,,,1,2,,,,,,,,,,2,,,,,,,,,,1,,,,,,,,,,,,,,,,,,,,,
FA0002792,,,,,,,,,1,,,,,,,,,,1,,,,,,,,1,,,,,,,,,,,,,,,,,,,,,,,
FA0002811,,,,,,,,,1,,,,3,1,,,,,2,,,1,,,,,,,,,,,2,2,,,2,1,,,,1,,,,,,1,,
FA0002815,,,,,,1,3,1,2,,2,,,,1,,,2,4,,,1,,,,,1,,,,,2,,,,,,,,,1,,,,,,,,,
FA0002823,,,,,,,,,2,1,,,,,,,,,2,,,2,,,,,2,,,,,,,,,,,,,,,,,,,,,,,
FA0002826,,,,,,,,,,,,,,,,,,,1,,,,,1,1,,1,,1,,,1,,,,,,,,,2,,,,,,,,,
FA0002828,,,,,,,,,1,,,,,,,,,,,,,,,,,,,,,,,,,,,,,,,,,1,,,,,,,,
FA0002830,,,,,,,1,,,,,,,,,,,,1,,,,,,,,,,,,,,,,,,,,,,,,,,1,,,,,
FA0002839,,,2,,,1,,,,1,,,1,1,,,,,1,,,,,1,,,1,,,,,,,,,,,,,1,,,,1,,,,1,,
FA0002840,,,,,1,1,,,1,,,,,,,,,,,,,,,,,,,,,,,,,1,,,,,,,,,2,,,,,,,
FA0002856,,,,,,,,,1,,,,2,,,,,1,,,,,,,,,,,,1,,1,,,,,,,,,,,,1,,,,1,,
FA0002857,,,,,,,,1,,,,,,1,,,,,,,,,,,,,,,,,,,1,,,,,,,,,,,,,,,1,,
FA0002863,,,,,,,1,,,,,,,,,,,,,,,,,,,,,,,,,,,,,,,,,,,,,,,,,,,
FA0002867,,,,,,,,,,,,,,,,,,,,,,,,,,,,,,,,,,,,,,,,,1,,,1,,,,,,
FA0002868,,,,,,1,2,2,1,,,,,,,,,2,3,,,1,,1,,,,,1,,1,,2,,,,,,1,,2,,2,,,,,,,
FA0002871,,,,,,,,,2,,,,,,,,,,,,,,,,,,,,1,,,,1,,,,,,,,,,,,,,,,,
FA0002873,,1,,,,,,,1,,,,,1,,,,,2,1,,,,1,,,,,,,,,,,,,,,,,,,,,,,,1,,
FA0002874,,,,,,2,,,2,,,,1,,,,,,2,,,,,2,,,,,,,1,2,,,,,,,,,2,,,,,,,,,
FA0002882,,,,,,,,,1,,,,,1,,,,,1,,,,,,,,,,,,,,,,,,,,,,,,,,,,,1,,
FA0002891,,,,,,1,,,,,,,,,,,,,,,,,,1,,,,,,,,,,,,,,,,,,,,,,,,,,
FA0002925,,1,,,1,,,,1,,,,,,,,,,,,,,,1,,,,,,,,,,,,,,,,,,,1,,,,,,,
FA0002939,,,,,,,,,,,,,,1,,,,,2,1,,,,,,,,,,,,,1,,,,,,,,,,1,,,,,,,
FA0002948,,,,,,,2,,,,,,1,,,,,1,1,,,,,,,,,,,,,,1,,,,,,,,,1,,,,,,,,
FA0002966,,,1,,,1,1,,2,,,,,,,,,,,,,,,,,,,,,,,,1,,,,,,,,,,,2,,,,,,
FA0002979,,1,,,1,,,,2,,,,,,,,,,1,,,,,,,,,,,,,,,,,,,,,,,,,,,,,1,,
FA0002983,,,,,,1,,1,1,,1,,,,,,,,,,,,,1,,,,,2,,,,1,,,,,,,,,,,1,,,,,,
FA0002991,,,,,,2,1,,,,,,,,,,,,2,,,,,1,,,,,2,,,,1,,,,,,,,,,,,,,,1,,
FA0003002,,,,,,1,1,,,,,,,,,,,1,1,,,,,,,,,,,,,,,,,,,,,,,,,,,1,,,,
FA0003015,,1,1,,,,,,2,,1,,1,,,,,,2,1,,,,1,,,1,,,,,,,,,,,1,,,,,,1,,,,,,
FA0003034,,,,,,,,,,,,,,,,,,,1,1,,1,,,,,,,,,,,,,,,,,,,,,,,,,,,,
FA0003050,,,,,,2,2,,,,1,,1,,,,,2,,,,,,1,,,,,,,,,2,,,,,,,,,,,,,,,,,
FA0003243,,,1,,,1,,,1,1,,,1,,,,,1,1,,,1,,1,1,,,,,,,,1,,,,,,,1,1,,,1,,,,,,
FA0003244,,,,,,,,,,,,,,,,,,,,,,,,1,,,,,,,,,,,,,,,,,,,1,1,,,,,,
FA0003255,,,,,,1,1,,1,,,,,,,,,,2,,,,,,,,1,,2,,,,1,,,,,,,,1,,,,,,,,,
FA0003257,,1,,,1,,,,1,,,,,,,,,,1,,,,,,,,,,,,,,,,,,,,,,,,1,,,,,,,
FA0003258,,,1,,,,2,,3,,,,,,,1,,,3,,,,,1,,,3,,1,,,,1,,,,,1,,2,1,,1,1,,,,1,2,
FA0003265,,,,,,1,,,,,,,,1,,,,,,,,,,,,,,,,,,,1,,,,,,,,,,,,,,,,,
FA0003267,,1,,,,,,,1,,,,,,,,,,,,,,,,,,,,,,,,,,,,,,,,,1,1,1,,,,,,
FA0003269,,,,,,,,,2,,,,,,,,,,,,,,,2,,,,,3,,,,1,,,,,,,,2,,,2,,,,1,,
FA0003305,,,,,,1,,,,,,,,,,,,,2,,,,,1,,,1,,,,,,,,,,,,,,,,1,3,,,,,,
FA0003307,,,,,,1,,,,,,,,,,,,,1,,,,,,,,,,,,,,,,,,,,,,,,,,,,,1,,
FA0003314,,,1,,,,,,,1,,,,,,,,,,,,,,,,,,,,,,,,,,,,,,,,,,,,,,,,
FA0003315,,,,,,,,,2,,1,,1,,,,,,1,,,,,1,,,1,,2,2,,,,,,,,,,2,1,,1,,,,,2,,
FA0003317,,,,,,,,,1,,,,,,,,,,,,,1,,,1,,,,,,,,,,,,,,,,,,,,,,,,1,
FA0003318,,,,,,,,,1,,1,,,,,,,,2,,,,,,,,2,,1,,,,,,,,,,,,,,,1,,,,,,
FA0003319,,1,1,,1,1,,,2,,,,,,,,,,,,,,,2,,,,,,,,,,1,,,,,,,,2,,1,,,,,,
FA0003323,,,,,,,,,,,,,,,,,,,1,,,,,1,,,,,,,,,1,1,,,,,,1,,,,,,,,,,
FA0003326,,,,,,,,,,,,,,,,,,,1,,,,,,,,1,,,,,,,,,,,,,,,,,,,,,,,
FA0003337,,,,,,,,,3,,,,,,,,,,,,,,,,,,,,,,,,1,,,,,,,,,,,1,,,,,,
FA0003350,,,,,,,,,,,,,,,,,,,,,,,,,,,,,,,,,,,,,,,,,,,1,,,,,,,
FA0003365,,1,,,1,2,,,,,,,,,,,,,3,,,,,,,,1,,1,,,,,1,,,,,,,1,,,,,,,,,
FA0003408,,,,,,3,,,2,,,,2,,,,,1,3,,,1,,3,,,,,1,,,,1,,,,,,,1,1,1,1,2,,,1,1,1,
FA0003410,,,,,,,1,,2,,,,1,,,,,1,4,,,,,,1,,1,,,,,1,,1,,,,,,,2,,,,,1,,,1,
FA0003437,,,,,,,,,,,,,,1,,,,,,,,,,,,,,,,,,,,,,,,,,,,,,,,,,,,
FA0003464,,1,,,1,1,2,,3,,,,1,,,1,,,1,1,,1,,1,,,,,1,,,1,,1,,,,,1,,,,1,,,,,,,
FA0003466,,,,,,,,,,,,,,,,,,,,,,,,1,,,,,,,,,,,,,,,,,,,,,,,,1,,
FA0003470,,1,,,1,1,,,1,,,,,1,,,,,2,,,1,,,1,,,,,,,,,,,,,,,,,,,,,,,,,
FA0003471,,,,,1,,1,,1,,,,,,,,,,2,,,,,,,,,,,,,,,,,,,,,,,,,1,,,,,,
FA0003472,,,,,,1,,,1,,,,,,,,,,,,,,,1,,,,,,,,,,,,,,,,,1,,,,,,,,,
FA0003473,,,,,,1,1,,,,,,,1,,,,,1,,,,,1,,,1,,1,,,1,,,,,,,,,,,,,,,,,,
FA0003485,,1,,,,3,,,2,,,,,,,,,,3,,,,,1,,,1,,1,,,,2,1,,,,,,,1,,,,,,,,,
FA0003487,,,,,1,,,,1,,,,,1,,,,,1,,,,,,1,,1,,,,,,,,,,,,,,,,,,,,,,,
FA0003491,,,,,,1,1,,1,,,,,,,,,,,,,,,,,,,,,,,,,,,,,,,,,,,,,,,,,
FA0003499,,,,,,1,2,1,1,,1,,1,,,,,,,,,,,,,,,,,,,,1,,,,1,,,1,1,,,1,,1,,,,
FA0003510,,,,,,1,,,2,,,,,,,,,,2,,,1,,,,,,,,,,1,1,,,,,,,,,,,,,,,,,
FA0003512,,,,,,1,,,,,,,,,,,,,,,,,,1,,,1,,,,,,,,,,,,,,2,,,,,,,,,
FA0003521,,,,,,1,2,,1,,,,,1,,,,,,,,,,1,,,,,1,,,,,,,,,,,,1,,,,,,,,,
FA0003522,,,,,,2,,,,,,,,,,,,,1,,,,,,,,,,,,,,,,,,,,,,,,,1,,,,,,
FA0003529,,1,,,1,1,1,,,,,,1,,,,,,2,1,,,,1,,,,,,,,,1,,,,,,,,1,,,1,,,,,,
FA0003535,,1,,,,,1,,2,,,,2,,,,,,3,,,,,2,,,1,,,,,,,1,,,,,,,,,,,,,,2,,
FA0003536,,,,,,,,,1,,,,,1,,1,,,,,,,,,,,,,,,,,1,,,,,,,,,,,,,,,,,
FA0003540,,,,,,,,,1,,,,,,,,,1,,,,,,,,,,,1,,,,,,,,,,,,,,2,,,,,,,
FA0003541,,1,,,1,1,2,2,1,,,,2,1,,,,,1,,,2,,2,,,,,,,,2,,2,,,,,,,,,1,2,,,,,,
FA0003542,,,,,,1,1,,,,,,1,1,,,,,2,,,,,2,,,,,,,,1,,,,,,,,,1,,,1,,,,,,
FA0003543,,,,,1,,,,,,,,,,,,,,,,,,,,,,,,,,,,,,,,,,,,,,,,,,,,,
FA0003545,,,,,,,,,1,,,,,,,,,,,,,,,,,,,,,,,,,,,,,,,1,,1,2,,,,,1,,
FA0003551,,,,,,,,,1,,,,,,,,,1,1,,,,,,,,,,1,,,,,,,,,,,,,,,,,,,,,
FA0003562,,,,,,1,,,2,,,,1,,,,,,,,,,,2,,,,,,,,,1,1,,,,,,,,,,,,,,,,
FA0003565,,,3,,,1,1,,2,,,,1,1,,,,,1,,,,,2,,,2,,,2,,1,1,1,,,1,,,,1,1,1,1,,,,1,,
FA0003566,,,,,,1,1,,,,,,,,,,,,,,,,,2,,,,,1,,,,,,,,1,,,,,,,,,,,,,
FA0003583,,,,,,1,1,2,,,,,,,,,,,2,,,,,,,,1,,,,,,,,,,,,,,1,,,1,,,,,,
FA0003584,,,,,,,,,,,,,,,,,,,,,,,,1,,,,,,,,,,,,,,,,,,,,,,,,,,
FA0003585,,1,,,,1,1,1,,,,,,,,,1,1,3,1,1,,,2,,,,1,1,,,,1,,,,,,,,,,,,,,,,1,
FA0003592,,,,,,1,1,,,,,,,,,,,,2,,,,,,,,,,,1,,1,1,,,,,1,,,,,,,,,,,,
FA0003599,,,,,,,,,1,,,,,1,,,,,,,,,,,,,,,,,,,,,,,,,,,,,,1,,,,1,,
FA0003604,,,1,,,,1,,,,,,,1,,,,,,,,,,,,,,,,,,,,,,,,,,,,1,,1,,,,,,
FA0003605,,,1,,,2,,,2,,,,2,,,,,,2,,,1,,3,,,1,,1,,,1,1,,,,,,,,1,1,,,,,,1,,
FA0003606,,,1,,,1,1,1,,,,1,,,,,,,,,1,,,,1,,,,,,,,1,,,,,,,,,1,,1,,,,,,
FA0003614,,,,,1,,,,1,,,,,1,,,,,,,,,,1,,,,,,,,,,,,,,,,,,,,,,,,,,
FA0003621,,,,,1,,,,,,,,1,,,,,1,,,,,,,,,,,,,,,,,,,,,,,,,,2,,,,1,,
FA0003637,,,,,,,,,,,,,,,,,,,,,,,,,,,,,,,,,,,,,,,,,,,,1,,,,,,
FA0003663,,,,,,,,,1,,1,,,,,,,,,,,,,,,,,,,,,,,,,,,,,,,,,,,,,,,
FA0003680,,,,,,1,1,,1,,,,,,,,,,1,,,,,2,,,,,,1,,1,,1,,,,,1,1,,,,,,,,1,,
FA0003703,,,1,,,,,,,,,,,,,,,,1,,,,,1,,,1,,,,,1,,,,,,,,,,,,,,,,,,
FA0003704,,,,,,,,,1,,,,,1,,,,,1,,,,,,,,,,1,,,,,,,,,,1,,,,,,,,,2,,
FA0003711,,,,,,,,,2,,,,,,,,,,,,,1,,,,,,,1,,,,1,,,,,,,,,,,,,,,,,
FA0003722,,,,,,,,,3,,,,,,,,,,,,,,,1,,,,,,,,,,,,,,,,,,,,,,,,,,
FA0003737,,,1,,,,,,1,1,,,,,,1,,,,,,,,,,,1,,,,,,,,,,,,,,,,,,,,,,,
FA0003739,,,,,,1,,1,2,,,,,,,,,,,,,,,,,,,,,,,,,,,,,,,,,,,,,,,,,
FA0003742,,,,,,,,,,,,,,,,,,,,,,,,,,,,,,,,,,1,,,,,,,,,1,,,,,,,
FA0003769,,,,,,1,,,,,,,,,,,,,1,,,,,,,,,,,,,,,,,,,,,,,,,1,,,,,,
FA0003781,,,,,,,,,,,1,,,,,,,,,,,,,,,,,,,,,,,,,,,,,,,1,,,,,,,,
FA0003782,,,,,,,,,,,,,,,,,,,,,,,,,,,,,1,,,,,,,,,,,,,,,,,,,,,
FA0003784,,,,,1,,,,,,,,2,,,,,,,,,,,2,,,,,,,,,,,,,,,1,1,,,,,,,,,,
FA0003785,,1,,,1,1,,,3,,,,,,,,,,1,,,2,,2,,,,,1,,,,2,,,,,1,,,,,,,,,,1,,
FA0003787,,,,,,2,,,2,,,,,,,,,,,,,,,,,,,,,,,,1,,,,,,,,,1,,,,,,,1,
FA0003792,,,,,,,,,,,,,,,,,,,,,,,,1,,,,,,,,,,,,,,,,,1,,,,,,,,,
FA0003799,,1,,,1,,2,,1,,,,,,,,,,,1,,1,,,,,,,,,,1,,,,,,,,,,,,,,,,,,1
FA0003801,,,,,,2,,,,,,,2,,,,,,1,,,,,,,,,,,,,,1,,,,1,,,,,,,,,,,,,
FA0003806,,,,,1,,,,,,,,,,,,,,,,,,,,,,,,,,,,,,,,,,,,,,,,,,,,,
FA0003807,,,1,,,,,,1,,,,,1,,,,,,,,,,,,,,,,,,,,,,,,,,,1,,,,,,,,,
FA0003813,,,1,,1,,,,,,,,,,,,,,,,,,,,,,,,,,,,,,,,,,,,,,1,,,,,,,
FA0003814,,1,,,,,,,2,,,,,,,,,1,1,,,,,1,,,,,1,,,,,,,,,,,1,,1,,,,,,,,
FA0003821,,1,,,1,2,2,,,,,,,,,,,,3,1,,,,2,,,,,,,,1,,,,,,,,,,,,,,,,1,,
FA0003825,,,,,,,,,1,,,,,,,,,1,1,1,,1,,,,,,,,,,1,,,,,1,,,,,,,,,,,,,
FA0003827,,,,,,,1,,2,,,,,,,,,,1,,,,,2,,,,,,,,,1,,,,1,,,,1,,,,,,,,,
FA0003837,,,,,,1,,,,,,,1,,,1,,,1,,,,,,1,,,,,,,,,,,,,,,1,,,,1,,,,,,
FA0003849,,,,,,1,,,,,,,,,,,,,2,,,,,,,,,,,,,,,,,,,,,1,1,,,1,,,,,1,
FA0003850,,1,,,1,1,,,1,,,,,1,,,,,2,,,,,,,,,,,,,,,,,,,,,1,,1,,,,,,,,
FA0003851,,,,,,1,1,1,2,,,,,,,,,,,,,1,,,,,,,1,,,,,,,,,,,,1,,1,,,1,,,,
FA0003857,,,,,,,1,1,,,,,1,1,,,,,2,,,1,,1,,,1,,,,,1,1,1,,,,,,,1,,2,,,,,,,
FA0003872,,,,,,1,,,1,,,,1,,,,,,,,,,,1,,,1,,,,,,,,,,,,,,,,1,,,,,1,,
FA0003878,,,,,,1,,,,,,,,,,,,,2,,,,,1,,,,,,,,,,,,,,,,,1,,,,,,,,,
FA0003879,,,,,,,,,,,,,1,,,,,,1,,,,,1,,,,,,,,,1,,,,1,,,,,1,1,1,,,,1,1,
FA0003890,,,2,,,1,,,3,,1,,,,,,,1,2,,,,,,,,1,,,,,,1,,,,1,,,,2,,1,,,,,,,
FA0003891,,1,,,,1,1,,2,,,,,,,,,,,,,,,,,,,,,,,,,,,,,,,,,,,,,,,,,
FA0003913,,,,,,,,,,,,,1,,,,,,,,,,,1,,,,,1,,,1,1,,,,,,,,,,,,,,,,,
FA0004494,,,1,,,,1,1,,,,,,,,,,,,,,,,,,,,,,,,,1,,,,,,,,,,1,,,1,,,,
FA0004497,,,,,,1,,,1,,1,,,,,,,,3,,,,,1,,,,,,,,1,2,,,,1,,,,,1,1,,,,,,,
FA0004498,,,,,,,,,,,,,,1,,,,1,1,,,,,1,,,,,,1,,,1,,,,,,,,,,,,,,,,,
FA0004500,,,,,,,,,1,,,,,,,1,,,1,,,,,1,,,,,,,,,,,,,,,,,,,,,,,,,,
FA0004505,,,,,,1,,,2,,,,1,,,,,,1,,,1,,,,,1,,2,1,,,,1,,,1,,,2,1,,1,2,,1,,1,,
FA0004507,,,2,,,1,,1,2,,,,1,,,,,,2,,,1,,,,,2,,,,,1,,,,,,,,,1,,,,,,,,,
FA0004511,,1,,,1,,,,1,,,,,,,,,,,,,,,1,,,1,,,,,,,,,,,,,,1,,,,,,,,,
FA0004515,,,,,,,,,1,,,,1,,,,,,,,,,,,,,,,,,,,1,,,,,,,1,,,1,,,,,,,
FA0004518,,,,,,,,,1,,,,,,,,,1,1,,,,,1,,,,,1,,,,,,,,,,,,,,,,,,,,,
FA0004519,,,,,,,,1,,,,,,,,,,,,,,,,,,,,,,,,,,,,,,,,,1,,,1,,,,,,
FA0004521,,,1,,1,,1,2,2,,,,,,,,,,3,,,,,,,,,,,,,,1,,,,,,,,,,,,,,,,,
FA0004526,,,,,,,1,,,,,,,,,,,,1,,,,,,,,1,,,,1,,,,,,,1,,,,,,,,,,,,
FA0004539,,,,,,,,,,,,,,,,,,,2,1,,,,1,1,,,,,,,,,,,,,,,1,1,,1,,,,,1,,
FA0004554,,,,,,1,,,,,,,,,,,,,1,,,,,,,,,,,,,,,,,,,,,,,,,1,,,,,,
FA0004595,,,,,,,,,,,,,,,,,,,,,,,,,,,,,2,,,,,,,,,1,,,1,,,,,,,,,
FA0004603,,,,,,,,,,,,,,,,,,,,,,,,1,,,,,2,,,,,,,,,,,,1,,,1,,,,,,
FA0004604,,,,,,1,,,2,,,,,,,,,1,,,,,,1,,,,,,1,,,,,,,,,,,,,,1,,,,,,
FA0004625,,1,,,1,,,1,3,,,,1,1,,,,1,,,,,,1,,,,,1,,,,,,,,,,,,2,,,,,,,1,,
FA0004635,,,,,,1,,,1,,,,1,,,,,,,,,,,1,,,1,,1,,,,3,,,,1,,,,1,,,,,,,,,
FA0004638,,,,,,,,,2,,,,,,,,,,1,,,1,,2,,,1,,,,,1,2,,,,,,1,1,,1,,,,,,1,,
FA0004641,,,,,,,,,,,,,1,1,,,,,,,,,,,,,,,,,,,,,,,,,,,,,1,,,,,,,
FA0004647,,,,,,1,,,,,,,,,,,,1,,,,,,1,,,,,,,,,,,,,,,,,,,,,,,,,,
FA0004648,,,,,,,,,,,,,,,,,,,,,,,,,,,,,,,,,,,,,,,,,,,,1,,,,1,,
FA0004651,,,,,,,,,1,,,,,,,,,,,,,,,,,,,,,,,,,,,,,,,,,,,,,,,,,
FA0004652,,1,,,,,,,,,,,,,,,,,,,,,,,,,,,,,,,,,,,,,,,,,1,1,,,,,,
FA0004653,,,,,,1,,,,,,,,,,,,,1,,,,,1,,,,,,,,,,,,,,,,,,,,,,,,,,
FA0004654,,,,,,,,,,,,,,,,,,,,,,,,,,,,,,,,1,,,,,,,,,,,,,,,,,,
FA0004659,,,,,,,,,,,,,,,,,,,,,,,,,,,,,,,,,,,,,,,,,,,1,,,,,,,
FA0004661,,,,,1,,,,2,,,,,1,,,,,2,,,1,,,,,,,,,,,,,,,,,,,,,,,,,,,,
FA0004663,,,,,,1,,,1,,,,1,,,,,,,,,,,,,,,,,,,,,,,,,,,,,,,,,,,,,
FA0004668,,,,,1,,1,,,,,,,1,1,,,,,,,1,,2,1,,,,,1,,,,,,,,,,,,,,,,,,,1,
FA0004669,,1,,,1,,,,,,,,1,,,,,,1,1,,,,,,,,,1,,1,,,2,1,,,,,2,,,,,,,,,1,
FA0004673,,1,,,1,2,2,1,2,,,,1,1,1,,,1,3,,,1,,,,,2,,,,,,,1,,,,,,,2,,,1,,,,,,
FA0004683,,,,,,1,,,1,,1,,,,,,,,1,,1,,,1,,,,,1,,,,,,,,1,,,,,,,,,,,,,
FA0004691,,,,,,,,,,,,,,1,,,,,,,,,,,,,,,,,,,1,,,,,,,,1,,,,,,,,,
FA0004696,,1,,,1,,,,2,,,,,,,,,,,,,,,1,,,,,1,1,,,,1,,,,,,,,,,,,,,,,
FA0004706,,,,,1,,1,,,,,,,1,1,,,,,,,,,,,,,,,,,,1,1,,,,,,,1,,,,,,,,,
FA0004707,,,,,,,,,,,,,,,,,,,,,,,,1,,,,,,,,,1,,,,,,,,1,,,,,,,,,
FA0004735,,,,,,,1,1,,,,,,,,,,,,,,,,,,,,,,,,,,,,,,,,,,,,1,,,,1,,
FA0004736,,,,,,2,1,,,,,,,,,,,,1,,,,,,,,,,,1,,1,1,,,,,,,,,,,,,,,,,
FA0004750,,,,,,,,,,,,,,,,,,,,,,,,,,,1,,,,,,1,,,,,,,,1,,,,,,,1,,
FA0004757,,,,,,,,,,,,,,,,,,,,,,,,2,,,1,,,,,1,,,,,,,,1,2,,,,,,,1,,
FA0004761,,1,,,,1,2,,1,,,,,,,,,,,,,,,,,,,,,,,1,1,,,,,,,,,,,,,,,,,
FA0004764,,,,,,1,,1,,,,,1,,,,,,,,,,,1,,,,,,,,,,,,,,,,,1,,,1,,,,1,,
FA0004766,,,,,,1,,,,,,,1,,,,,,,,,1,,1,,,,,,,,1,1,,,,,,,1,,,1,,,,,,1,
FA0004769,,,,,,1,,,1,,1,,,,,,,,1,,,,,1,,,,,,,,,,1,,,,1,,1,,,,,,,,1,,
FA0004784,,,,,,,1,,,,,,1,,,,,,1,,,,,,,,,,,1,,,2,1,,,2,,,,1,,,,,,,,,
FA0004787,,,,,,,,,,,,,1,2,,,,2,2,,,,,,,,,,,,,,1,,,,,,,,1,,,,,,,,,
FA0004789,,,,,,1,,,,,,,,,,,,,,,,,,,,,,,,,,,,,,,,,,1,,,,,,,,,,
FA0004792,,,,,1,,,,,,,,1,1,,,,,1,,,1,,,,,,,,,,,1,,,,1,,,,1,,,,,,,1,,
FA0004816,,,1,,,,1,,,,,,,,,,,,1,,,,,,,,,,,,,,1,,,,,,,1,,,,,,,,1,,
FA0004821,,,,,,1,1,,1,,,,,1,,,,,1,,,,,3,,,1,,,,1,,,,,,,,,1,1,,,,,,,1,,
FA0004834,,,,,,,2,,,,,,,,,,,1,1,,,,,,,,1,,,,,,,,,,,,,,,,,,,,,,,
FA0004835,,,,,1,,,,,,,,,,,,,,,,,,,1,,,,,,,,,,,,,,,,,,,,,,,,,,
FA0004836,,,,,1,,,,,,,,,,,,,,,,,,,,,,,,,,,,,,,,,,,,,,,1,,,,,,
FA0004837,,,1,,,1,2,2,2,,1,,,,1,1,,1,1,,,,,1,,,1,,,,,2,2,,,,,1,,2,,,1,1,,,,2,,
FA0004839,,,,,,,,,,,,,,,,,,,,,,,,,,,,,1,,,,,1,,,,,,,,,1,1,,,,,,
FA0004841,,1,,,1,,,,1,,,,,,,,,,,,,,,,,,,,,,,,1,,,,,,,,,,1,,,,,,,
FA0004843,,,,,,,,,1,,,,1,,,,,,,,,,,,,,,,,,,,,,,,,,,,,,1,1,,,,1,,
FA0004844,,,,,,1,,,,,,,1,,,,,,,,,,,1,,,,,,,,,,1,,,,,,,,,1,2,,,,2,,
FA0004846,,,1,,,,1,,1,,1,,1,,,,,,,,,,,2,,,,,,,,,,,,,,,,1,,,,,,,,,,
FA0004847,,,1,,,,,,,,,,,,,,,,2,,,,,2,,,,,,,,,,,,,,,,,,,,,,,,,,
FA0004848,,,,,,2,1,,1,,1,,1,1,,,,1,1,,,,,,,,,,,,,,1,,,,,,,,,,,,,,,,,
FA0004851,,,,,,,,,1,,,,,,,,,,,,,,,,,,,,,,,,1,,,,,,,,,,,,,,,1,,
FA0004853,,1,1,,1,,1,,1,,,,2,,,,,1,1,,,,,,,,,,1,,,,1,1,,,,1,,1,1,,2,1,,,,,,
FA0004858,,,,,1,,1,1,,,,,,1,,,1,,1,,,,,1,3,,,,,,,,,,,,,,,,,,,,,,,,,
FA0004860,,,,,,2,2,,1,,,,1,,,,,,,,,,,,,,,,,,,,,,,,,,,,,,1,2,,,,,,
FA0004866,,1,1,,1,2,1,,1,,,,,1,,,,,1,1,,,,,,,,,,,,1,1,,,,,,,2,1,,,,,,,,,
FA0004872,,1,,,,,,,,,,,1,,,,,,,,,,,,,,,,,,,,,,,,,,,1,,,,,,,,,,1
FA0004879,,,1,,,1,1,,1,,,,,,,1,,,,,,,,,,,,,,,,,,,,,,,,1,1,,,,,,,,,
FA0004880,,,,,,,1,,,,,,,,,,,,,,,,,1,,,,,,,,,,,,,,,,,,,,,,,,,,
FA0004883,,,,,,,1,1,,,,,,,,,,,,1,,,,,2,,,,,,,,,,,,,,,,1,,,1,,,,,,
FA0004884,,,,,,,,,1,,,,,2,,,,,,,,,,,,,,,,,,,,,,,,,,,,,,,,,,,,
FA0004885,,,1,,,,,,,,,,,,,,,1,,,,,,,,,,,,,,,1,,,,,1,1,,1,,,1,,,,,,
FA0004906,,,,,,,,,,,,,,,,,,,,,,,,,,,,,1,,,,,,,,,,,,,,,,,,,,,
FA0004907,,,1,,,,,,1,,,,,,,,,,,,,1,,,,,,,,,,,,,,,,,,,,,,,,,,,,
FA0004908,,,,,,,,,,,,,,,,,,,,,,,,,,,,,,,,,1,,,,,,,,,,,,,,,,,
FA0004910,,,,,,,,,2,,,,,,,,,,,1,,,,,,,,,1,,,,,,,,,,,,,,1,,,,,,,
FA0004936,,1,,,1,,,,1,,,,,1,,,,,,,,,,,,,,,,,,,,,,,,,,,1,,1,,,,,,,
FA0004941,,,,,,2,1,,2,,,,,,,,,,,,,,,1,,,,,,,,1,,,,,,,,,,,,,,,,1,,
FA0004949,,,,,1,,2,,1,,,,,,,,,,1,,,1,,,,,1,,,,,,,,,,,,,,,,1,,,,,,,
FA0004951,,,,,,,,,1,,,,,,,,,,,,,,,,,,,,,,,,1,,,,,,,,,,1,1,,,,,,
FA0004954,,,,,,,,,1,,,,,,,,,,,,,,,,,,,,,,,,,1,,,,,,1,1,,,,,,,,,
FA0004960,,,1,,,,,,1,,,,,,,,,,1,,,,,,,,,,,,,,,,,,,1,,1,1,,,,,,,,,
FA0004964,,,,,,1,1,,1,,,,,,,,,,,,,,,,,,,,,,,1,,,,,,,,,,,,1,,,,1,1,
FA0004967,,,1,,1,,,,,,,,1,,,,,1,1,1,,,,,,,,,,,,,1,,,,,,,,,,1,,,,,1,,
FA0004969,,,,,,,,,,,,,,,1,,,,,,,,,1,,,,,,,,,,,,,,,,,1,,,1,,,,,,
FA0004974,,1,,,,,,,,,,,,,,,,,,,,,,,,,,,,,,,1,,,,,,,,,,,,,,,,,
FA0004975,,1,,,1,,,,,,,,,,,,,,1,,,,,1,,,1,,,,,,,1,,,,,,,,,,,,,,,,
FA0004976,,,,,,,,,,,,,,,,,,,2,,,,,1,,,,,2,,,,,,,,,,,,,,,,,,,,,
FA0004977,,,,,,,,,,,,,,,,,,,,,,,,,,,,,,,,,,,,,,,,,,,,,,,,1,,
FA0004982,,,,,,1,,,,1,,,,,,,,,,,,,,,,,,,,,,1,,,,,,,,,1,,1,1,,,,,,
FA0004983,,,,,,,1,,,,,,,,,,,,,,,,,,,,,,,,,,,,,,,,,,,,1,,,,,,,
FA0004989,,,,,,,,,,,,,,,,,,,,,,,,2,,,,,2,,,,,,,,,,,,,,2,,,,,,,
FA0004995,,,,,,,,,,,,,,,,,,,,,,,,1,,,,,1,1,,,,,,,,1,,1,1,,,,,,,,,
FA0004996,,,,,,,,,,,,,,,,,,,,,,,,,,,,,,,,,,1,,,,,,,,,1,1,,,,,,
FA0005003,,,,,1,,,1,2,,,,,,,,,,2,,,,,,,,,,,,,1,,1,,,1,,,,2,,,,,,,,,
FA0005008,,1,,,1,,,,,,,,,,,,1,,2,,,,,1,,,,,,,,,,,,,,,,,,,,,,,,,,
FA0005010,,,,,,,,,,,,,,1,,,,,1,,,,,,,,,,,,,,1,,,,,,,,,,,,,,,,,
FA0005012,,,,,,,,,,,,,,,,,,,,,,,,,,,,,,,,1,,,,,,,,1,1,,,,,,,1,,1
FA0005013,,,,,,,1,,,,,,1,,,,,,,,,,,,,,,,,,,,1,,,,,,,,,,,1,,,,,,1
FA0005021,,,,,,,,,,,,,1,,,,,,,,,,,1,,,,,,,,,,,,,,,,,,,,,,,,,,
FA0005022,,,,,,,,,,,,,,,,,,,,,,,,,,,,,,,,,,,,,,,1,1,1,,,1,,,,,,
FA0005025,,1,,,,1,,,,,,,,,,,,,,,,,,,,,1,,,,,,,,,,,,,,,,,,,,,,,
FA0005028,,,,,,,,,1,,,,,,,,,,,,,,,,,,,,,,,,,,,,,,,1,1,,,1,,,,,,
FA0005030,,,,,,,,,,,,,,1,,,,,1,,,,,,,,,,,,,,,1,,,1,1,,,1,,,,,,,,,
FA0005033,,,,,,,,,,,,,,,,,,,,,,,,,,,,,,,,,,,,,,,,,,,,1,,,,,,
FA0005035,,1,,,,,,,1,,,,,,,,,,1,,,,,,,,,,,,1,,,,,,,,,,,,,,,,,,,
FA0005038,,1,,,1,,1,,1,,,,1,,,,,,,,,1,,1,,,1,,1,,,,,1,,,,1,,,1,,,1,,,,,,
FA0005050,,,,,,,,,,,,,,,,,,1,,,,,,,,,,,,,,,,,,,,,,1,,,,,,,,,,
FA0005062,,,,,,,,,,,,,1,,,,,,1,,,,,1,,,,,,,,,,,,,,,,,,,,,,,,,,
FA0005063,,,1,,,,,,1,,,,1,,,,,,,,,,,,,,,,,,,,1,,,,,,,,,,,,,,,,,
FA0005066,,,,,2,,,,,,,,1,,,,,,,,,,,,,,,,,,,,,1,,,,,,,,,,,,,,,,
FA0005067,,,,,,1,,,1,,,,1,,,,,,1,,,,,1,,,,,,,,1,,1,,,,,1,,,,,,,,,,,
FA0005073,,,,,,,,,,,,,,,,,,,,,,,,1,,,,,,,,,,,,,,1,,1,,,,,,,,,,
FA0005081,,,,,,,,,,,,,,,,,,,1,,,,,1,,,,,,,,,1,,,,,,,,,,,,,,,,,
FA0005083,,,,,,,1,,,,,,,,,,,,,,,,,,,,,,,,,,1,,,,,,,,,,,,,,,,,
FA0005084,,,,,1,,,,,,,,,1,,,,,1,,,1,,,,,,,,,,,,1,,,,,,,1,,,,,,,,,
FA0005088,,,,,1,,1,,,,,,,,,,,,1,,,1,,,,,,,,,,,,,,,,,,,,,,,,,,,,
FA0005097,,,,,,,,,,,,,,,,,,,1,,,,,,,,,,,,,,1,,,,,,,,,,,,,,,,,
FA0005100,,,,,,,,,1,,,,,,,,,,,,,,,1,,,,,,,,,1,,,,,,,,,,,,,,,,,
FA0005101,,,,,,,,,,,,,,,,,,,,,,,,,,,,,,,,,,,,,,,,,1,,,,,,,,,
FA0005127,,,,,,,,,,,,,,,,,,,,,,,,,1,,,,,,,,,,,,,,,,,,,,,,,,,
FA0005130,,,,,1,1,,,,,,,,,,,,,,,,,,,,,,,,,,,,,,,,,,,,,,,,,,,,
FA0005143,,,,,,,,,1,,,,,,,,,,,,,,,,,,,,,,,1,1,,,,,,,1,,,,,,,,1,,
FA0005151,,1,,,1,1,1,1,2,,,,,,,,,,1,,,1,,,,,,,,,,1,1,,,,,,,2,,,1,,,,,,,
FA0005162,,,,,,,1,,,,,,,,,,,,1,,,,,,,,,,,,,,,,,,,,,,1,,1,,,,,,,
FA0005172,,,,,,,,,1,,,,,,,,,,,,,,,,,,,,,,,,,1,,,,,,,,,,,,,,,,
FA0005179,,,,,,,,,,,,,,,,,,,1,,,,,,,,,,,,,1,,,,,,,,,1,,,,,,,,,
FA0005180,,,,,,1,,,,,,,1,,,,,,1,,,,,1,,,,,,,,,,,,,1,,,,,,1,1,,,,,,
FA0005182,,,,,,,,,1,,1,,,,,,,,1,,,,,,,,,,,,,,,,,,,,,,,,,1,,,,,,
FA0005191,,,,,,,,,,,,,,,,,,,,,,,,,,,,,,,1,,,,,,,,,,,,,,,,,,,
FA0005194,,,,,,1,1,,1,,,,1,,,,,,,,,,,1,,,,,,,,,,,,,,1,,,,,,1,,,,1,,
FA0005195,,,,,,,,,,,,,,,,,,,1,,,,,,,,1,,,,,,,,,,,,,,1,,,,,,,,,
FA0005196,,,,,,1,,1,,,,,,,,,,,,,,,,1,1,,,,,,,,,,,,,,,1,,,1,,,,,,,
FA0005198,,,,,,,,,1,,,,,,,,,,,,,,,,,,,,,,,,,,,,,,,,,,,1,,,,1,,
FA0005203,,,,,,,,,,,,,,,,,,,,,,,,1,,,,,,,,1,,,,,,,,,,,1,,,,,,,
FA0005208,,,,,1,,,,,,,,,,,,,,,,,,,,,,,,,,,,,,,,,,,,,,,,,,,,,
FA0005212,,,,,,1,,,,,,,,,,,,,,,,,,,,,,,,,,,,,,,,,,,,,,,,,,,,
FA0005226,,,,,,,,,,,,,,,,,,,,,,1,,,,,,,,,,,,1,,,,,,,,,,,,,,,,
FA0005227,,,,,,,1,1,,,,,,,,,,1,,,,1,,,,,,,,,,,,,,,,,,,,,,,,,,,,
FA0005232,,,,,,,,,1,,,,1,,,,,,1,,,,,1,,,1,,,1,,1,,,,,,,,,2,,1,,,,,,,
FA0005246,,,,,,,,,,,,,,,,1,,,1,,,,,1,,,1,,,,,,,,,,,1,,1,1,,,,,,,,,
FA0005251,,,,,,,,,1,,,,1,,,,,,,,,,,1,,,,,,,,,,,,,,1,,,1,,,,,,,1,,
FA0005256,,,,,,,,,1,,,,,,,,,,,,,,,,,,,,1,,,,,,,,,,,,,,,,,,,,,
FA0005261,,,,,,,,,1,,,,,,,,,,,,,,,,,,,,,,,,,,,,,,,,,,,,,,,,,
FA0005267,,,,,1,,,,1,,,,,,,,,2,1,1,,,,1,,,1,,,,,,,,,,,,,1,,,,1,,,,,,
FA0005271,,,,,,,,,1,1,,,1,1,,,,,1,,,1,,1,,,,,1,,,1,1,1,,,,,,,,,,,,,,,,
FA0005279,,,1,,,,,,,,,,,,,,,,1,,,,,1,,,,,,,,,,,,,,1,,,,,1,,,,,,,
FA0005280,,,,,,,,,,,,,,,,,,,,,,,,,,,,,,,,,,,,,,,,,,,,,,,,1,,
FA0005285,,,,,,,,,,,,,,,,,,1,,,,,,1,,,,,,,,,,,,,,,,,,,,,,,,,,
FA0005295,,,,,,,,,,,,,,,,,,,,,,,,,1,,,,,,,1,,,,,,,,,,,,,,,,,,
FA0005299,,,,,,,,,,,,,,,,,,,,,,,,,,,,,,,,,,1,,,,,,,,,,,,,,,,
FA0005308,,2,,,,,,,1,,,,,,,,,,1,,,,,,,,1,,1,,,,,,,,,,,,,,,,,,,,,
FA0005319,,,,,,,,,,,,,1,,,,,,1,,,,,,,,,,,,,,,,,,,,1,,1,,,,,,,,,
FA0005329,,,,,1,,,,1,,,,1,,,,,1,1,,,,,,,,1,,,,,1,,,,,,1,,1,,,,,,,,,,
FA0005345,,1,,,,,,,,,,,,,,,,,,,,,,,,,,,,,,,,,,,,,,,,,,,,,,,,
FA0005346,,,,,,,1,,,,,,,,,,,,1,,,,,,,,,,,,,,,,,,,,,,,,,,,,,,,
FA0005381,,1,,,1,,,,1,,,,1,,,1,,,,,,,,,,,,,,,,,,,,,,,,,,,,,,,,,,
FA0005384,,,,,1,,1,,,,,,,,,,,,1,,,,,1,,,,,,,,,,,,,,,,,,,,,,,,,,
FA0005386,,,,,,,,,,,,,,,,,,,,,1,,,,,,,,,,,,,,,,,,,,,,,,,,,,,
FA0005390,,,,,,,,,1,,1,,,,,,,,1,1,,2,,,,,,,,,,,,,,,,,,,,,,,,,,,,
FA0005391,,,,,,,1,,,,,,,,,,,,,,,1,,,,,,,,,,,,,,,,,,,,,,,,,,,,
FA0005405,,1,,,,,,,,,,,,,,,,,,,1,,,,,,,,,,,,,,,,,,,,,,,,,,,,,
FA0005406,,1,,,1,,,,1,,,,,,,,,,,,,,,,,,,,,,,,,,,,,,,,,,,,,,,,,
FA0005408,,,,,,,,,,,,,,,,,,,,,1,,,,,,1,,,,,,,,,,,,,1,,,,,,,,,,
FA0005418,,,,,,,,,,,,,,,,,,,1,,,,,1,,,,,,,,,,,,,,,,,,,,1,,,,,,
FA0005422,,1,,,1,,,,1,,,,,,,,,,1,1,,,,1,,,1,,,,,,,,,,,,,,,,,,,,,,,
FA0005425,,1,,,,,,,,,,,1,,,,,,,,,,,,,,,,,,,,,,,,,,,,,,1,,,,,,,
FA0005440,,,,,,,,,,1,,,,,,,,,,,,,,,,,,,,,,,,,,,,,,,,,,,,,,,,
FA0005449,,,,,1,,,,1,,,,,,,,,,,,,,,,,,1,,,,,,,,,,,,,,,,,,,,,,1,
FA0005472,,1,,,,,,,,,,,,,,,,,,,,,,,,,,,,,,,,,,,,,,,,,,,,,,,,
FA0005494,,,,,1,,,,1,,,,,,,,,,,,,,,,,,,,,,,,,,,,,,,,,,,,,,,,,
FA0005506,,,,,,,,,,,,,,1,,,,,,,,,,,,,,,,,,,,,,,,,,,1,,,1,,,,,,
FA0005510,,1,,,1,,,,,,,,,,,,,,,,,,,,,,,,,,,,,,,,,,,,,,,,,,,,,
FA0005534,,,,,,,,,,,,,,,,,,,,,,,,,1,,,,,,1,,,,,,,,,,,,,,,,,,,
FA0005535,,,,,,,,,,,,,,1,,,,,,,,,,,,,,,,,,,,,,,,,,,,,,,,,,,,
