city,facility_name,facility_name_plus,facility_id,rating,total_ratings,avg_inspection_score,avg_violations_count
ALLENSPARK,MEADOW MOUNTAIN CAFE,ALLENSPARK - MEADOW MOUNTAIN CAFE - ,FA0000515,4.70,113,80.00,7.00
ALLENSPARK,ROCKY MOUNTAIN PATHWAY RANCH,ALLENSPARK - ROCKY MOUNTAIN PATHWAY RANCH - ,FA0000021,4.90,22,10.00,1.00
BOULDER,(CU)  FARRAND ALLEY,BOULDER - (CU)  FARRAND ALLEY - ,FA0001319,4.30,4,10.00,1.00
BOULDER,(CU) SEEC CAFE,BOULDER - (CU) SEEC CAFE - ,FA0001542,4.00,33,20.20,2.50
BOULDER,(CU) SEWALL DINING CENTER,BOULDER - (CU) SEWALL DINING CENTER - ,FA0001321,5.00,2,32.50,2.00
BOULDER,(CU) VILLAGE CENTER THE GRANGE (GRILLE),BOULDER - (CU) VILLAGE CENTER THE GRANGE (GRILLE) - ,FA0005050,3.90,28,8.00,1.00
BOULDER,A AND J ALLIANCE,BOULDER - A AND J ALLIANCE - ,FA0001760,4.20,771,37.95,4.75
BOULDER,A CUP OF PEACE,BOULDER - A CUP OF PEACE - ,FA0002704,4.30,258,71.09,6.33
BOULDER,A TAKEAR (MOBILE),BOULDER - A TAKEAR (MOBILE) - ,FA0005329,3.60,15,65.00,9.00
BOULDER,ABOS PIZZA NORTH,BOULDER - ABOS PIZZA NORTH - ,FA0000025,4.30,232,29.45,3.00
BOULDER,ABOS PIZZA SOUTH,BOULDER - ABOS PIZZA SOUTH - ,FA0000024,3.50,143,41.67,3.75
BOULDER,AFC SUSHI @ SAFEWAY #1615,BOULDER - AFC SUSHI @ SAFEWAY #1615 - ,FA0004880,3.90,1259,15.00,1.00
BOULDER,AFC SUSHI @ SAFEWAY #2911,BOULDER - AFC SUSHI @ SAFEWAY #2911 - ,FA0005088,3.90,685,20.00,2.00
BOULDER,AFC SUSHI @ SAFEWAY #2919,BOULDER - AFC SUSHI @ SAFEWAY #2919 - ,FA0004908,4.20,603,5.00,1.00
BOULDER,ALI BABA GRILL,BOULDER - ALI BABA GRILL - ,FA0003269,4.20,771,23.43,3.50
BOULDER,ALOY THAI CUISINE,BOULDER - ALOY THAI CUISINE - ,FA0002357,4.20,1016,7.50,1.50
BOULDER,ALPINE MODERN,BOULDER - ALPINE MODERN - ,FA0000234,4.50,355,84.11,4.50
BOULDER,AMANTE BASELINE,BOULDER - AMANTE BASELINE - ,FA0003827,4.20,214,25.33,3.00
BOULDER,AMANTE UPTOWN,BOULDER - AMANTE UPTOWN - ,FA0002356,4.20,275,43.46,3.25
BOULDER,AMANTE WALNUT II,BOULDER - AMANTE WALNUT II - ,FA0005038,4.40,177,53.46,6.50
BOULDER,AMERICAN LEGION BOULDER POST 10,BOULDER - AMERICAN LEGION BOULDER POST 10 - ,FA0000009,4.90,15,36.00,2.50
BOULDER,AMPERSAND COFFEE ROASTER,BOULDER - AMPERSAND COFFEE ROASTER - ,FA0005130,4.90,258,7.50,1.00
BOULDER,AOI,BOULDER - AOI - ,FA0003592,4.80,226,50.12,4.00
BOULDER,APERITIVO,BOULDER - APERITIVO - ,FA0005151,4.40,230,81.53,7.50
BOULDER,ARABESQUE,BOULDER - ARABESQUE - ,FA0000105,4.30,172,58.75,2.67
BOULDER,ARCANA RESTAURANT,BOULDER - ARCANA RESTAURANT - ,FA0004883,4.60,431,47.86,3.50
BOULDER,AREPA JOINT THE (MOBILE),BOULDER - AREPA JOINT THE (MOBILE) - ,FA0005083,3.60,42,25.00,2.00
BOULDER,ASH KARA,BOULDER - ASH KARA - ,FA0000449,4.30,101,82.00,8.00
BOULDER,ASTRO COFFEE BAR,BOULDER - ASTRO COFFEE BAR - ,FA0000124,4.60,58,29.54,4.33
BOULDER,ATTIC BAR AND BISTRO,BOULDER - ATTIC BAR AND BISTRO - ,FA0000674,4.20,414,65.33,5.00
BOULDER,AVANTI F&B COMMISSARY & BARS,BOULDER - AVANTI F&B COMMISSARY & BARS - ,FA0000159,4.40,467,13.60,2.00
BOULDER,AVERY BREWING COMPANY,BOULDER - AVERY BREWING COMPANY - ,FA0004673,4.60,1743,72.46,6.00
BOULDER,BACCO TRATTORIA,BOULDER - BACCO TRATTORIA - ,FA0002699,4.20,246,70.00,5.00
BOULDER,BACK COUNTRY PIZZA AND TAP HOUSE,BOULDER - BACK COUNTRY PIZZA AND TAP HOUSE - ,FA0001236,4.40,1106,46.18,3.67
BOULDER,BARNES AND NOBLE BOOKSELLERS,BOULDER - BARNES AND NOBLE BOOKSELLERS - ,FA0003257,4.50,913,31.00,2.50
BOULDER,BARTACO,BOULDER - BARTACO - ,FA0005162,4.40,1106,50.00,4.00
BOULDER,BASECAMP HOTEL,BOULDER - BASECAMP HOTEL - ,FA0004910,4.00,376,18.00,2.50
BOULDER,BELEZA COFFEE BAR,BOULDER - BELEZA COFFEE BAR - ,FA0000972,4.70,254,55.50,3.67
BOULDER,BEN AND JERRYS,BOULDER - BEN AND JERRYS - ,FA0000106,4.30,345,29.57,3.50
BOULDER,BENTO RIA SUSHI & POKE,BOULDER - BENTO RIA SUSHI & POKE - ,FA0005227,4.70,231,55.00,4.00
BOULDER,BEST WESTERN PLUS BOULDER INN,BOULDER - BEST WESTERN PLUS BOULDER INN - ,FA0000594,4.00,240,42.27,3.67
BOULDER,BIG DADDY BAGELS,BOULDER - BIG DADDY BAGELS - ,FA0000233,4.30,184,31.67,3.00
BOULDER,BIRDCALL 29TH ST,BOULDER - BIRDCALL 29TH ST - ,FA0002645,4.40,74,51.53,5.67
BOULDER,BITTER BAR THE,BOULDER - BITTER BAR THE - ,FA0000335,4.50,422,18.33,1.50
BOULDER,BJS RESTAURANT,BOULDER - BJS RESTAURANT - ,FA0003769,4.10,920,20.00,1.50
BOULDER,BLACK CAT,BOULDER - BLACK CAT - ,FA0001251,4.70,308,66.88,4.00
BOULDER,BLACK PEPPER PHO,BOULDER - BLACK PEPPER PHO - ,FA0000590,4.20,385,76.81,6.20
BOULDER,BLACKBELLY MARKET,BOULDER - BLACKBELLY MARKET - ,FA0003606,4.60,1181,39.50,3.00
BOULDER,BLACKJACK PIZZA AND SALADS,BOULDER - BLACKJACK PIZZA AND SALADS - ,FA0000098,3.70,192,43.38,4.33
BOULDER,BLOFISH,BOULDER - BLOFISH - ,FA0001007,4.10,64,42.92,4.00
BOULDER,BLUFF STREET BAR AND BILLIARDS,BOULDER - BLUFF STREET BAR AND BILLIARDS - ,FA0003785,4.10,223,33.00,5.50
BOULDER,BOCO RESTAURANT THE,BOULDER - BOCO RESTAURANT THE - ,FA0000473,4.80,267,50.22,3.00
BOULDER,BOHEMIAN BIERGARTEN,BOULDER - BOHEMIAN BIERGARTEN - ,FA0001077,4.60,1613,123.65,6.50
BOULDER,BOSS LADY PIZZA,BOULDER - BOSS LADY PIZZA - ,FA0000941,4.40,475,32.35,3.50
BOULDER,BOULDER BOWLS (MOBILE),BOULDER - BOULDER BOWLS (MOBILE) - ,FA0003540,4.20,419,34.00,2.50
BOULDER,BOULDER BURGER,BOULDER - BOULDER BURGER - ,FA0000990,4.50,89,45.09,3.67
BOULDER,BOULDER COMMUNITY FOOTHILLS HOSPITAL,BOULDER - BOULDER COMMUNITY FOOTHILLS HOSPITAL - ,FA0001800,5.00,3,21.80,2.50
BOULDER,BOULDER CORK THE,BOULDER - BOULDER CORK THE - ,FA0000135,4.50,864,25.00,3.00
BOULDER,BOULDER DEPOT ROADHOUSE THE,BOULDER - BOULDER DEPOT ROADHOUSE THE - ,FA0004837,4.20,1184,90.11,6.25
BOULDER,BOULDER DUSHANBE TEA HOUSE,BOULDER - BOULDER DUSHANBE TEA HOUSE - ,FA0000200,4.60,2995,64.47,3.75
BOULDER,BOULDER FRESH GARDEN,BOULDER - BOULDER FRESH GARDEN - ,FA0004761,4.10,18,20.00,2.33
BOULDER,BOULDER INDOOR SOCCER,BOULDER - BOULDER INDOOR SOCCER - ,FA0004696,4.50,2,18.12,2.67
BOULDER,BOULDER MARRIOTT,BOULDER - BOULDER MARRIOTT - ,FA0000093,4.20,698,56.00,6.00
BOULDER,BOULDER PHO,BOULDER - BOULDER PHO - ,FA0001493,4.30,562,28.00,5.00
BOULDER,BOULDER SALAD,BOULDER - BOULDER SALAD - ,FA0003814,3.30,9,29.44,3.00
BOULDER,BOULDERS DINNER THEATRE,BOULDER - BOULDERS DINNER THEATRE - ,FA0000095,4.70,982,50.00,4.00
BOULDER,BPOE LODGE 566,BOULDER - BPOE LODGE 566 - ,FA0000127,4.00,48,10.25,2.00
BOULDER,BRAMBLE AND HARE,BOULDER - BRAMBLE AND HARE - ,FA0003737,4.60,332,58.00,2.50
BOULDER,BREADWORKS,BOULDER - BREADWORKS - ,FA0000257,3.80,125,40.04,3.67
BOULDER,BREWING MARKET,BOULDER - BREWING MARKET - ,FA0000258,4.60,85,30.00,3.50
BOULDER,BREWING MARKET,BOULDER - BREWING MARKET - ,FA0001327,4.20,295,43.57,3.50
BOULDER,BREWING MARKET,BOULDER - BREWING MARKET - ,FA0002481,4.20,207,38.89,3.50
BOULDER,BROOKLYN PIZZA,BOULDER - BROOKLYN PIZZA - ,FA0000656,4.30,317,55.04,7.67
BOULDER,BUDDHA CAFE,BOULDER - BUDDHA CAFE - ,FA0000493,4.20,427,65.07,6.50
BOULDER,BUFF RESTAURANT THE,BOULDER - BUFF RESTAURANT THE - ,FA0000067,4.60,2491,50.93,5.00
BOULDER,BURGER KING 414,BOULDER - BURGER KING 414 - ,FA0000109,3.00,612,29.17,2.00
BOULDER,BURGER KING 7062,BOULDER - BURGER KING 7062 - ,FA0000112,3.00,276,5.00,1.00
BOULDER,BUSABA,BOULDER - BUSABA - ,FA0000907,4.30,25,54.83,5.75
BOULDER,CAFE AION,BOULDER - CAFE AION - ,FA0001643,4.20,232,25.00,3.00
BOULDER,CAFE BLUE,BOULDER - CAFE BLUE - ,FA0001249,4.50,178,52.50,4.00
BOULDER,CAFE BOULDER,BOULDER - CAFE BOULDER - ,FA0003318,4.50,214,54.38,4.00
BOULDER,CAFE MEXICALI,BOULDER - CAFE MEXICALI - ,FA0003837,4.30,1039,45.14,3.50
BOULDER,CAFFE SOLE,BOULDER - CAFFE SOLE - ,FA0001284,4.30,416,90.29,6.67
BOULDER,CANYON CAFE,BOULDER - CANYON CAFE - ,FA0000150,4.60,15,18.33,1.50
BOULDER,CAPITAL ONE CAFE,BOULDER - CAPITAL ONE CAFE - ,FA0000133,4.00,71,33.20,2.50
BOULDER,CARELLIS OF BOULDER RISTORANTE ITAL,BOULDER - CARELLIS OF BOULDER RISTORANTE ITAL - ,FA0000152,4.40,820,43.36,3.67
BOULDER,CAVA,BOULDER - CAVA - ,FA0002745,4.40,146,56.92,6.50
BOULDER,CENTRO MEXICAN CUISINE,BOULDER - CENTRO MEXICAN CUISINE - ,FA0000181,4.10,1074,50.62,4.00
BOULDER,CENTURY THEATRE,BOULDER - CENTURY THEATRE - ,FA0002792,4.00,844,25.00,1.50
BOULDER,CHEZ THUY CUISINE,BOULDER - CHEZ THUY CUISINE - ,FA0000164,4.30,928,50.13,6.67
BOULDER,CHICKEN ON THE HILL,BOULDER - CHICKEN ON THE HILL - ,FA0002303,4.00,78,3.00,3.00
BOULDER,CHIMERA,BOULDER - CHIMERA - ,FA0001225,4.20,437,44.80,5.00
BOULDER,CHINA GOURMET - BOULDER,BOULDER - CHINA GOURMET - BOULDER - ,FA0000677,4.20,297,52.29,7.00
BOULDER,CHIPOTLE MEXICAN GRILL #894,BOULDER - CHIPOTLE MEXICAN GRILL #894 - ,FA0002668,3.90,686,27.60,2.50
BOULDER,CHOP 5 SALAD KTICHEN,BOULDER - CHOP 5 SALAD KTICHEN - ,FA0003002,4.40,61,27.00,2.00
BOULDER,CILANTRO,BOULDER - CILANTRO - ,FA0002488,4.60,243,76.08,8.67
BOULDER,COFFEE BAR MEDTRONIC BOULDER,BOULDER - COFFEE BAR MEDTRONIC BOULDER - ,FA0004663,4.00,46,4.00,1.00
BOULDER,COLD STONE CREAMERY,BOULDER - COLD STONE CREAMERY - ,FA0002857,4.30,82,8.00,2.00
BOULDER,COLORADO ATHLETIC CLUB,BOULDER - COLORADO ATHLETIC CLUB - ,FA0003521,2.70,143,31.12,2.67
BOULDER,COLORADO ATHLETIC CLUB AT FLATIRONS,BOULDER - COLORADO ATHLETIC CLUB AT FLATIRONS - ,FA0000295,3.40,70,17.00,2.00
BOULDER,COLORADO FRIED CHICKEN COMPANY (MOBILE),BOULDER - COLORADO FRIED CHICKEN COMPANY (MOBILE) - ,FA0005386,4.50,876,5.00,1.00
BOULDER,COMA MEXICAN GRILL,BOULDER - COMA MEXICAN GRILL - ,FA0005472,4.50,177,10.00,1.00
BOULDER,CORNER THE,BOULDER - CORNER THE - ,FA0000350,4.40,226,52.86,3.33
BOULDER,COSMOS PIZZA,BOULDER - COSMOS PIZZA - ,FA0000731,4.40,1032,13.62,2.50
BOULDER,COSMOS PIZZA,BOULDER - COSMOS PIZZA - ,FA0000959,4.50,315,31.25,2.50
BOULDER,COURTYARD BY MARRIOTT,BOULDER - COURTYARD BY MARRIOTT - ,FA0000304,4.30,503,23.29,2.50
BOULDER,COVE CAFE THE,BOULDER - COVE CAFE THE - ,FA0000969,4.10,336,35.50,3.00
BOULDER,CU ATHLETICS,BOULDER - CU ATHLETICS - ,FA0004792,4.70,7,22.44,4.00
BOULDER,CURED,BOULDER - CURED - ,FA0003583,4.60,118,52.78,2.50
BOULDER,CURRY N KEBOB,BOULDER - CURRY N KEBOB - ,FA0002651,4.40,1067,84.12,6.75
BOULDER,D P DOUGH,BOULDER - D P DOUGH - ,FA0001370,3.40,129,16.20,2.50
BOULDER,DA GABI CUCINA,BOULDER - DA GABI CUCINA - ,FA0000336,4.50,300,85.00,7.50
BOULDER,DAIKON,BOULDER - DAIKON - ,FA0003536,4.30,204,12.50,1.50
BOULDER,DAIRY CENTER FOR THE ARTS THE,BOULDER - DAIRY CENTER FOR THE ARTS THE - ,FA0002591,4.50,57,19.00,5.00
BOULDER,DAIRY QUEEN 12402,BOULDER - DAIRY QUEEN 12402 - ,FA0001308,4.20,189,18.29,2.00
BOULDER,DAIRY QUEEN 12406,BOULDER - DAIRY QUEEN 12406 - ,FA0000343,3.70,96,10.33,1.50
BOULDER,DARK HORSE,BOULDER - DARK HORSE - ,FA0000356,4.50,3018,28.33,2.00
BOULDER,DELI ZONE,BOULDER - DELI ZONE - ,FA0001355,4.00,93,82.78,5.80
BOULDER,DELI ZONE,BOULDER - DELI ZONE - ,FA0002162,4.10,174,38.31,4.00
BOULDER,DELI ZONE ON THE HILL,BOULDER - DELI ZONE ON THE HILL - ,FA0000831,4.50,56,42.50,2.50
BOULDER,DELI ZONE VALMONT,BOULDER - DELI ZONE VALMONT - ,FA0000360,4.50,281,27.33,4.50
BOULDER,DISH GOURMET,BOULDER - DISH GOURMET - ,FA0000018,4.70,150,65.00,3.00
BOULDER,DOTS DINER,BOULDER - DOTS DINER - ,FA0000332,4.40,463,30.00,3.00
BOULDER,DOUGS DINER,BOULDER - DOUGS DINER - ,FA0001663,4.60,574,58.12,5.67
BOULDER,DRY STORAGE,BOULDER - DRY STORAGE - ,FA0003243,4.50,89,54.64,4.67
BOULDER,DUNKIN DONUTS #856,BOULDER - DUNKIN DONUTS #856 - ,FA0000406,3.60,456,35.78,2.33
BOULDER,EDIBLE ARRANGEMENTS,BOULDER - EDIBLE ARRANGEMENTS - ,FA0001642,3.30,27,14.60,2.50
BOULDER,EFRAINS II,BOULDER - EFRAINS II - ,FA0000443,4.50,1310,68.82,4.25
BOULDER,EINSTEIN BROS BAGELS 3331,BOULDER - EINSTEIN BROS BAGELS 3331 - ,FA0001646,3.70,158,38.00,2.50
BOULDER,EMBASSY SUITES BOULDER,BOULDER - EMBASSY SUITES BOULDER - ,FA0005212,3.40,8,5.00,1.00
BOULDER,ETAIS AT CU,BOULDER - ETAIS AT CU - ,FA0003825,3.80,17,22.57,2.50
BOULDER,ETOWN HALL,BOULDER - ETOWN HALL - ,FA0003792,4.80,180,12.50,1.00
BOULDER,EUREST DINING SERVICE AT IBM CANTEE,BOULDER - EUREST DINING SERVICE AT IBM CANTEE - ,FA0000447,3.60,11,99.79,5.00
BOULDER,FALAFEL KING,BOULDER - FALAFEL KING - ,FA0000237,4.40,552,105.42,14.33
BOULDER,FIOR DI GELATO,BOULDER - FIOR DI GELATO - ,FA0002826,4.60,355,37.75,3.00
BOULDER,FIVE GUYS BOULDER,BOULDER - FIVE GUYS BOULDER - ,FA0002654,4.40,847,3.00,2.00
BOULDER,FIVE SPICE ASIAN CUSINE,BOULDER - FIVE SPICE ASIAN CUSINE - ,FA0002665,3.50,240,98.27,13.75
BOULDER,FLAGSTAFF HOUSE,BOULDER - FLAGSTAFF HOUSE - ,FA0000291,4.70,899,25.71,3.50
BOULDER,FLATIRON COFFEE,BOULDER - FLATIRON COFFEE - ,FA0000630,4.40,488,15.00,2.50
BOULDER,FLOWER CHILD,BOULDER - FLOWER CHILD - ,FA0000696,4.50,513,3.67,1.50
BOULDER,FLOWER PEPPER RESTAURANT,BOULDER - FLOWER PEPPER RESTAURANT - ,FA0000805,4.20,443,39.71,4.50
BOULDER,FOLSOM THAI,BOULDER - FOLSOM THAI - ,FA0003585,4.60,288,38.24,3.00
BOULDER,FOOLISH CRAIGS CAFE,BOULDER - FOOLISH CRAIGS CAFE - ,FA0001288,4.40,1217,64.00,6.50
BOULDER,FOOLISH CRAIGS CAFE,BOULDER - FOOLISH CRAIGS CAFE - ,FA0002939,4.40,1217,38.33,3.00
BOULDER,FOX THEATER,BOULDER - FOX THEATER - ,FA0001267,4.50,844,45.00,5.00
BOULDER,FRANKS CHOP HOUSE,BOULDER - FRANKS CHOP HOUSE - ,FA0000616,4.30,446,55.91,3.67
BOULDER,FRASCA FOOD AND WINE,BOULDER - FRASCA FOOD AND WINE - ,FA0000436,4.60,487,48.44,2.67
BOULDER,FRESH THYMES EATERY,BOULDER - FRESH THYMES EATERY - ,FA0002167,4.50,551,69.00,4.33
BOULDER,FRESH THYMES MARKETPLACE,BOULDER - FRESH THYMES MARKETPLACE - ,FA0005025,4.40,17,13.33,1.50
BOULDER,FUJI CAFE,BOULDER - FUJI CAFE - ,FA0000340,4.50,280,18.80,2.50
BOULDER,GABEE COFFEE,BOULDER - GABEE COFFEE - ,FA0001283,4.80,373,20.80,1.50
BOULDER,GAIA MASALA AND BURGER,BOULDER - GAIA MASALA AND BURGER - ,FA0000547,4.50,283,43.00,8.50
BOULDER,GEMINI,BOULDER - GEMINI - ,FA0000092,4.70,50,33.75,2.50
BOULDER,GLACIER HOMEMADE ICE CREAM,BOULDER - GLACIER HOMEMADE ICE CREAM - ,FA0000326,4.60,416,38.89,3.00
BOULDER,GOAT AT THE GARAGE THE,BOULDER - GOAT AT THE GARAGE THE - ,FA0003850,4.30,243,23.00,3.00
BOULDER,GOLD HILL GENERAL STORE AND PUB,BOULDER - GOLD HILL GENERAL STORE AND PUB - ,FA0000329,4.80,183,10.00,1.00
BOULDER,GOLD HILL INN,BOULDER - GOLD HILL INN - ,FA0000330,4.70,302,25.00,2.00
BOULDER,GOLDEN SUN,BOULDER - GOLDEN SUN - ,FA0001344,3.40,289,64.10,5.25
BOULDER,GONDOLIER,BOULDER - GONDOLIER - ,FA0002132,4.30,447,61.22,3.00
BOULDER,GOOD TIMES BURGERS AND FROZEN CUSTA,BOULDER - GOOD TIMES BURGERS AND FROZEN CUSTA - ,FA0000364,4.20,817,27.22,3.50
BOULDER,GOODY MONSTER,BOULDER - GOODY MONSTER - ,FA0003799,4.30,39,48.78,4.50
BOULDER,GREAT HARVEST BREAD COMPANY,BOULDER - GREAT HARVEST BREAD COMPANY - ,FA0000371,4.40,124,38.00,3.50
BOULDER,GREENBRIAR INN THE,BOULDER - GREENBRIAR INN THE - ,FA0000372,4.60,603,55.83,4.00
BOULDER,GROWING GARDENS,BOULDER - GROWING GARDENS - ,FA0005299,4.20,21,1.00,1.00
BOULDER,GUCKENHEIMER@ ALTITUDE CAFE,BOULDER - GUCKENHEIMER@ ALTITUDE CAFE - ,FA0005198,5.00,5,21.00,3.00
BOULDER,GURKHAS DUMPLING AND CURRY HOUSE,BOULDER - GURKHAS DUMPLING AND CURRY HOUSE - ,FA0003470,4.60,86,37.78,3.00
BOULDER,GURKHAS ON THE HILL,BOULDER - GURKHAS ON THE HILL - ,FA0000130,4.30,92,27.50,2.00
BOULDER,HALF FAST SUBS ON THE HILL,BOULDER - HALF FAST SUBS ON THE HILL - ,FA0000947,4.60,810,37.64,3.50
BOULDER,HAMPTON INN & SUITES,BOULDER - HAMPTON INN & SUITES - ,FA0004518,4.50,437,21.00,1.50
BOULDER,HAOWAY CHINESE CAFE,BOULDER - HAOWAY CHINESE CAFE - ,FA0000391,4.20,229,22.55,3.50
BOULDER,HAPA SUSHI AND SAKE,BOULDER - HAPA SUSHI AND SAKE - ,FA0000392,4.40,968,30.83,2.00
BOULDER,HIGHLAND CITY CLUB,BOULDER - HIGHLAND CITY CLUB - ,FA0005405,4.50,43,15.00,2.00
BOULDER,HISSHO SUSHI #312 (INSIDE SPROUTS),BOULDER - HISSHO SUSHI #312 (INSIDE SPROUTS) - ,FA0002863,4.40,454,15.00,1.00
BOULDER,HOLIDAY INN EXPRESS,BOULDER - HOLIDAY INN EXPRESS - ,FA0002526,4.30,384,31.67,3.00
BOULDER,HOLY CREPE (MOBILE),BOULDER - HOLY CREPE (MOBILE) - ,FA0005345,4.90,69,10.00,1.00
BOULDER,HOLY CREPE,BOULDER - HOLY CREPE - ,FA0000038,4.90,69,40.83,7.67
BOULDER,HOMEWOOD SUITES BOULDER,BOULDER - HOMEWOOD SUITES BOULDER - ,FA0000442,4.40,523,22.67,2.00
BOULDER,HYATT PLACE BOULDER,BOULDER - HYATT PLACE BOULDER - ,FA0004683,4.30,887,21.62,2.50
BOULDER,IHOP 1836,BOULDER - IHOP 1836 - ,FA0000033,3.70,1210,40.33,2.50
BOULDER,IL PASTAIO,BOULDER - IL PASTAIO - ,FA0000748,4.70,507,70.45,5.50
BOULDER,ILLEGAL PETES,BOULDER - ILLEGAL PETES - ,FA0000653,4.50,1335,22.83,2.00
BOULDER,ILLEGAL PETES,BOULDER - ILLEGAL PETES - ,FA0000882,4.40,515,39.00,6.00
BOULDER,INSOMNIA COOKIES,BOULDER - INSOMNIA COOKIES - ,FA0004989,4.20,157,20.00,3.00
BOULDER,IZOTE LATIN FOOD #3 (MOBILE),BOULDER - IZOTE LATIN FOOD #3 (MOBILE) - ,FA0005425,5.00,3,40.00,3.00
BOULDER,JAIPUR INDIAN RESTAURANT,BOULDER - JAIPUR INDIAN RESTAURANT - ,FA0002315,4.20,519,52.00,4.00
BOULDER,JAMBA JUICE,BOULDER - JAMBA JUICE - ,FA0000657,3.70,260,23.33,1.50
BOULDER,JAMBA JUICE @ UMC (CU),BOULDER - JAMBA JUICE @ UMC (CU) - ,FA0002718,4.20,5,26.86,2.33
BOULDER,JANUARY COFFEE,BOULDER - JANUARY COFFEE - ,FA0000661,5.00,26,17.00,1.50
BOULDER,JAPANGO,BOULDER - JAPANGO - ,FA0000659,4.40,979,29.00,2.50
BOULDER,JAX FISH HOUSE,BOULDER - JAX FISH HOUSE - ,FA0000666,4.60,644,42.50,2.50
BOULDER,JIMMY JOHNS #669,BOULDER - JIMMY JOHNS #669 - ,FA0001003,3.20,246,15.00,1.50
BOULDER,JIN CHAN ZHANG RESTAURANT,BOULDER - JIN CHAN ZHANG RESTAURANT - ,FA0002294,4.10,217,55.42,6.50
BOULDER,JUICE BEE THE,BOULDER - JUICE BEE THE - ,FA0004969,3.50,28,10.50,2.00
BOULDER,JUNGLE,BOULDER - JUNGLE - ,FA0003739,4.60,161,23.75,2.00
BOULDER,KALITA GRILL,BOULDER - KALITA GRILL - ,FA0002492,4.60,380,43.50,3.50
BOULDER,KATHMANDU RESTAURANT II,BOULDER - KATHMANDU RESTAURANT II - ,FA0000331,4.30,1008,48.00,5.20
BOULDER,KFC AND TACO BELL STORE 474,BOULDER - KFC AND TACO BELL STORE 474 - ,FA0000407,3.00,523,28.33,2.00
BOULDER,KHOW THAI CAFE,BOULDER - KHOW THAI CAFE - ,FA0001272,4.30,354,60.81,7.67
BOULDER,KIKKA AT  WHOLE FOODS MARKET,BOULDER - KIKKA AT  WHOLE FOODS MARKET - ,FA0002680,4.10,872,10.00,1.00
BOULDER,KILWINS BOULDER,BOULDER - KILWINS BOULDER - ,FA0004843,4.60,355,13.80,2.50
BOULDER,KIMS FOOD TO GO,BOULDER - KIMS FOOD TO GO - ,FA0004498,3.90,114,25.50,3.00
BOULDER,KITCHEN THE,BOULDER - KITCHEN THE - ,FA0001074,4.50,903,25.00,1.50
BOULDER,KOREA HOUSE,BOULDER - KOREA HOUSE - ,FA0000432,4.30,296,19.80,2.50
BOULDER,KTS BBQ,BOULDER - KTS BBQ - ,FA0000574,4.20,159,37.20,2.50
BOULDER,KTS BBQ,BOULDER - KTS BBQ - ,FA0001299,4.40,333,25.83,6.00
BOULDER,KU CHA TEA,BOULDER - KU CHA TEA - ,FA0005073,4.60,422,7.00,3.00
BOULDER,KUNG FU TEA,BOULDER - KUNG FU TEA - ,FA0000288,4.40,314,55.77,6.50
BOULDER,LA CHOZA #2,BOULDER - LA CHOZA #2 - ,FA0001306,4.30,557,31.13,2.00
BOULDER,LA CHOZA #3,BOULDER - LA CHOZA #3 - ,FA0003464,4.60,56,93.58,5.00
BOULDER,LA CHOZA (MOBILE),BOULDER - LA CHOZA (MOBILE) - ,FA0001550,4.30,557,81.42,6.50
BOULDER,LA FAMILIA (MOBILE),BOULDER - LA FAMILIA (MOBILE) - ,FA0004967,4.70,59,56.22,4.50
BOULDER,LA MARIPOSA MARGARITA HOUSE MEXICAN RESTAURANT,BOULDER - LA MARIPOSA MARGARITA HOUSE MEXICAN RESTAURANT - ,FA0001367,4.40,203,80.00,5.50
BOULDER,LA PUPUSA LOCA (MOBILE),BOULDER - LA PUPUSA LOCA (MOBILE) - ,FA0002979,3.70,68,20.00,2.50
BOULDER,LAUGHING GOAT COFFEE HOUSE,BOULDER - LAUGHING GOAT COFFEE HOUSE - ,FA0001005,4.60,1231,52.69,3.25
BOULDER,LAUGHING GOAT NORLIN,BOULDER - LAUGHING GOAT NORLIN - ,FA0003255,4.30,154,36.50,2.50
BOULDER,LAWLESS CRAIGS,BOULDER - LAWLESS CRAIGS - ,FA0002675,4.40,1217,34.17,3.00
BOULDER,LE FRENCH CAFE,BOULDER - LE FRENCH CAFE - ,FA0004521,4.70,367,33.64,2.00
BOULDER,LE FRIGO,BOULDER - LE FRIGO - ,FA0005021,4.90,164,17.00,3.00
BOULDER,LE PEEP,BOULDER - LE PEEP - ,FA0000484,4.40,551,51.75,7.00
BOULDER,LEAF VEGETARIAN RESTAURANT,BOULDER - LEAF VEGETARIAN RESTAURANT - ,FA0002144,4.60,834,70.94,6.50
BOULDER,LEVY BOULDER PIZZA CO (MOBILE),BOULDER - LEVY BOULDER PIZZA CO (MOBILE) - ,FA0002027,4.50,1160,25.83,2.00
BOULDER,LEVY FOLSOM FIELD HOT PREP KITCHEN 6TH FLOOR (CU),BOULDER - LEVY FOLSOM FIELD HOT PREP KITCHEN 6TH FLOOR (CU) - ,FA0002021,4.60,1321,20.00,2.00
BOULDER,LEVY IPF 1 (MOBILE),BOULDER - LEVY IPF 1 (MOBILE) - ,FA0004983,3.80,5,15.00,1.00
BOULDER,LEVY MOTIONS (MOBILE),BOULDER - LEVY MOTIONS (MOBILE) - ,FA0002210,3.80,5,36.25,2.33
BOULDER,LINDSAYS BOULDER DELI AT HAAGEN DAZ,BOULDER - LINDSAYS BOULDER DELI AT HAAGEN DAZ - ,FA0000387,4.30,504,32.65,3.67
BOULDER,LITTLE TIBET RESTAURANT,BOULDER - LITTLE TIBET RESTAURANT - ,FA0000592,4.70,269,38.85,3.33
BOULDER,LOGANS ESPRESSO CAFE,BOULDER - LOGANS ESPRESSO CAFE - ,FA0001554,4.70,91,10.00,1.00
BOULDER,LOLLICUP BOULDER,BOULDER - LOLLICUP BOULDER - ,FA0002419,4.20,178,50.25,4.00
BOULDER,LONCHERA LOS PAISAS (MOBILE),BOULDER - LONCHERA LOS PAISAS (MOBILE) - ,FA0004853,4.50,315,61.83,9.00
BOULDER,LOS DOS BROS #1 (MOBILE),BOULDER - LOS DOS BROS #1 (MOBILE) - ,FA0004841,4.60,215,18.00,2.50
BOULDER,LUCILES CREOLE CAFE,BOULDER - LUCILES CREOLE CAFE - ,FA0000476,4.60,1392,27.86,2.00
BOULDER,LUCKYS CAFE,BOULDER - LUCKYS CAFE - ,FA0000724,4.30,277,21.67,1.50
BOULDER,LUCKYS MARKET BAKEHOUSE,BOULDER - LUCKYS MARKET BAKEHOUSE - ,FA0003801,4.60,328,16.43,2.00
BOULDER,MAD GREENS,BOULDER - MAD GREENS - ,FA0002658,4.50,214,33.57,2.50
BOULDER,MATEO,BOULDER - MATEO - ,FA0001004,4.30,363,92.37,6.33
BOULDER,MAY WAH RESTAURANT,BOULDER - MAY WAH RESTAURANT - ,FA0000587,4.40,346,39.16,5.33
BOULDER,MCDEVITT TACO SUPPLY (MOBILE),BOULDER - MCDEVITT TACO SUPPLY (MOBILE) - ,FA0005256,4.60,402,10.00,2.00
BOULDER,MCDEVITT TACO SUPPLY,BOULDER - MCDEVITT TACO SUPPLY - ,FA0005182,4.60,402,22.50,2.00
BOULDER,MCDONALDS 0109,BOULDER - MCDONALDS 0109 - ,FA0000642,3.50,1088,24.00,2.50
BOULDER,META BURGER,BOULDER - META BURGER - ,FA0003471,4.90,55,20.00,1.50
BOULDER,MODMARKET,BOULDER - MODMARKET - ,FA0003267,4.10,534,16.00,2.00
BOULDER,MOES BROADWAY BAGEL,BOULDER - MOES BROADWAY BAGEL - ,FA0000061,4.40,387,23.33,2.50
BOULDER,MOES BROADWAY BAGEL,BOULDER - MOES BROADWAY BAGEL - ,FA0000544,4.30,298,31.43,2.33
BOULDER,MOES BROADWAY BAGEL,BOULDER - MOES BROADWAY BAGEL - ,FA0000545,4.30,452,20.62,2.50
BOULDER,MOES BROADWAY BAGEL,BOULDER - MOES BROADWAY BAGEL - ,FA0001330,4.40,663,26.00,2.50
BOULDER,MOES ORIGINAL BBQ,BOULDER - MOES ORIGINAL BBQ - ,FA0003050,4.10,410,42.33,4.00
BOULDER,MOJO TAQUERIA,BOULDER - MOJO TAQUERIA - ,FA0000467,4.50,164,37.78,3.00
BOULDER,MOTHERLODE CAFE,BOULDER - MOTHERLODE CAFE - ,FA0004964,4.10,336,73.00,8.00
BOULDER,MOTOMAKI,BOULDER - MOTOMAKI - ,FA0003621,4.30,659,20.17,2.00
BOULDER,MOUNTAIN SUN PUB & BREWERY,BOULDER - MOUNTAIN SUN PUB & BREWERY - ,FA0000556,4.60,2057,35.00,2.50
BOULDER,MT EVEREST CUISINE,BOULDER - MT EVEREST CUISINE - ,FA0000015,4.70,232,43.43,4.67
BOULDER,MURPHYS SOUTH,BOULDER - MURPHYS SOUTH - ,FA0002815,4.30,361,89.29,5.25
BOULDER,MUSTARDS LAST STAND,BOULDER - MUSTARDS LAST STAND - ,FA0000558,4.40,801,10.00,1.00
BOULDER,MY NEIGHBOR FELIX,BOULDER - MY NEIGHBOR FELIX - ,FA0004858,4.40,667,66.50,3.33
BOULDER,MY RAMEN & IZAKAYA,BOULDER - MY RAMEN & IZAKAYA - ,FA0002677,4.30,464,27.78,4.50
BOULDER,NAKED LUNCH,BOULDER - NAKED LUNCH - ,FA0004661,4.50,202,25.00,2.33
BOULDER,NAROPA CAFE/COMMUNITY TABLE KITCHEN,BOULDER - NAROPA CAFE/COMMUNITY TABLE KITCHEN - ,FA0004625,4.90,22,38.13,5.50
BOULDER,NATIVE FOODS CAFE,BOULDER - NATIVE FOODS CAFE - ,FA0002657,4.40,679,28.57,2.00
BOULDER,NCAR,BOULDER - NCAR - ,FA0000968,4.20,10,52.78,2.50
BOULDER,ND STREETBAR,BOULDER - ND STREETBAR - ,FA0002562,4.40,909,15.80,1.50
BOULDER,NEPAL CUISINE,BOULDER - NEPAL CUISINE - ,FA0000759,4.60,283,16.67,1.50
BOULDER,NICK N WILLYS PIZZA,BOULDER - NICK N WILLYS PIZZA - ,FA0000572,4.30,169,39.57,3.50
BOULDER,NITRO CLUB,BOULDER - NITRO CLUB - ,FA0001373,3.00,84,21.00,2.50
BOULDER,NO QUE NO (MOBILE),BOULDER - NO QUE NO (MOBILE) - ,FA0005422,5.00,5,80.00,7.00
BOULDER,NOODLES AND COMPANY #102,BOULDER - NOODLES AND COMPANY #102 - ,FA0000579,3.70,175,10.33,1.50
BOULDER,NOODLES AND COMPANY #146,BOULDER - NOODLES AND COMPANY #146 - ,FA0003307,3.50,263,12.75,2.00
BOULDER,NOODLES AND COMPANY #150,BOULDER - NOODLES AND COMPANY #150 - ,FA0003466,3.60,223,3.00,1.00
BOULDER,NOPALITOS,BOULDER - NOPALITOS - ,FA0002186,4.80,326,47.31,3.60
BOULDER,OAK AT FOURTEENTH,BOULDER - OAK AT FOURTEENTH - ,FA0001242,4.60,678,61.69,3.67
BOULDER,OREGANOS PIZZA BISTRO,BOULDER - OREGANOS PIZZA BISTRO - ,FA0001623,4.50,237,45.20,5.00
BOULDER,ORGANIC SANDWICH COMPANY,BOULDER - ORGANIC SANDWICH COMPANY - ,FA0004668,4.30,252,45.70,3.33
BOULDER,OSAKAS RESTAURANT,BOULDER - OSAKAS RESTAURANT - ,FA0005384,4.80,464,55.00,4.00
BOULDER,OUTBACK SALOON THE,BOULDER - OUTBACK SALOON THE - ,FA0000603,4.10,411,70.31,4.00
BOULDER,OZO COFFEE CAFE,BOULDER - OZO COFFEE CAFE - ,FA0004511,4.70,181,23.33,3.00
BOULDER,OZO COFFEE COMPANY,BOULDER - OZO COFFEE COMPANY - ,FA0000996,4.60,615,26.00,2.00
BOULDER,OZO COFFEE COMPANY,BOULDER - OZO COFFEE COMPANY - ,FA0003485,4.60,781,25.81,3.20
BOULDER,OZO EAST PEARL,BOULDER - OZO EAST PEARL - ,FA0002441,4.60,98,48.32,6.33
BOULDER,PANDA EXPRESS #2313 (CU),BOULDER - PANDA EXPRESS #2313 (CU) - ,FA0001595,3.40,35,15.00,1.00
BOULDER,PANERA BREAD #2439,BOULDER - PANERA BREAD #2439 - ,FA0002653,3.90,525,2.00,1.00
BOULDER,PAPA MURPHYS PIZZA,BOULDER - PAPA MURPHYS PIZZA - ,FA0002497,4.00,83,4.75,1.50
BOULDER,PARKWAY RESTAURANT,BOULDER - PARKWAY RESTAURANT - ,FA0000624,4.70,1101,90.50,5.00
BOULDER,PASSPORT FOOD TRUCK,BOULDER - PASSPORT FOOD TRUCK - ,FA0005127,4.90,63,20.00,1.00
BOULDER,PASTA JAYS,BOULDER - PASTA JAYS - ,FA0000628,4.20,1453,45.57,3.50
BOULDER,PEARL ST GRILL 1  (MOBILE),BOULDER - PEARL ST GRILL 1  (MOBILE) - ,FA0001776,4.30,541,75.00,12.00
BOULDER,PEARL STREET GRILL (COMMISSARY),BOULDER - PEARL STREET GRILL (COMMISSARY) - ,FA0004995,4.30,8,24.00,6.00
BOULDER,PEKOE SIP TEA HOUSE 4 @ ATLAS BLDG,BOULDER - PEKOE SIP TEA HOUSE 4 @ ATLAS BLDG - ,FA0002629,4.30,67,62.27,3.67
BOULDER,PHO KITCHEN BAR & GRILL,BOULDER - PHO KITCHEN BAR & GRILL - ,FA0003878,4.00,240,25.60,2.50
BOULDER,PICAS MEXICAN TAQUERIA BOULDER,BOULDER - PICAS MEXICAN TAQUERIA BOULDER - ,FA0000783,4.40,798,31.43,2.00
BOULDER,PIZZA 314,BOULDER - PIZZA 314 - ,FA0002145,4.70,79,38.09,5.00
BOULDER,PIZZA COLORE,BOULDER - PIZZA COLORE - ,FA0000714,4.50,554,30.00,3.00
BOULDER,PIZZA GARAGE THE,BOULDER - PIZZA GARAGE THE - ,FA0004787,4.50,786,26.67,3.50
BOULDER,PIZZERIA BASTA,BOULDER - PIZZERIA BASTA - ,FA0003317,4.50,317,12.00,2.00
BOULDER,PIZZERIA LOCALE,BOULDER - PIZZERIA LOCALE - ,FA0003487,4.50,1160,25.83,2.00
BOULDER,PMR CAFE THE,BOULDER - PMR CAFE THE - ,FA0002856,4.10,336,18.67,2.50
BOULDER,POINT CAFE THE,BOULDER - POINT CAFE THE - ,FA0001290,4.60,117,56.21,3.67
BOULDER,POST BREWING COMPANY,BOULDER - POST BREWING COMPANY - ,FA0000697,4.40,352,49.09,4.00
BOULDER,POTBELLY SANDWICH SHOP,BOULDER - POTBELLY SANDWICH SHOP - ,FA0004884,4.00,164,16.67,1.50
BOULDER,PRESS PLAY,BOULDER - PRESS PLAY - ,FA0000751,4.20,676,17.67,2.00
BOULDER,PROTOS PIZZA,BOULDER - PROTOS PIZZA - ,FA0002301,4.40,370,62.50,3.33
BOULDER,PROTOS PIZZA,BOULDER - PROTOS PIZZA - ,FA0005022,4.50,273,6.00,4.00
BOULDER,QDOBA MEXICAN GRILL #2030,BOULDER - QDOBA MEXICAN GRILL #2030 - ,FA0000679,4.00,574,21.12,2.00
BOULDER,R GALLERY,BOULDER - R GALLERY - ,FA0003637,4.70,26,10.00,1.00
BOULDER,RAGLIN MARKET,BOULDER - RAGLIN MARKET - ,FA0005381,4.30,113,25.00,5.00
BOULDER,RAKKAN RAMEN,BOULDER - RAKKAN RAMEN - ,FA0004784,4.50,76,20.20,3.33
BOULDER,RALLY SPORT HEALTH AND FITNESS,BOULDER - RALLY SPORT HEALTH AND FITNESS - ,FA0000688,4.30,76,20.00,1.50
BOULDER,RAPHA RACING,BOULDER - RAPHA RACING - ,FA0005084,4.60,65,25.33,3.00
BOULDER,RATS WOODSHACK (MOBILE),BOULDER - RATS WOODSHACK (MOBILE) - ,FA0004834,4.60,2226,60.00,2.50
BOULDER,RAYBACK COLLECTIVE,BOULDER - RAYBACK COLLECTIVE - ,FA0004954,4.60,2226,3.50,2.00
BOULDER,RED ROCK COFFEE HOUSE,BOULDER - RED ROCK COFFEE HOUSE - ,FA0003314,4.30,268,30.00,2.00
BOULDER,RINCON ARGENTINO,BOULDER - RINCON ARGENTINO - ,FA0000451,4.80,1766,22.50,1.50
BOULDER,RINCON DEL SOL,BOULDER - RINCON DEL SOL - ,FA0000943,4.20,667,94.00,8.50
BOULDER,RIO GRANDE MEXICAN RESTAURANT,BOULDER - RIO GRANDE MEXICAN RESTAURANT - ,FA0000720,4.20,1702,44.50,4.67
BOULDER,RIPPLE PURE FROZEN YOGURT,BOULDER - RIPPLE PURE FROZEN YOGURT - ,FA0003473,4.50,238,25.62,2.00
BOULDER,RIVER AND WOODS,BOULDER - RIVER AND WOODS - ,FA0000418,4.50,974,62.00,4.00
BOULDER,RIVERSIDE,BOULDER - RIVERSIDE - ,FA0004507,4.60,126,70.07,5.00
BOULDER,ROCKY MOUNTAIN CHOCOLATE FACTORY,BOULDER - ROCKY MOUNTAIN CHOCOLATE FACTORY - ,FA0000728,4.40,124,16.50,2.00
BOULDER,ROSETTA HALL STALL 10 BAR,BOULDER - ROSETTA HALL STALL 10 BAR - ,FA0001243,4.50,488,30.73,5.50
BOULDER,RUSH,BOULDER - RUSH - ,FA0002311,4.50,138,28.33,3.00
BOULDER,RUSTY MELON THE,BOULDER - RUSTY MELON THE - ,FA0000848,4.70,93,48.33,4.50
BOULDER,RUTHIES,BOULDER - RUTHIES - ,FA0000801,4.70,89,36.50,4.00
BOULDER,SALT,BOULDER - SALT - ,FA0000961,4.20,894,56.79,4.67
BOULDER,SAND WEDGE CAFE & BAR,BOULDER - SAND WEDGE CAFE & BAR - ,FA0000474,4.70,1101,34.41,4.00
BOULDER,SANTO,BOULDER - SANTO - ,FA0000582,4.60,573,56.32,5.33
BOULDER,SAVORY SPICE SHOP,BOULDER - SAVORY SPICE SHOP - ,FA0002925,4.80,77,21.00,2.50
BOULDER,SCRATCH KITCHENS,BOULDER - SCRATCH KITCHENS - ,FA0001204,3.90,117,39.46,4.33
BOULDER,SCROOGE MAKI,BOULDER - SCROOGE MAKI - ,FA0000782,4.30,183,47.69,5.33
BOULDER,SCROOGE MAKI 1 (MOBILE),BOULDER - SCROOGE MAKI 1 (MOBILE) - ,FA0005391,4.30,183,15.00,2.00
BOULDER,SEEDS LIBRARY CAFE,BOULDER - SEEDS LIBRARY CAFE - ,FA0004706,4.60,211,17.86,3.50
BOULDER,SEVENTEEN THIRTY-NINE,BOULDER - SEVENTEEN THIRTY-NINE - ,FA0000247,4.50,21,39.36,4.50
BOULDER,SFORNO TRATTORIA,BOULDER - SFORNO TRATTORIA - ,FA0000139,4.10,456,14.40,7.50
BOULDER,SHERPAS,BOULDER - SHERPAS - ,FA0001614,4.50,876,12.40,2.50
BOULDER,SINK THE,BOULDER - SINK THE - ,FA0001084,4.50,2034,95.26,4.75
BOULDER,SKA STREET BREWSTILLERY,BOULDER - SKA STREET BREWSTILLERY - ,FA0000421,4.40,158,65.83,4.00
BOULDER,SMASHBURGER @ CROSS ROADS MALL,BOULDER - SMASHBURGER @ CROSS ROADS MALL - ,FA0003337,3.70,436,20.00,2.00
BOULDER,SNARF BURGER,BOULDER - SNARF BURGER - ,FA0000339,4.50,1071,34.25,2.67
BOULDER,SNARFS,BOULDER - SNARFS - ,FA0000351,4.00,304,25.57,2.33
BOULDER,SNARFS,BOULDER - SNARFS - ,FA0000966,4.30,768,17.33,2.00
BOULDER,SNARFS PEARL,BOULDER - SNARFS PEARL - ,FA0001624,4.30,628,40.22,2.50
BOULDER,SNARFS SANDWICHES,BOULDER - SNARFS SANDWICHES - ,FA0003522,4.40,346,22.50,2.00
BOULDER,SNOOZE,BOULDER - SNOOZE - ,FA0003604,4.60,1885,26.00,1.50
BOULDER,SPANISH,BOULDER - SPANISH - ,FA0003499,4.60,256,52.69,4.33
BOULDER,SPOTTED JAMES THE,BOULDER - SPOTTED JAMES THE - ,FA0001072,2.70,10,37.00,2.50
BOULDER,SPRUCE CAFE,BOULDER - SPRUCE CAFE - ,FA0005030,4.30,90,21.00,6.00
BOULDER,SPRUCE CONFECTIONS,BOULDER - SPRUCE CONFECTIONS - ,FA0000897,4.50,161,32.00,2.50
BOULDER,SPRUCE CONFECTIONS,BOULDER - SPRUCE CONFECTIONS - ,FA0002297,4.50,188,41.00,3.00
BOULDER,SPRUCE FARM,BOULDER - SPRUCE FARM - ,FA0000678,4.20,351,47.50,2.67
BOULDER,ST JULIEN HOTEL AND SPA,BOULDER - ST JULIEN HOTEL AND SPA - ,FA0002339,4.30,352,83.33,6.33
BOULDER,STARBUCKS 21402,BOULDER - STARBUCKS 21402 - ,FA0003742,4.20,197,11.00,2.00
BOULDER,STARBUCKS COFFEE 10857,BOULDER - STARBUCKS COFFEE 10857 - ,FA0000629,4.10,302,5.00,1.00
BOULDER,STARBUCKS COFFEE 246,BOULDER - STARBUCKS COFFEE 246 - ,FA0001055,3.70,38,7.50,1.00
BOULDER,STEAKHOUSE 316,BOULDER - STEAKHOUSE 316 - ,FA0000225,4.60,206,23.33,3.00
BOULDER,SUBWAY #17932 @ UMC  (CU),BOULDER - SUBWAY #17932 @ UMC  (CU) - ,FA0000808,3.40,27,11.00,2.33
BOULDER,SUBWAY #34537,BOULDER - SUBWAY #34537 - ,FA0000240,3.70,91,20.91,3.00
BOULDER,SUBWAY #6752,BOULDER - SUBWAY #6752 - ,FA0001168,3.90,61,16.00,2.00
BOULDER,SUBWAY,BOULDER - SUBWAY - ,FA0001169,3.80,155,39.27,5.00
BOULDER,SUBWAY 11652,BOULDER - SUBWAY 11652 - ,FA0000803,3.70,152,22.50,2.67
BOULDER,SUNDOWN SALOON,BOULDER - SUNDOWN SALOON - ,FA0000923,4.10,323,18.33,1.50
BOULDER,SUR LA TABLE,BOULDER - SUR LA TABLE - ,FA0003584,3.70,41,5.00,1.00
BOULDER,SUSHI HANA,BOULDER - SUSHI HANA - ,FA0000416,3.40,87,74.74,6.50
BOULDER,SUSHI ZANMAI,BOULDER - SUSHI ZANMAI - ,FA0000830,4.50,821,13.00,1.50
BOULDER,SWEET COW,BOULDER - SWEET COW - ,FA0004519,4.70,718,20.33,1.50
BOULDER,SWEET COW,BOULDER - SWEET COW - ,FA0004735,4.80,402,37.75,2.00
BOULDER,TACO BELL #33852,BOULDER - TACO BELL #33852 - ,FA0000847,3.00,523,7.50,1.00
BOULDER,TACO BELL #33866,BOULDER - TACO BELL #33866 - ,FA0000840,2.90,618,13.33,1.00
BOULDER,TACO BOULDER,BOULDER - TACO BOULDER - ,FA0000611,4.50,1401,141.90,9.67
BOULDER,TACO JUNKY,BOULDER - TACO JUNKY - ,FA0000536,3.80,153,38.00,4.00
BOULDER,TADKA INDIAN CUISINE,BOULDER - TADKA INDIAN CUISINE - ,FA0000754,4.70,588,61.45,3.67
BOULDER,TAJ RESTAURANT,BOULDER - TAJ RESTAURANT - ,FA0000887,4.40,611,44.00,3.33
BOULDER,TANDOORI GRILL,BOULDER - TANDOORI GRILL - ,FA0000838,4.50,414,21.00,2.50
BOULDER,TANGERINE,BOULDER - TANGERINE - ,FA0003535,4.30,578,39.13,3.67
BOULDER,TARGET STORE 64,BOULDER - TARGET STORE 64 - ,FA0000851,3.90,863,21.67,2.00
BOULDER,TASUKI,BOULDER - TASUKI - ,FA0001060,4.60,288,56.95,9.50
BOULDER,THAI AVENUE,BOULDER - THAI AVENUE - ,FA0000898,4.30,113,55.00,4.33
BOULDER,THRIVE,BOULDER - THRIVE - ,FA0000347,4.70,471,19.72,4.50
BOULDER,TIBET KITCHEN,BOULDER - TIBET KITCHEN - ,FA0002178,4.50,566,51.00,4.25
BOULDER,TIERRA Y FUEGO TAQUERIA,BOULDER - TIERRA Y FUEGO TAQUERIA - ,FA0002416,4.60,263,44.21,4.67
BOULDER,TIFFIN WALLAH,BOULDER - TIFFIN WALLAH - ,FA0003565,4.10,495,75.87,7.50
BOULDER,TIP TOP SAVORY PIES,BOULDER - TIP TOP SAVORY PIES - ,FA0000667,4.60,68,50.00,5.33
BOULDER,TODS ESPRESSO CAFE,BOULDER - TODS ESPRESSO CAFE - ,FA0003472,4.30,170,17.50,1.50
BOULDER,TONIC ALCHEMY LOUNGE,BOULDER - TONIC ALCHEMY LOUNGE - ,FA0000962,4.60,159,5.00,1.00
BOULDER,TRIDENT CAFE,BOULDER - TRIDENT CAFE - ,FA0001076,4.70,893,20.21,4.67
BOULDER,TSING TAO,BOULDER - TSING TAO - ,FA0001086,4.10,335,46.43,4.67
BOULDER,TUNE UP AT FULL CYCLE,BOULDER - TUNE UP AT FULL CYCLE - ,FA0001017,4.70,37,10.67,1.50
BOULDER,TWISTED PINE BREWING COMPANY,BOULDER - TWISTED PINE BREWING COMPANY - ,FA0001237,4.50,523,34.50,3.33
BOULDER,TWO HANDS MOBILE KITCHEN,BOULDER - TWO HANDS MOBILE KITCHEN - ,FA0003857,3.80,302,52.80,4.00
BOULDER,UCAR,BOULDER - UCAR - ,FA0001260,5.00,2,50.00,3.00
BOULDER,UCAR,BOULDER - UCAR - ,FA0001270,4.60,179,24.00,3.00
BOULDER,UNDER THE SUN EATERY & TAPHOUSE,BOULDER - UNDER THE SUN EATERY & TAPHOUSE - ,FA0000017,4.30,109,25.00,2.00
BOULDER,VERDE,BOULDER - VERDE - ,FA0001191,4.40,643,95.03,7.25
BOULDER,VICS AGAIN,BOULDER - VICS AGAIN - ,FA0000973,3.80,111,21.67,3.33
BOULDER,VILLAGE COFFEE SHOP,BOULDER - VILLAGE COFFEE SHOP - ,FA0001014,4.70,1147,26.54,4.33
BOULDER,VINA PHO AND GRILL,BOULDER - VINA PHO AND GRILL - ,FA0000790,4.20,419,47.09,3.67
BOULDER,VITALITY BOWLS,BOULDER - VITALITY BOWLS - ,FA0001195,4.20,89,28.75,2.00
BOULDER,WAFFLE LAB THE,BOULDER - WAFFLE LAB THE - ,FA0003562,4.00,30,22.62,4.00
BOULDER,WAHOOS FISH TACO,BOULDER - WAHOOS FISH TACO - ,FA0001036,4.40,445,40.91,2.67
BOULDER,WAPOS,BOULDER - WAPOS - ,FA0000886,4.40,509,62.08,3.50
BOULDER,WENDYS 11318,BOULDER - WENDYS 11318 - ,FA0000031,3.70,622,8.33,1.00
BOULDER,WENDYS 4787,BOULDER - WENDYS 4787 - ,FA0001198,3.80,586,34.14,2.33
BOULDER,WEST END TAVERN,BOULDER - WEST END TAVERN - ,FA0001200,4.40,1471,69.06,3.00
BOULDER,WHEEL & WHISK THE (MOBILE),BOULDER - WHEEL & WHISK THE (MOBILE) - ,FA0003891,3.80,302,37.00,2.50
BOULDER,WHOLE SOL BLEND BAR,BOULDER - WHOLE SOL BLEND BAR - ,FA0005449,4.10,242,30.00,4.00
BOULDER,WOK TO FLATIRONS DELI,BOULDER - WOK TO FLATIRONS DELI - ,FA0000337,4.00,98,50.00,3.00
BOULDER,WONDER PRESS,BOULDER - WONDER PRESS - ,FA0003599,4.40,279,6.50,1.00
BOULDER,WONDER PRESS COMMISSARY,BOULDER - WONDER PRESS COMMISSARY - ,FA0005012,4.40,279,25.00,5.00
BOULDER,WOOD GRAIN BAGELS,BOULDER - WOOD GRAIN BAGELS - ,FA0003541,4.20,369,55.22,5.75
BOULDER,YELLOW DELI THE,BOULDER - YELLOW DELI THE - ,FA0002631,4.50,550,15.00,1.50
BOULDER,YELLOWBELLY,BOULDER - YELLOWBELLY - ,FA0003529,4.10,275,38.67,4.00
BOULDER,YOU AND MEE NOODLE HOUSE,BOULDER - YOU AND MEE NOODLE HOUSE - ,FA0000157,4.10,169,39.75,4.00
BOULDER,YURIHANA,BOULDER - YURIHANA - ,FA0000773,3.90,233,97.00,8.67
BOULDER,ZEAL CART (MOBILE),BOULDER - ZEAL CART (MOBILE) - ,FA0003851,4.20,419,26.70,2.33
BOULDER,ZODIAC SUBS,BOULDER - ZODIAC SUBS - ,FA0002882,4.70,93,31.00,4.00
BOULDER,ZOE MA MA,BOULDER - ZOE MA MA - ,FA0002874,4.20,834,37.21,4.00
ERIE,AFC SUSHI (INSIDE SAFEWAY #1667),ERIE - AFC SUSHI (INSIDE SAFEWAY #1667) - ,FA0004750,5.00,1,27.00,4.00
ERIE,DAIRY QUEEN,ERIE - DAIRY QUEEN - ,FA0001234,4.20,101,7.33,1.00
ERIE,PAPA MURPHYS PIZZA,ERIE - PAPA MURPHYS PIZZA - ,FA0001220,4.20,74,37.22,3.00
ERIE,STARBUCKS COFFEE 13426,ERIE - STARBUCKS COFFEE 13426 - ,FA0002719,4.10,189,1.00,1.00
ERIE,SUBWAY ERIE,ERIE - SUBWAY ERIE - ,FA0001167,4.10,67,25.10,2.50
ERIE,TACOS EL REY #2,ERIE - TACOS EL REY #2 - ,FA0002873,4.50,186,22.75,3.00
GOLDEN,LAST STAND TAVERN,GOLDEN - LAST STAND TAVERN - ,FA0001291,4.30,352,30.00,2.00
GOLDEN,WONDERVU CAFE,GOLDEN - WONDERVU CAFE - ,FA0001286,4.10,480,67.00,5.00
LAFAYETTE,95A BISTRO & SUSHI,LAFAYETTE - 95A BISTRO & SUSHI - ,FA0001403,4.50,655,54.09,5.50
LAFAYETTE,ACREAGE STEM CIDER,LAFAYETTE - ACREAGE STEM CIDER - ,FA0005226,4.40,1576,5.00,2.00
LAFAYETTE,ARBYS #5009032,LAFAYETTE - ARBYS #5009032 - ,FA0005010,3.90,535,18.33,1.50
LAFAYETTE,AYA YAY TACOS,LAFAYETTE - AYA YAY TACOS - ,FA0004635,4.70,1066,27.00,3.67
LAFAYETTE,BASIL BOWL,LAFAYETTE - BASIL BOWL - ,FA0002867,4.70,62,11.00,2.00
LAFAYETTE,BEST PHO,LAFAYETTE - BEST PHO - ,FA0002385,4.30,55,13.64,2.00
LAFAYETTE,BIG DADDY BAGELS,LAFAYETTE - BIG DADDY BAGELS - ,FA0001380,4.40,307,28.56,4.50
LAFAYETTE,BIG DADDYS PIZZA,LAFAYETTE - BIG DADDYS PIZZA - ,FA0002670,4.00,38,15.33,2.50
LAFAYETTE,BREW,LAFAYETTE - BREW - ,FA0005440,4.80,486,25.00,1.00
LAFAYETTE,BREWING MARKET,LAFAYETTE - BREWING MARKET - ,FA0000064,4.20,295,25.73,3.50
LAFAYETTE,CANNON MINE COFFEE,LAFAYETTE - CANNON MINE COFFEE - ,FA0000147,4.50,379,20.76,4.25
LAFAYETTE,CASIAN SEAFOOD,LAFAYETTE - CASIAN SEAFOOD - ,FA0000834,4.50,121,52.70,5.00
LAFAYETTE,CHILIS GRILL AND BAR,LAFAYETTE - CHILIS GRILL AND BAR - ,FA0002612,3.90,957,5.00,1.00
LAFAYETTE,CHIPOTLE MEXICAN GRILL #2355,LAFAYETTE - CHIPOTLE MEXICAN GRILL #2355 - ,FA0004659,3.80,692,10.00,1.00
LAFAYETTE,CHOCOLATERIE STAM,LAFAYETTE - CHOCOLATERIE STAM - ,FA0005101,4.90,317,10.00,1.00
LAFAYETTE,COLORADO WOK,LAFAYETTE - COLORADO WOK - ,FA0002434,3.90,408,39.64,3.67
LAFAYETTE,COMMUNITY,LAFAYETTE - COMMUNITY - ,FA0005003,4.60,929,49.08,4.33
LAFAYETTE,COSMOS PIZZA,LAFAYETTE - COSMOS PIZZA - ,FA0004936,4.40,205,20.00,3.00
LAFAYETTE,COUSINS KITCHENS (MOBILE),LAFAYETTE - COUSINS KITCHENS (MOBILE) - ,FA0005081,4.50,903,40.00,3.00
LAFAYETTE,CROSSING NUTRITION THE,LAFAYETTE - CROSSING NUTRITION THE - ,FA0005510,4.90,63,15.00,2.00
LAFAYETTE,CUGINI PIZZERIA,LAFAYETTE - CUGINI PIZZERIA - ,FA0002527,4.50,125,17.50,4.00
LAFAYETTE,DAIRY QUEEN,LAFAYETTE - DAIRY QUEEN - ,FA0003491,4.00,386,16.67,1.50
LAFAYETTE,DELICIOUS ZS,LAFAYETTE - DELICIOUS ZS - ,FA0002811,4.40,411,12.44,6.00
LAFAYETTE,DILLINGERS BAR AND GRILL,LAFAYETTE - DILLINGERS BAR AND GRILL - ,FA0000997,4.20,263,61.15,3.50
LAFAYETTE,DOS WAPOS,LAFAYETTE - DOS WAPOS - ,FA0000615,4.50,105,27.00,6.67
LAFAYETTE,EATS AND SWEETS,LAFAYETTE - EATS AND SWEETS - ,FA0002133,4.60,536,28.30,2.50
LAFAYETTE,EFRAINS,LAFAYETTE - EFRAINS - ,FA0000445,4.30,1351,45.00,4.00
LAFAYETTE,EINSTEIN BROS BAGELS #3631,LAFAYETTE - EINSTEIN BROS BAGELS #3631 - ,FA0004648,3.60,383,1.00,1.00
LAFAYETTE,FIREHOUSE SUBS,LAFAYETTE - FIREHOUSE SUBS - ,FA0004652,4.30,284,10.67,1.50
LAFAYETTE,FRONT RANGE BREWING CO,LAFAYETTE - FRONT RANGE BREWING CO - ,FA0004757,4.70,201,50.00,4.00
LAFAYETTE,GHOST BOX PIZZA,LAFAYETTE - GHOST BOX PIZZA - ,FA0000800,4.50,119,70.48,7.00
LAFAYETTE,GOOD TIMES BURGERS AND FROZEN CUSTARD,LAFAYETTE - GOOD TIMES BURGERS AND FROZEN CUSTARD - ,FA0002108,3.80,197,39.36,2.67
LAFAYETTE,GREAT OUTDOORS WATER PARK THE,LAFAYETTE - GREAT OUTDOORS WATER PARK THE - ,FA0005285,3.90,34,20.00,2.00
LAFAYETTE,INDIAN PEAKS GOLF COURSE AT LAFAYET,LAFAYETTE - INDIAN PEAKS GOLF COURSE AT LAFAYET - ,FA0000649,4.40,106,25.33,2.50
LAFAYETTE,JAX COFFEE GEAR (MOBILE INSIDE JAX LAFAYETTE OUTDOOR),LAFAYETTE - JAX COFFEE GEAR (MOBILE INSIDE JAX LAFAYETTE OUTDOOR) - ,FA0004835,4.50,433,10.00,1.00
LAFAYETTE,JEANNOTS PATISSERIE & BISTRO,LAFAYETTE - JEANNOTS PATISSERIE & BISTRO - ,FA0004951,5.00,77,15.25,2.00
LAFAYETTE,JERSEY MIKES SUBS 22043,LAFAYETTE - JERSEY MIKES SUBS 22043 - ,FA0001782,4.20,40,40.50,4.00
LAFAYETTE,MARTINOS PIZZERIA,LAFAYETTE - MARTINOS PIZZERIA - ,FA0001245,4.40,169,14.00,1.50
LAFAYETTE,MCDONALDS 26108,LAFAYETTE - MCDONALDS 26108 - ,FA0001300,3.40,1037,4.50,3.00
LAFAYETTE,MENCHIES #052,LAFAYETTE - MENCHIES #052 - ,FA0003543,4.10,127,5.00,1.00
LAFAYETTE,MICI,LAFAYETTE - MICI - ,FA0002076,4.60,235,12.20,2.00
LAFAYETTE,MONO MONO KFC,LAFAYETTE - MONO MONO KFC - ,FA0000108,4.60,266,20.62,2.00
LAFAYETTE,MORNING GLORY CAFE,LAFAYETTE - MORNING GLORY CAFE - ,FA0002868,4.50,807,78.00,5.25
LAFAYETTE,MUMTAZ MEDITERRANEAN CUISINE,LAFAYETTE - MUMTAZ MEDITERRANEAN CUISINE - ,FA0002694,4.60,512,25.00,2.00
LAFAYETTE,NOODLES & COMPANY #168,LAFAYETTE - NOODLES & COMPANY #168 - ,FA0004641,3.50,614,7.33,1.50
LAFAYETTE,OFF CAMPUS CAFE,LAFAYETTE - OFF CAMPUS CAFE - ,FA0001645,4.40,262,59.74,5.00
LAFAYETTE,OTIS,LAFAYETTE - OTIS - ,FA0003872,4.60,300,19.71,2.33
LAFAYETTE,PANANG THAI,LAFAYETTE - PANANG THAI - ,FA0002442,4.30,439,25.75,4.00
LAFAYETTE,PHO CAFE,LAFAYETTE - PHO CAFE - ,FA0003510,4.60,746,40.00,4.00
LAFAYETTE,PROTOS PIZZA LAFAYETTE,LAFAYETTE - PROTOS PIZZA LAFAYETTE - ,FA0001335,4.50,246,35.33,5.00
LAFAYETTE,RAS KASSAS ETHIOPIAN,LAFAYETTE - RAS KASSAS ETHIOPIAN - ,FA0002758,4.60,583,42.43,4.67
LAFAYETTE,REELFISH FISH AND CHIPS,LAFAYETTE - REELFISH FISH AND CHIPS - ,FA0004647,4.40,729,15.00,1.50
LAFAYETTE,RUBY RUS,LAFAYETTE - RUBY RUS - ,FA0002157,4.80,72,13.40,1.50
LAFAYETTE,SANTIAGOS II MEXICAN RESTAURANT,LAFAYETTE - SANTIAGOS II MEXICAN RESTAURANT - ,FA0002331,4.40,1062,28.50,3.00
LAFAYETTE,SEBS PIZZAS (MOBILE),LAFAYETTE - SEBS PIZZAS (MOBILE) - ,FA0005308,4.30,12,40.00,3.00
LAFAYETTE,SENOR GOMEZ,LAFAYETTE - SENOR GOMEZ - ,FA0001429,4.30,157,55.27,8.00
LAFAYETTE,SHIFU EXPRESS,LAFAYETTE - SHIFU EXPRESS - ,FA0001244,4.20,83,69.82,10.50
LAFAYETTE,SIMPLE GREEK #46 THE,LAFAYETTE - SIMPLE GREEK #46 THE - ,FA0005408,4.10,322,21.67,1.50
LAFAYETTE,SKY COFFEE,LAFAYETTE - SKY COFFEE - ,FA0002393,3.80,44,5.67,1.00
LAFAYETTE,SMASHBURGER,LAFAYETTE - SMASHBURGER - ,FA0002284,3.80,543,14.00,2.50
LAFAYETTE,SUBWAY,LAFAYETTE - SUBWAY - ,FA0001166,3.50,78,36.44,5.00
LAFAYETTE,SUBWAY EXEMPLA 33266,LAFAYETTE - SUBWAY EXEMPLA 33266 - ,FA0002449,3.80,44,23.33,2.00
LAFAYETTE,SUSHI AJI,LAFAYETTE - SUSHI AJI - ,FA0001257,4.40,314,24.00,3.67
LAFAYETTE,TACO BELL 3612,LAFAYETTE - TACO BELL 3612 - ,FA0000845,2.70,568,16.00,2.00
LAFAYETTE,TACO WAGON,LAFAYETTE - TACO WAGON - ,FA0003821,4.40,205,31.93,2.50
LAFAYETTE,TANDOORI KITCHEN,LAFAYETTE - TANDOORI KITCHEN - ,FA0001585,4.70,378,70.08,5.80
LAFAYETTE,TANGERINE RESTAURANT,LAFAYETTE - TANGERINE RESTAURANT - ,FA0000725,4.30,757,36.42,6.00
LAFAYETTE,TAQUERIA ESPERANZA,LAFAYETTE - TAQUERIA ESPERANZA - ,FA0000925,4.20,310,58.73,5.67
LAFAYETTE,TEN PIN ALLEY,LAFAYETTE - TEN PIN ALLEY - ,FA0000879,4.00,720,40.33,6.50
LAFAYETTE,TEOCALLI COCINA,LAFAYETTE - TEOCALLI COCINA - ,FA0000251,4.60,914,86.22,7.67
LAFAYETTE,THE POST BREWING CO,LAFAYETTE - THE POST BREWING CO - ,FA0000951,4.40,1062,26.50,2.50
LAFAYETTE,TINGS PLACE,LAFAYETTE - TINGS PLACE - ,FA0003784,4.30,335,7.43,2.50
LAFAYETTE,TORTILLERIA LAS 5 AMERICAS,LAFAYETTE - TORTILLERIA LAS 5 AMERICAS - ,FA0003315,4.30,47,38.22,6.00
LAFAYETTE,UDON KAISHA,LAFAYETTE - UDON KAISHA - ,FA0000535,4.30,297,22.42,3.00
LAFAYETTE,VFW POST 1771,LAFAYETTE - VFW POST 1771 - ,FA0004651,4.40,28,5.00,1.00
LAFAYETTE,VIET KITCHEN (AT ATLAS VALLEY),LAFAYETTE - VIET KITCHEN (AT ATLAS VALLEY) - ,FA0001350,4.90,60,33.00,2.67
LAFAYETTE,WENDYS 5201,LAFAYETTE - WENDYS 5201 - ,FA0001090,3.90,724,7.00,1.00
LAFAYETTE,WILLIAM OLIVERS PUBLICK HOUSE,LAFAYETTE - WILLIAM OLIVERS PUBLICK HOUSE - ,FA0005062,4.50,910,22.00,3.00
LONGMONT,3 MARGARITAS,LONGMONT - 3 MARGARITAS - ,FA0000738,4.30,1553,59.11,4.50
LONGMONT,300 SUNS BREWING,LONGMONT - 300 SUNS BREWING - ,FA0004789,4.70,422,12.00,2.00
LONGMONT,3S BAR,LONGMONT - 3S BAR - ,FA0000673,3.70,178,15.00,3.50
LONGMONT,A THAI STICKY RICE,LONGMONT - A THAI STICKY RICE - ,FA0001126,4.80,64,33.15,6.33
LONGMONT,ABOS PIZZA LONGMONT,LONGMONT - ABOS PIZZA LONGMONT - ,FA0001641,4.10,299,10.00,1.00
LONGMONT,ABUELITAS EMPANADAS,LONGMONT - ABUELITAS EMPANADAS - ,FA0004866,4.50,28,45.69,5.33
LONGMONT,AFC SUSHI @ SAFEWAY #1116,LONGMONT - AFC SUSHI @ SAFEWAY #1116 - ,FA0004907,3.90,1070,16.67,1.50
LONGMONT,AFC SUSHI @ SAFEWAY #2910,LONGMONT - AFC SUSHI @ SAFEWAY #2910 - ,FA0004906,4.00,826,5.00,1.00
LONGMONT,AIMES LOVE,LONGMONT - AIMES LOVE - ,FA0004539,4.40,116,23.56,3.00
LONGMONT,ARBYS #5009030,LONGMONT - ARBYS #5009030 - ,FA0000030,3.80,808,18.50,2.50
LONGMONT,AUNT ALICES KITCHEN,LONGMONT - AUNT ALICES KITCHEN - ,FA0000057,4.40,2079,30.64,3.67
LONGMONT,BABETTES,LONGMONT - BABETTES - ,FA0005406,4.30,291,25.00,3.00
LONGMONT,BAD DADDY'S BURGER BAR,LONGMONT - BAD DADDY'S BURGER BAR - ,FA0004848,4.30,906,41.40,5.00
LONGMONT,BASKIN ROBBINS,LONGMONT - BASKIN ROBBINS - ,FA0002891,4.30,211,10.00,1.00
LONGMONT,BEAU JOS COLORADO STYLE PIZZA,LONGMONT - BEAU JOS COLORADO STYLE PIZZA - ,FA0000384,4.00,1318,43.33,3.00
LONGMONT,BENNYS TACOS,LONGMONT - BENNYS TACOS - ,FA0001114,4.60,599,29.71,4.67
LONGMONT,BIG DADDY BAGELS,LONGMONT - BIG DADDY BAGELS - ,FA0003265,4.30,242,25.00,3.00
LONGMONT,BLACKJACK PIZZA,LONGMONT - BLACKJACK PIZZA - ,FA0004821,3.60,329,25.50,5.00
LONGMONT,BLUE AGAVE,LONGMONT - BLUE AGAVE - ,FA0000084,4.10,684,46.00,4.00
LONGMONT,BLUE CORN TACOS,LONGMONT - BLUE CORN TACOS - ,FA0001247,4.80,379,45.83,2.50
LONGMONT,BLUE REEF SEAFOOD MARKET,LONGMONT - BLUE REEF SEAFOOD MARKET - ,FA0003711,4.60,46,18.00,2.50
LONGMONT,BOULDER PHO & MILK TEA,LONGMONT - BOULDER PHO & MILK TEA - ,FA0002561,4.40,35,25.88,2.67
LONGMONT,BPOE LODGE 1055,LONGMONT - BPOE LODGE 1055 - ,FA0000256,4.20,27,66.40,5.00
LONGMONT,BREWING MARKET,LONGMONT - BREWING MARKET - ,FA0000063,4.50,388,33.00,2.50
LONGMONT,BUFFALO WILD WINGS #111,LONGMONT - BUFFALO WILD WINGS #111 - ,FA0002332,3.60,1505,24.00,2.50
LONGMONT,BURGER KING #4690,LONGMONT - BURGER KING #4690 - ,FA0000110,3.50,324,13.40,1.50
LONGMONT,BURGER KING #7885,LONGMONT - BURGER KING #7885 - ,FA0000115,3.10,625,10.00,1.00
LONGMONT,CAFE RIO MEXICAN GRILL,LONGMONT - CAFE RIO MEXICAN GRILL - ,FA0004691,4.30,706,9.67,1.50
LONGMONT,CANTINA LUNADA,LONGMONT - CANTINA LUNADA - ,FA0001647,4.30,339,28.00,3.00
LONGMONT,CAPRESE TRATTORIA,LONGMONT - CAPRESE TRATTORIA - ,FA0001638,4.40,1041,64.10,7.00
LONGMONT,CARLS JR #7525,LONGMONT - CARLS JR #7525 - ,FA0002471,3.70,598,17.00,1.50
LONGMONT,CHEBA HUT LONGMONT,LONGMONT - CHEBA HUT LONGMONT - ,FA0005191,4.60,1274,10.00,1.00
LONGMONT,CHICK FIL A AT LONGMONT,LONGMONT - CHICK FIL A AT LONGMONT - ,FA0003305,4.40,1915,46.10,3.00
LONGMONT,CHICKEN JACKS,LONGMONT - CHICKEN JACKS - ,FA0002830,4.10,145,16.67,1.00
LONGMONT,CHILIS GRILL AND BAR 711,LONGMONT - CHILIS GRILL AND BAR 711 - ,FA0001333,4.20,1235,26.00,2.50
LONGMONT,CHINA 88,LONGMONT - CHINA 88 - ,FA0001182,4.00,379,80.06,9.60
LONGMONT,CHINA BUFFET,LONGMONT - CHINA BUFFET - ,FA0001631,3.60,390,42.91,4.50
LONGMONT,CHINA GOURMET - LONGMONT,LONGMONT - CHINA GOURMET - LONGMONT - ,FA0004497,4.10,469,48.15,4.00
LONGMONT,CHIPOTLE MEXICAN GRILL #13,LONGMONT - CHIPOTLE MEXICAN GRILL #13 - ,FA0001294,4.20,622,15.00,1.00
LONGMONT,CHIPOTLE MEXICAN GRILL #650,LONGMONT - CHIPOTLE MEXICAN GRILL #650 - ,FA0002330,4.00,511,50.50,4.00
LONGMONT,COLD STONE CREAMERY,LONGMONT - COLD STONE CREAMERY - ,FA0001515,4.30,137,6.67,1.00
LONGMONT,CORRECTION MANAGEMENT INC,LONGMONT - CORRECTION MANAGEMENT INC - ,FA0000500,4.20,1235,21.67,1.50
LONGMONT,COURTYARD BY MARRIOTT 1067,LONGMONT - COURTYARD BY MARRIOTT 1067 - ,FA0001512,4.30,218,52.50,2.67
LONGMONT,CULVER'S OF LONGMONT,LONGMONT - CULVER'S OF LONGMONT - ,FA0004960,4.40,1541,15.33,3.00
LONGMONT,CUPPA HOUSE COFFEE & TEA,LONGMONT - CUPPA HOUSE COFFEE & TEA - ,FA0000100,4.70,134,42.86,4.67
LONGMONT,CYCLHOPS,LONGMONT - CYCLHOPS - ,FA0000680,4.40,763,10.33,1.50
LONGMONT,DAIRY QUEEN,LONGMONT - DAIRY QUEEN - ,FA0001230,4.10,597,20.00,1.50
LONGMONT,DAIRY QUEEN 40732,LONGMONT - DAIRY QUEEN 40732 - ,FA0001232,4.30,177,40.00,3.00
LONGMONT,DANNYS TACOS,LONGMONT - DANNYS TACOS - ,FA0003258,4.60,142,51.81,6.50
LONGMONT,DELI ZONE LONGMONT,LONGMONT - DELI ZONE LONGMONT - ,FA0002371,4.10,234,28.57,2.50
LONGMONT,DIA Y NOCHE CAFE,LONGMONT - DIA Y NOCHE CAFE - ,FA0000926,4.00,35,78.44,5.33
LONGMONT,DICKENS TAVERN,LONGMONT - DICKENS TAVERN - ,FA0000909,4.20,1049,17.00,1.50
LONGMONT,DICKEYS BARBECUE PIT,LONGMONT - DICKEYS BARBECUE PIT - ,FA0005013,4.20,495,39.00,6.00
LONGMONT,DOMINOS PIZZA 6232,LONGMONT - DOMINOS PIZZA 6232 - ,FA0001451,3.50,499,14.00,1.50
LONGMONT,DUNKIN DONUTS #860,LONGMONT - DUNKIN DONUTS #860 - ,FA0004860,3.80,467,44.44,4.50
LONGMONT,DURANGO MEXICAN RESTAURANT,LONGMONT - DURANGO MEXICAN RESTAURANT - ,FA0000995,4.30,272,12.50,2.00
LONGMONT,DUTCH BROS COFFEE,LONGMONT - DUTCH BROS COFFEE - ,FA0000881,4.70,651,21.50,2.75
LONGMONT,EAST MOON ASIAN BISTRO II,LONGMONT - EAST MOON ASIAN BISTRO II - ,FA0002823,4.30,488,43.33,3.50
LONGMONT,EINSTEIN BROS BAGELS 3383,LONGMONT - EINSTEIN BROS BAGELS 3383 - ,FA0002372,4.00,338,20.40,2.50
LONGMONT,EVEREST RESTAURANT,LONGMONT - EVEREST RESTAURANT - ,FA0000976,4.30,229,80.38,8.67
LONGMONT,FAROW,LONGMONT - FAROW - ,FA0005097,4.50,68,25.00,2.00
LONGMONT,FIREHOUSE SUBS,LONGMONT - FIREHOUSE SUBS - ,FA0004604,4.30,233,27.14,3.50
LONGMONT,FIRST WATCH RESTAURANTS,LONGMONT - FIRST WATCH RESTAURANTS - ,FA0001309,4.40,627,32.50,2.00
LONGMONT,FIVE GUYS BURGERS,LONGMONT - FIVE GUYS BURGERS - ,FA0002436,4.20,650,31.00,3.00
LONGMONT,FLAVOR OF INDIA,LONGMONT - FLAVOR OF INDIA - ,FA0004736,4.30,595,39.71,3.50
LONGMONT,FLIGHT DECK GRILL (MOBILE),LONGMONT - FLIGHT DECK GRILL (MOBILE) - ,FA0003034,4.80,22,11.67,1.50
LONGMONT,FOX HILL COUNTRY CLUB,LONGMONT - FOX HILL COUNTRY CLUB - ,FA0001322,4.30,128,33.00,2.50
LONGMONT,FREDDYS FROZEN CUSTARD AND STEAKBURGERS,LONGMONT - FREDDYS FROZEN CUSTARD AND STEAKBURGERS - ,FA0000278,4.30,1185,23.00,1.50
LONGMONT,FUZZYS TACO SHOP,LONGMONT - FUZZYS TACO SHOP - ,FA0004846,4.30,1588,51.00,4.00
LONGMONT,GARDEN GATE CAFE THE,LONGMONT - GARDEN GATE CAFE THE - ,FA0000970,4.40,299,50.86,5.50
LONGMONT,GEORGIA BOY BBQ (MOBILE),LONGMONT - GEORGIA BOY BBQ (MOBILE) - ,FA0004949,4.50,1924,60.00,4.00
LONGMONT,GOLD'S GYM LONGMONT,LONGMONT - GOLD'S GYM LONGMONT - ,FA0004836,3.70,197,3.00,1.00
LONGMONT,GONDOLIER ITALIAN EATERY,LONGMONT - GONDOLIER ITALIAN EATERY - ,FA0000359,4.20,861,62.48,7.67
LONGMONT,GOOD BIRD KITCHEN,LONGMONT - GOOD BIRD KITCHEN - ,FA0000721,4.20,861,57.00,4.50
LONGMONT,GOOD EATS GRILL,LONGMONT - GOOD EATS GRILL - ,FA0000396,4.60,481,46.54,4.33
LONGMONT,GOODFELLAS RESTAURANT & BAKERY,LONGMONT - GOODFELLAS RESTAURANT & BAKERY - ,FA0001020,4.30,1429,47.29,4.50
LONGMONT,GUACAMOLES,LONGMONT - GUACAMOLES - ,FA0000682,4.00,378,76.25,5.33
LONGMONT,GURKHAS RESTAURANT,LONGMONT - GURKHAS RESTAURANT - ,FA0005251,4.50,785,24.00,6.00
LONGMONT,HAMPTON INN,LONGMONT - HAMPTON INN - ,FA0000390,4.50,437,36.43,3.50
LONGMONT,HARD DRIVE CAFE AT SEAGATE,LONGMONT - HARD DRIVE CAFE AT SEAGATE - ,FA0001000,3.50,12,58.33,4.50
LONGMONT,HIDDEN CAFE,LONGMONT - HIDDEN CAFE - ,FA0000399,4.60,341,51.67,4.50
LONGMONT,HISSHO SUSHI #323(INSIDE SPROUTS),LONGMONT - HISSHO SUSHI #323(INSIDE SPROUTS) - ,FA0003813,4.80,354,15.00,1.50
LONGMONT,HOLIDAY INN EXPRESS QWMCO,LONGMONT - HOLIDAY INN EXPRESS QWMCO - ,FA0002676,4.20,414,25.00,1.50
LONGMONT,IHOP 2126,LONGMONT - IHOP 2126 - ,FA0000279,3.10,1009,15.20,2.50
LONGMONT,INTA JUICE,LONGMONT - INTA JUICE - ,FA0002245,4.60,361,5.00,1.00
LONGMONT,JAI THAI RESTAURANT,LONGMONT - JAI THAI RESTAURANT - ,FA0000747,4.50,378,37.09,5.50
LONGMONT,JANIES CAFE,LONGMONT - JANIES CAFE - ,FA0000658,4.50,573,35.00,2.50
LONGMONT,JAVA STOP,LONGMONT - JAVA STOP - ,FA0000665,4.90,183,17.00,4.00
LONGMONT,JEFES,LONGMONT - JEFES - ,FA0002382,4.50,1346,85.02,6.60
LONGMONT,JESTERS PERFORMING ARTS,LONGMONT - JESTERS PERFORMING ARTS - ,FA0000378,4.70,581,30.00,2.00
LONGMONT,JFE SUSHI (KS-80),LONGMONT - JFE SUSHI (KS-80) - ,FA0003781,4.60,199,12.50,1.00
LONGMONT,JIMMY JOHNS #1431,LONGMONT - JIMMY JOHNS #1431 - ,FA0003566,4.10,129,20.33,2.00
LONGMONT,JIMMY JOHNS,LONGMONT - JIMMY JOHNS - ,FA0002991,3.40,167,29.90,3.50
LONGMONT,JOHN HAROLD BUCKLEY POST 32,LONGMONT - JOHN HAROLD BUCKLEY POST 32 - ,FA0000414,4.70,87,64.79,4.67
LONGMONT,KENTUCKY FRIED CHICKEN  A AND W,LONGMONT - KENTUCKY FRIED CHICKEN  A AND W - ,FA0002697,3.20,588,10.00,1.00
LONGMONT,LA GARNACHA (MOBILE),LONGMONT - LA GARNACHA (MOBILE) - ,FA0005319,4.00,3,16.00,2.00
LONGMONT,LA MARIPOSA RESTAURANT,LONGMONT - LA MARIPOSA RESTAURANT - ,FA0000455,4.00,677,29.83,4.00
LONGMONT,LA MOMO MAES BAKERY,LONGMONT - LA MOMO MAES BAKERY - ,FA0003680,4.40,171,42.57,4.67
LONGMONT,LA PANDA II,LONGMONT - LA PANDA II - ,FA0000458,4.30,269,62.79,5.50
LONGMONT,LA VITA BELLA CAFE,LONGMONT - LA VITA BELLA CAFE - ,FA0005390,4.60,437,22.50,3.00
LONGMONT,LAGUNA AUTHENTIC MEXICAN RESTAURANT,LONGMONT - LAGUNA AUTHENTIC MEXICAN RESTAURANT - ,FA0002757,4.60,86,39.23,4.33
LONGMONT,LAS DELICIAS (INSIDE SAVE-A-LOT),LONGMONT - LAS DELICIAS (INSIDE SAVE-A-LOT) - ,FA0005267,4.00,298,64.73,5.50
LONGMONT,LAS PALMERAS EXPRESS,LONGMONT - LAS PALMERAS EXPRESS - ,FA0002128,4.50,87,44.17,4.50
LONGMONT,LAS PALMERAS RESTAURANT,LONGMONT - LAS PALMERAS RESTAURANT - ,FA0001138,4.40,1110,46.82,4.33
LONGMONT,LAS PALMERAS TAQUERIA,LONGMONT - LAS PALMERAS TAQUERIA - ,FA0000522,4.50,366,45.14,3.50
LONGMONT,LE PEEP,LONGMONT - LE PEEP - ,FA0001662,4.50,1019,63.24,5.67
LONGMONT,LEFT HAND BREWING CO,LONGMONT - LEFT HAND BREWING CO - ,FA0005028,4.70,856,17.00,4.00
LONGMONT,LITTLE CAESARS,LONGMONT - LITTLE CAESARS - ,FA0002484,3.40,245,36.39,5.25
LONGMONT,LITTLE CAESARS,LONGMONT - LITTLE CAESARS - ,FA0003319,3.70,172,33.21,3.50
LONGMONT,LOAF N JUG 95,LONGMONT - LOAF N JUG 95 - ,FA0001368,2.90,32,24.33,2.00
LONGMONT,LONGMONT DAIRY QUEEN,LONGMONT - LONGMONT DAIRY QUEEN - ,FA0001229,4.30,229,32.00,2.50
LONGMONT,LONGMONT PERFORMING ARTS CENTER,LONGMONT - LONGMONT PERFORMING ARTS CENTER - ,FA0000511,4.30,1085,20.00,2.00
LONGMONT,LONGMONT PUBLIC HOUSE,LONGMONT - LONGMONT PUBLIC HOUSE - ,FA0005196,4.40,755,62.00,6.00
LONGMONT,LONGMONT YOUTH CENTER,LONGMONT - LONGMONT YOUTH CENTER - ,FA0005346,5.00,6,30.00,2.00
LONGMONT,LONGS PEAK HOSPITAL,LONGMONT - LONGS PEAK HOSPITAL - ,FA0005143,3.30,223,43.00,6.00
LONGMONT,LONGS PEAK PUB & TAPHOUSE,LONGMONT - LONGS PEAK PUB & TAPHOUSE - ,FA0004638,4.60,1364,55.33,5.00
LONGMONT,LOYAL ORDER OF MOOSE LONGMONT LODGE,LONGMONT - LOYAL ORDER OF MOOSE LONGMONT LODGE - ,FA0000481,4.30,118,25.00,3.00
LONGMONT,LUCILES CREOLE CAFE,LONGMONT - LUCILES CREOLE CAFE - ,FA0000502,4.60,1450,52.00,3.33
LONGMONT,LUNA CAFE THE,LONGMONT - LUNA CAFE THE - ,FA0000123,4.30,313,37.00,2.50
LONGMONT,LUUS ASIAN CUISINE,LONGMONT - LUUS ASIAN CUISINE - ,FA0000975,3.80,25,53.86,4.67
LONGMONT,MALDOS COFFEE & BOBA,LONGMONT - MALDOS COFFEE & BOBA - ,FA0004872,4.70,246,6.25,2.00
LONGMONT,MALEE THAI,LONGMONT - MALEE THAI - ,FA0000957,4.20,264,61.27,7.50
LONGMONT,MAMA MEADS PIZZERIA,LONGMONT - MAMA MEADS PIZZERIA - ,FA0000089,4.30,275,49.57,5.75
LONGMONT,MAMAS CAFE,LONGMONT - MAMAS CAFE - ,FA0000182,4.30,125,106.57,9.25
LONGMONT,MARCOS HOT DOG,LONGMONT - MARCOS HOT DOG - ,FA0000245,4.80,1421,33.93,2.50
LONGMONT,MARCOS PIZZA,LONGMONT - MARCOS PIZZA - ,FA0004844,4.00,249,16.33,4.50
LONGMONT,MARTINIS BISTRO,LONGMONT - MARTINIS BISTRO - ,FA0001310,4.50,478,47.31,3.50
LONGMONT,MCCARTHYS PUB,LONGMONT - MCCARTHYS PUB - ,FA0000639,4.10,346,23.33,3.00
LONGMONT,MCDONALDS HOVER,LONGMONT - MCDONALDS HOVER - ,FA0000644,3.30,928,27.23,2.33
LONGMONT,MCDONALDS NORTH,LONGMONT - MCDONALDS NORTH - ,FA0001021,3.50,1861,19.00,1.50
LONGMONT,MCDONALDS SOUTH,LONGMONT - MCDONALDS SOUTH - ,FA0001022,3.30,1498,10.33,1.50
LONGMONT,MIKE OSHAYS,LONGMONT - MIKE OSHAYS - ,FA0000660,4.30,1085,69.96,5.75
LONGMONT,MODMARKET,LONGMONT - MODMARKET - ,FA0004500,4.30,720,20.00,1.50
LONGMONT,ND STREETBAR,LONGMONT - ND STREETBAR - ,FA0005194,4.30,425,35.00,8.00
LONGMONT,NEVERIA LA ZUMBA,LONGMONT - NEVERIA LA ZUMBA - ,FA0003913,4.10,29,17.40,2.50
LONGMONT,NICOLOS  PIZZA,LONGMONT - NICOLOS  PIZZA - ,FA0002166,4.20,431,50.00,4.00
LONGMONT,NIWOT TAVERN,LONGMONT - NIWOT TAVERN - ,FA0000293,4.60,394,75.07,4.67
LONGMONT,NOODLES AND COMPANY #125,LONGMONT - NOODLES AND COMPANY #125 - ,FA0001514,4.00,392,14.83,1.50
LONGMONT,OASIS,LONGMONT - OASIS - ,FA0004769,4.40,330,25.00,4.50
LONGMONT,OLD WORLD WOOD FIRE PIZZERIA/ BAVARIAN BAKERY,LONGMONT - OLD WORLD WOOD FIRE PIZZERIA/ BAVARIAN BAKERY - ,FA0002750,4.20,107,70.19,6.75
LONGMONT,OSKAR BLUES HOMEMADE LIQUIDS & SOLI,LONGMONT - OSKAR BLUES HOMEMADE LIQUIDS & SOLI - ,FA0001786,4.30,2134,47.00,3.00
LONGMONT,OUR CENTER,LONGMONT - OUR CENTER - ,FA0004982,4.20,324,34.17,3.00
LONGMONT,OZO COFFEE LONGMONT,LONGMONT - OZO COFFEE LONGMONT - ,FA0004975,4.60,523,27.50,3.00
LONGMONT,PALETERIA LA MICHOACANA,LONGMONT - PALETERIA LA MICHOACANA - ,FA0002790,4.00,164,50.56,4.50
LONGMONT,PANADERIA LA PANDA BAKERY,LONGMONT - PANADERIA LA PANDA BAKERY - ,FA0000613,4.20,188,56.00,4.50
LONGMONT,PANDA EXPRESS #1493,LONGMONT - PANDA EXPRESS #1493 - ,FA0002828,3.30,543,7.50,1.00
LONGMONT,PANDA EXPRESS #2120,LONGMONT - PANDA EXPRESS #2120 - ,FA0003806,2.90,247,5.00,1.00
LONGMONT,PANERA BREAD #2437,LONGMONT - PANERA BREAD #2437 - ,FA0002578,3.90,625,6.67,1.00
LONGMONT,PAPA JOHNS PIZZA,LONGMONT - PAPA JOHNS PIZZA - ,FA0001447,3.90,184,27.14,2.50
LONGMONT,PAPA MURPHYS,LONGMONT - PAPA MURPHYS - ,FA0000621,4.20,237,29.00,2.50
LONGMONT,PAPA MURPHYS,LONGMONT - PAPA MURPHYS - ,FA0003787,4.00,98,24.29,3.00
LONGMONT,PARRYS PIZZA VI,LONGMONT - PARRYS PIZZA VI - ,FA0004885,4.20,640,20.00,3.50
LONGMONT,PEAK GOLF,LONGMONT - PEAK GOLF - ,FA0000945,4.30,250,64.17,3.50
LONGMONT,PERKINS RESTAURANT AND BAKERY,LONGMONT - PERKINS RESTAURANT AND BAKERY - ,FA0000684,4.00,1279,39.58,3.00
LONGMONT,PERSIMMON GRILL AT LAKE VALLEY GOLF,LONGMONT - PERSIMMON GRILL AT LAKE VALLEY GOLF - ,FA0000685,4.80,36,36.11,4.50
LONGMONT,PHO HUONG VIET,LONGMONT - PHO HUONG VIET - ,FA0005067,4.20,477,60.00,8.00
LONGMONT,PINOCCHIOS,LONGMONT - PINOCCHIOS - ,FA0002983,4.20,608,31.00,3.50
LONGMONT,PISTACHIO CAFE BAKERY,LONGMONT - PISTACHIO CAFE BAKERY - ,FA0000210,4.40,281,51.26,6.33
LONGMONT,POLLERIA LA FOGATA,LONGMONT - POLLERIA LA FOGATA - ,FA0002171,4.00,131,50.42,3.50
LONGMONT,POPEYES #425,LONGMONT - POPEYES #425 - ,FA0005418,3.30,576,15.00,3.00
LONGMONT,PROTOS PIZZA,LONGMONT - PROTOS PIZZA - ,FA0000829,4.60,314,20.00,2.00
LONGMONT,PUMPHOUSE RED ZONE,LONGMONT - PUMPHOUSE RED ZONE - ,FA0000675,4.50,3357,31.11,3.00
LONGMONT,QDOBA MEXICAN EATS #2186,LONGMONT - QDOBA MEXICAN EATS #2186 - ,FA0002345,4.00,507,29.64,4.67
LONGMONT,QUARTERS BAR+ARCADE,LONGMONT - QUARTERS BAR+ARCADE - ,FA0001175,4.70,270,24.60,5.00
LONGMONT,QUES ESPRESSO,LONGMONT - QUES ESPRESSO - ,FA0000605,4.60,174,19.29,2.50
LONGMONT,RAISING CANES,LONGMONT - RAISING CANES - ,FA0005180,4.20,486,48.00,7.00
LONGMONT,RED FROG COFFEE,LONGMONT - RED FROG COFFEE - ,FA0002592,4.60,476,32.86,2.00
LONGMONT,RED LOBSTER #6235,LONGMONT - RED LOBSTER #6235 - ,FA0000694,4.20,1184,12.25,1.50
LONGMONT,RED ROBIN AMERICAS GOURMET BURGERS,LONGMONT - RED ROBIN AMERICAS GOURMET BURGERS - ,FA0002168,4.10,1083,25.00,2.00
LONGMONT,RESIDENCE INN LONGMONT,LONGMONT - RESIDENCE INN LONGMONT - ,FA0001524,4.30,271,25.00,2.00
LONGMONT,ROBIN CHOCOLATES,LONGMONT - ROBIN CHOCOLATES - ,FA0003614,4.90,125,21.25,2.00
LONGMONT,ROOST THE,LONGMONT - ROOST THE - ,FA0000486,4.50,2352,56.48,6.67
LONGMONT,ROSALEES PIZZERIA,LONGMONT - ROSALEES PIZZERIA - ,FA0000931,4.60,875,21.29,2.50
LONGMONT,ROSARIOS RESTAURANT,LONGMONT - ROSARIOS RESTAURANT - ,FA0002506,4.70,951,34.00,4.00
LONGMONT,ROYAL WOK,LONGMONT - ROYAL WOK - ,FA0000466,4.10,568,73.54,8.67
LONGMONT,RUNZA,LONGMONT - RUNZA - ,FA0003323,4.20,210,27.00,5.00
LONGMONT,SACHI SUSHI,LONGMONT - SACHI SUSHI - ,FA0002383,4.60,134,72.50,4.50
LONGMONT,SAIGON EXPRESS,LONGMONT - SAIGON EXPRESS - ,FA0002143,4.20,432,46.53,5.00
LONGMONT,SAKURA JAPANESE CUISINE,LONGMONT - SAKURA JAPANESE CUISINE - ,FA0000780,4.70,450,53.20,7.50
LONGMONT,SANTIAGOS MEXICAN RESTAURANT,LONGMONT - SANTIAGOS MEXICAN RESTAURANT - ,FA0000457,4.40,1603,18.33,1.50
LONGMONT,SCRATCH (INSIDE 300 SUNS BREWING),LONGMONT - SCRATCH (INSIDE 300 SUNS BREWING) - ,FA0005506,4.70,422,15.00,3.00
LONGMONT,SCRUMPTIOUS,LONGMONT - SCRUMPTIOUS - ,FA0001273,4.40,448,19.60,2.50
LONGMONT,SHOES AND BREWS,LONGMONT - SHOES AND BREWS - ,FA0004595,4.90,183,7.40,2.50
LONGMONT,SILVERMINE SUBS,LONGMONT - SILVERMINE SUBS - ,FA0002152,3.90,224,47.68,3.75
LONGMONT,SMACK DADDY PIZZA,LONGMONT - SMACK DADDY PIZZA - ,FA0000737,4.20,262,19.00,4.00
LONGMONT,SMASHBURGER LONGMONT,LONGMONT - SMASHBURGER LONGMONT - ,FA0003879,4.10,543,30.64,5.50
LONGMONT,SMOKIN BOWLS,LONGMONT - SMOKIN BOWLS - ,FA0004505,4.40,170,30.90,5.00
LONGMONT,SNARFS,LONGMONT - SNARFS - ,FA0000538,4.40,457,10.00,1.00
LONGMONT,SNARFS,LONGMONT - SNARFS - ,FA0003244,4.40,439,15.00,1.50
LONGMONT,SOL COFFEE (MOBILE),LONGMONT - SOL COFFEE (MOBILE) - ,FA0005172,4.30,416,5.50,1.00
LONGMONT,SONIC DRIVE IN,LONGMONT - SONIC DRIVE IN - ,FA0000826,3.10,1405,61.29,6.33
LONGMONT,SPICY HOUSE,LONGMONT - SPICY HOUSE - ,FA0000872,4.00,194,30.66,6.50
LONGMONT,SPRINGHILL SUITES BOULDER LONGMONT,LONGMONT - SPRINGHILL SUITES BOULDER LONGMONT - ,FA0002478,4.30,366,25.00,2.00
LONGMONT,STARBUCKS COFFEE 10677,LONGMONT - STARBUCKS COFFEE 10677 - ,FA0002661,4.10,367,11.50,2.00
LONGMONT,STARBUCKS COFFEE 6638,LONGMONT - STARBUCKS COFFEE 6638 - ,FA0001513,4.30,343,25.00,2.00
LONGMONT,STARBUCKS COFFEE 8663,LONGMONT - STARBUCKS COFFEE 8663 - ,FA0002230,4.20,218,20.00,1.50
LONGMONT,STARBUCKS COFFEE 9693,LONGMONT - STARBUCKS COFFEE 9693 - ,FA0002685,4.10,372,13.00,3.00
LONGMONT,STARBUCKS COFFEE#5306,LONGMONT - STARBUCKS COFFEE#5306 - ,FA0004977,4.20,408,1.00,1.00
LONGMONT,SUBWAY,LONGMONT - SUBWAY - ,FA0001161,3.30,103,14.00,1.50
LONGMONT,SUBWAY,LONGMONT - SUBWAY - ,FA0001163,4.00,142,34.44,3.50
LONGMONT,SUBWAY,LONGMONT - SUBWAY - ,FA0002656,3.60,129,17.14,3.67
LONGMONT,SUBWAY 38902 AT SUPER WALMART,LONGMONT - SUBWAY 38902 AT SUPER WALMART - ,FA0002505,4.00,2462,17.00,1.50
LONGMONT,SUGARBEET THE,LONGMONT - SUGARBEET THE - ,FA0001444,4.70,541,22.50,4.00
LONGMONT,SUMO SUSHI & GRILL,LONGMONT - SUMO SUSHI & GRILL - ,FA0005271,4.60,915,45.67,6.00
LONGMONT,SUNSET GOLF COURSE,LONGMONT - SUNSET GOLF COURSE - ,FA0000785,4.40,216,18.86,3.67
LONGMONT,SUSHI BOX,LONGMONT - SUSHI BOX - ,FA0004669,4.30,128,38.54,6.50
LONGMONT,SUSHI HANA JAPANESE CUISINE,LONGMONT - SUSHI HANA JAPANESE CUISINE - ,FA0000411,4.50,468,37.92,4.00
LONGMONT,SUSHI LEO,LONGMONT - SUSHI LEO - ,FA0002343,4.50,290,65.81,5.50
LONGMONT,SWAYLOS TIKI,LONGMONT - SWAYLOS TIKI - ,FA0002274,4.20,160,37.00,2.50
LONGMONT,TACO BELL #33840,LONGMONT - TACO BELL #33840 - ,FA0000841,3.40,1062,12.50,1.00
LONGMONT,TACO BELL #33848,LONGMONT - TACO BELL #33848 - ,FA0000843,3.40,706,16.10,3.33
LONGMONT,TACO BELL,LONGMONT - TACO BELL - ,FA0005280,3.20,647,1.00,1.00
LONGMONT,TACO PALACE LONGMONT,LONGMONT - TACO PALACE LONGMONT - ,FA0002703,4.20,333,53.64,3.67
LONGMONT,TACO STAR,LONGMONT - TACO STAR - ,FA0000365,3.80,709,47.25,4.25
LONGMONT,TACOS AL MOLCAJETE,LONGMONT - TACOS AL MOLCAJETE - ,FA0000534,4.40,703,59.10,5.00
LONGMONT,TACOS DON JOSES,LONGMONT - TACOS DON JOSES - ,FA0004766,4.30,628,33.11,4.50
LONGMONT,TACOS GTO,LONGMONT - TACOS GTO - ,FA0001630,4.60,43,55.83,3.00
LONGMONT,TACOS LA FAMILIA #1 (MOBILE),LONGMONT - TACOS LA FAMILIA #1 (MOBILE) - ,FA0005246,4.40,9,69.00,7.00
LONGMONT,TANGERINE RESTAURANT,LONGMONT - TANGERINE RESTAURANT - ,FA0001192,4.30,337,64.37,5.40
LONGMONT,TAQUERIA MADERO,LONGMONT - TAQUERIA MADERO - ,FA0000844,4.20,77,57.40,4.50
LONGMONT,TASTY ASIA,LONGMONT - TASTY ASIA - ,FA0000863,4.20,571,67.50,6.00
LONGMONT,TERIYAKI MADNESS 208,LONGMONT - TERIYAKI MADNESS 208 - ,FA0004847,3.70,67,32.00,2.50
LONGMONT,TEX MEX,LONGMONT - TEX MEX - ,FA0000888,4.30,71,15.00,1.00
LONGMONT,TEXAS ROADHOUSE,LONGMONT - TEXAS ROADHOUSE - ,FA0002200,4.30,2357,41.67,3.00
LONGMONT,TGI FRIDAYS #572,LONGMONT - TGI FRIDAYS #572 - ,FA0002630,3.90,971,22.75,2.67
LONGMONT,THAI KITCHEN,LONGMONT - THAI KITCHEN - ,FA0001343,4.30,308,91.40,6.25
LONGMONT,TNT ROASTED CORN (MOBILE),LONGMONT - TNT ROASTED CORN (MOBILE) - ,FA0003350,3.90,378,10.00,1.00
LONGMONT,TOKYO JOES,LONGMONT - TOKYO JOES - ,FA0004526,4.00,518,24.40,1.50
LONGMONT,TORTILLAS Y PANADERIA LAGUNA,LONGMONT - TORTILLAS Y PANADERIA LAGUNA - ,FA0001408,4.70,12,71.43,6.00
LONGMONT,TORTUGAS,LONGMONT - TORTUGAS - ,FA0000963,4.70,235,30.00,2.00
LONGMONT,TWISTED ROOTS YOGURT,LONGMONT - TWISTED ROOTS YOGURT - ,FA0003704,4.50,127,15.29,2.00
LONGMONT,URBAN THAI,LONGMONT - URBAN THAI - ,FA0003890,4.30,291,92.24,5.67
LONGMONT,UTE CREEK GOLF COURSE,LONGMONT - UTE CREEK GOLF COURSE - ,FA0000878,4.50,87,22.40,1.50
LONGMONT,VILLAGE AT THE PEAKS (CINEMA),LONGMONT - VILLAGE AT THE PEAKS (CINEMA) - ,FA0004839,4.30,1588,16.00,2.00
LONGMONT,VOLCAN AZUL (MOBILE),LONGMONT - VOLCAN AZUL (MOBILE) - ,FA0005279,4.40,1110,51.00,5.00
LONGMONT,WAHOOS FISH TACO,LONGMONT - WAHOOS FISH TACO - ,FA0001543,4.50,323,60.00,2.67
LONGMONT,WENDYS 4035,LONGMONT - WENDYS 4035 - ,FA0001091,3.90,896,15.00,1.00
LONGMONT,WEST SIDE TAVERN,LONGMONT - WEST SIDE TAVERN - ,FA0000140,4.80,485,87.95,11.00
LONGMONT,WINCHELLS DONUT,LONGMONT - WINCHELLS DONUT - ,FA0001124,4.50,520,45.85,5.00
LONGMONT,WING SHACK,LONGMONT - WING SHACK - ,FA0001336,4.20,512,32.50,2.00
LONGMONT,WING STOP,LONGMONT - WING STOP - ,FA0001057,3.80,370,1.00,1.00
LONGMONT,YOONIECORN DONUTS,LONGMONT - YOONIECORN DONUTS - ,FA0000386,4.30,138,25.40,4.00
LONGMONT,ZIGGIS COFFEE,LONGMONT - ZIGGIS COFFEE - ,FA0000821,4.70,194,10.00,1.00
LONGMONT,ZIGGIS COFFEE,LONGMONT - ZIGGIS COFFEE - ,FA0002839,4.60,310,52.50,4.00
LONGMONT,ZIGGIS COFFEE,LONGMONT - ZIGGIS COFFEE - ,FA0003722,4.60,292,10.00,1.50
LONGMONT,ZIGGIS COFFEE BAR,LONGMONT - ZIGGIS COFFEE BAR - ,FA0002287,4.50,760,50.71,3.50
LOUISVILLE,740 FRONT,LOUISVILLE - 740 FRONT - ,FA0001088,4.40,762,56.00,5.67
LOUISVILLE,ABOS PIZZA,LOUISVILLE - ABOS PIZZA - ,FA0000026,3.50,143,23.78,4.50
LOUISVILLE,AMERICAN LEGION POST 111,LOUISVILLE - AMERICAN LEGION POST 111 - ,FA0000252,4.90,15,78.75,4.00
LOUISVILLE,BAO ASIAN FUSION AND SUSHI,LOUISVILLE - BAO ASIAN FUSION AND SUSHI - ,FA0000086,4.30,470,21.54,4.00
LOUISVILLE,BAWARCHI,LOUISVILLE - BAWARCHI - ,FA0001253,4.10,1241,70.25,6.00
LOUISVILLE,BEST WESTERN PLUS,LOUISVILLE - BEST WESTERN PLUS - ,FA0000770,4.50,532,43.67,4.00
LOUISVILLE,BITTERSWEET CAFE & CONFECTIONS,LOUISVILLE - BITTERSWEET CAFE & CONFECTIONS - ,FA0003542,4.50,394,53.45,5.50
LOUISVILLE,BLACKJACK PIZZA & SALADS,LOUISVILLE - BLACKJACK PIZZA & SALADS - ,FA0000672,3.60,181,26.44,2.67
LOUISVILLE,BOBS SANDWICH SHOP,LOUISVILLE - BOBS SANDWICH SHOP - ,FA0000132,4.60,394,46.43,4.67
LOUISVILLE,BURGER KING 7367,LOUISVILLE - BURGER KING 7367 - ,FA0000113,2.80,404,19.70,2.67
LOUISVILLE,BUSABA,LOUISVILLE - BUSABA - ,FA0001732,4.70,1490,20.00,2.00
LOUISVILLE,CASA ALEGRE,LOUISVILLE - CASA ALEGRE - ,FA0000654,4.10,621,87.78,6.80
LOUISVILLE,CHEF KING,LOUISVILLE - CHEF KING - ,FA0000162,4.00,107,32.77,4.00
LOUISVILLE,CHIPOTLE MEXICAN GRILL #114,LOUISVILLE - CHIPOTLE MEXICAN GRILL #114 - ,FA0001292,4.00,534,13.00,1.00
LOUISVILLE,CINEBARRE,LOUISVILLE - CINEBARRE - ,FA0000191,4.00,1331,4.00,5.00
LOUISVILLE,COURTYARD LOUISVILLE MARRIOTT,LOUISVILLE - COURTYARD LOUISVILLE MARRIOTT - ,FA0000303,4.20,512,15.40,1.50
LOUISVILLE,DOUBLE HAPPY RESTAURANT,LOUISVILLE - DOUBLE HAPPY RESTAURANT - ,FA0000342,4.20,233,46.00,6.50
LOUISVILLE,EMPIRE LOUNGE AND RESTAURANT,LOUISVILLE - EMPIRE LOUNGE AND RESTAURANT - ,FA0000627,4.30,317,72.60,8.33
LOUISVILLE,GAIA CAFE,LOUISVILLE - GAIA CAFE - ,FA0001278,4.50,283,6.00,2.00
LOUISVILLE,GIOVANNITTI COFFEE,LOUISVILLE - GIOVANNITTI COFFEE - ,FA0000974,4.80,53,18.33,1.50
LOUISVILLE,GRILL AT COAL CREEK THE,LOUISVILLE - GRILL AT COAL CREEK THE - ,FA0001215,4.90,8,32.81,5.33
LOUISVILLE,HANA JAPANESE BISTRO,LOUISVILLE - HANA JAPANESE BISTRO - ,FA0001035,4.60,398,23.25,2.00
LOUISVILLE,HENRYS BAR AND GRILL,LOUISVILLE - HENRYS BAR AND GRILL - ,FA0000394,4.10,125,8.40,2.50
LOUISVILLE,HUCKLEBERRY,LOUISVILLE - HUCKLEBERRY - ,FA0000401,4.50,1620,63.33,8.00
LOUISVILLE,JIMMY JOHNS,LOUISVILLE - JIMMY JOHNS - ,FA0004976,3.70,114,30.00,3.00
LOUISVILLE,LAMAR DONUTS,LOUISVILLE - LAMAR DONUTS - ,FA0002163,4.70,623,12.33,1.50
LOUISVILLE,LOCO HERMANOS,LOUISVILLE - LOCO HERMANOS - ,FA0002759,4.60,696,16.77,4.33
LOUISVILLE,LUCKY PIE PIZZA,LOUISVILLE - LUCKY PIE PIZZA - ,FA0003410,4.50,851,58.35,3.50
LOUISVILLE,MAD GREENS,LOUISVILLE - MAD GREENS - ,FA0005008,4.20,297,56.67,3.00
LOUISVILLE,MARCOS PIZZA,LOUISVILLE - MARCOS PIZZA - ,FA0003512,3.90,138,14.40,1.50
LOUISVILLE,MCCASLIN THAI,LOUISVILLE - MCCASLIN THAI - ,FA0003605,4.20,28,50.95,7.00
LOUISVILLE,MCDONALDS,LOUISVILLE - MCDONALDS - ,FA0001186,3.50,778,6.50,2.00
LOUISVILLE,MELTING POT RESTAURANT,LOUISVILLE - MELTING POT RESTAURANT - ,FA0000526,4.60,1605,80.93,7.50
LOUISVILLE,MILE HIGH PHO,LOUISVILLE - MILE HIGH PHO - ,FA0000578,4.20,261,46.57,3.25
LOUISVILLE,MILES SPORTS PUB & GRUB,LOUISVILLE - MILES SPORTS PUB & GRUB - ,FA0004764,4.50,59,26.57,3.50
LOUISVILLE,MOD PIZZA,LOUISVILLE - MOD PIZZA - ,FA0004996,4.70,733,13.67,1.50
LOUISVILLE,MOXIE BREAD COMPANY,LOUISVILLE - MOXIE BREAD COMPANY - ,FA0000010,4.70,937,12.75,5.33
LOUISVILLE,MR SAKE SUSHI & GRILL,LOUISVILLE - MR SAKE SUSHI & GRILL - ,FA0000818,4.20,170,54.78,8.25
LOUISVILLE,MUDROCKS TAP AND TAVERN,LOUISVILLE - MUDROCKS TAP AND TAVERN - ,FA0000079,4.20,662,49.92,6.00
LOUISVILLE,MURPHY'S TAP HOUSE,LOUISVILLE - MURPHY'S TAP HOUSE - ,FA0000165,4.40,1289,35.83,3.00
LOUISVILLE,OLD SANTA FE MEXICAN GRILLE,LOUISVILLE - OLD SANTA FE MEXICAN GRILLE - ,FA0000281,4.40,977,38.93,4.00
LOUISVILLE,PAPA MURPHY'S,LOUISVILLE - PAPA MURPHY'S - ,FA0004653,4.20,74,18.33,1.50
LOUISVILLE,PARMA TRATTORIA MOZZARELLA BAR,LOUISVILLE - PARMA TRATTORIA MOZZARELLA BAR - ,FA0000614,4.50,1124,20.67,3.00
LOUISVILLE,PAULS COFFEE AND TEA,LOUISVILLE - PAULS COFFEE AND TEA - ,FA0000333,4.70,435,36.75,4.00
LOUISVILLE,PHUKET,LOUISVILLE - PHUKET - ,FA0002205,4.50,341,38.00,5.00
LOUISVILLE,PICAS MEXICAN TAQUERIA LOUISVILLE,LOUISVILLE - PICAS MEXICAN TAQUERIA LOUISVILLE - ,FA0004941,4.40,623,36.88,4.00
LOUISVILLE,POR WINE HOUSE,LOUISVILLE - POR WINE HOUSE - ,FA0003408,4.30,452,71.82,9.33
LOUISVILLE,PRECISION POURS A COFFEE HOUSE,LOUISVILLE - PRECISION POURS A COFFEE HOUSE - ,FA0004707,4.90,374,21.00,3.00
LOUISVILLE,QDOBA MEXICAN GRILL #2526,LOUISVILLE - QDOBA MEXICAN GRILL #2526 - ,FA0002948,4.10,348,24.86,2.00
LOUISVILLE,QUALITY INN,LOUISVILLE - QUALITY INN - ,FA0000193,3.60,616,23.00,2.50
LOUISVILLE,RED GARDEN RESTAURANT &  BREWING,LOUISVILLE - RED GARDEN RESTAURANT &  BREWING - ,FA0005295,4.70,176,35.00,2.00
LOUISVILLE,ROCKY MOUNTAIN TAP & GARDEN,LOUISVILLE - ROCKY MOUNTAIN TAP & GARDEN - ,FA0005100,4.50,79,25.00,3.00
LOUISVILLE,ROSATIS CHICAGO PIZZA,LOUISVILLE - ROSATIS CHICAGO PIZZA - ,FA0005494,4.50,924,15.00,2.00
LOUISVILLE,SMASHBURGER,LOUISVILLE - SMASHBURGER - ,FA0000758,3.70,432,1.46,4.33
LOUISVILLE,SPICE CHINA,LOUISVILLE - SPICE CHINA - ,FA0000870,4.10,451,38.67,4.50
LOUISVILLE,STARBUCKS COFFEE #5587,LOUISVILLE - STARBUCKS COFFEE #5587 - ,FA0002966,4.20,261,24.00,2.00
LOUISVILLE,SUBWAY,LOUISVILLE - SUBWAY - ,FA0000185,3.70,85,22.00,3.00
LOUISVILLE,SUSHI YOSHI RESTAURANT,LOUISVILLE - SUSHI YOSHI RESTAURANT - ,FA0003545,4.40,194,21.33,3.00
LOUISVILLE,TAJ MAHAL III,LOUISVILLE - TAJ MAHAL III - ,FA0000885,4.60,648,68.13,7.80
LOUISVILLE,TIBETS RESTAURANT AND BAR,LOUISVILLE - TIBETS RESTAURANT AND BAR - ,FA0001363,4.40,293,50.31,5.33
LOUISVILLE,TILT,LOUISVILLE - TILT - ,FA0000088,4.50,59,93.75,8.00
LOUISVILLE,TWELVE DEGREE BREWING,LOUISVILLE - TWELVE DEGREE BREWING - ,FA0000580,4.70,260,25.71,3.50
LOUISVILLE,VERDE,LOUISVILLE - VERDE - ,FA0005232,4.40,534,69.27,5.50
LOUISVILLE,VIA TOSCANA,LOUISVILLE - VIA TOSCANA - ,FA0000971,4.60,485,10.87,5.00
LOUISVILLE,WATERLOO THE,LOUISVILLE - WATERLOO THE - ,FA0000798,4.40,1328,70.65,6.20
LOUISVILLE,ZIGGIS COFFEE,LOUISVILLE - ZIGGIS COFFEE - ,FA0005195,4.30,101,37.00,3.00
LOUISVILLE,ZUCCA ITALIAN RESTAURANT,LOUISVILLE - ZUCCA ITALIAN RESTAURANT - ,FA0001094,4.40,353,29.56,4.50
LYONS,BARKING DOG CAFE,LYONS - BARKING DOG CAFE - ,FA0003365,4.50,339,45.91,4.50
LYONS,JULIES THAI KITCHEN,LYONS - JULIES THAI KITCHEN - ,FA0000494,4.30,178,44.00,5.00
LYONS,LA MARIPOSA RESTAURANT(LYONS),LYONS - LA MARIPOSA RESTAURANT(LYONS) - ,FA0000456,4.20,302,51.67,6.00
LYONS,LYONS DAIRY BAR,LYONS - LYONS DAIRY BAR - ,FA0000346,4.30,499,22.36,2.75
LYONS,MOJO TAQUERIA,LYONS - MOJO TAQUERIA - ,FA0000056,4.50,569,10.00,2.00
LYONS,OSKAR BLUES,LYONS - OSKAR BLUES - ,FA0000599,4.30,1799,20.00,2.00
LYONS,PIZZA BAR 66,LYONS - PIZZA BAR 66 - ,FA0002609,4.50,407,40.36,3.50
LYONS,SMOKIN DAVES BBQ & TAPHOUSE,LYONS - SMOKIN DAVES BBQ & TAPHOUSE - ,FA0001414,4.60,1195,47.00,2.50
LYONS,SPIRIT HOUND DISTILLERS,LYONS - SPIRIT HOUND DISTILLERS - ,FA0003807,4.80,189,11.75,1.50
LYONS,STONE CUP THE,LYONS - STONE CUP THE - ,FA0001549,4.60,455,61.00,3.50
NEDERLAND,BACK COUNTRY PIZZA,NEDERLAND - BACK COUNTRY PIZZA - ,FA0000192,3.80,326,95.32,7.75
NEDERLAND,BLUE OWL BOOKS,NEDERLAND - BLUE OWL BOOKS - ,FA0001046,4.70,187,42.14,3.50
NEDERLAND,BOULDER CREEK LODGE THE,NEDERLAND - BOULDER CREEK LODGE THE - ,FA0003551,4.30,213,40.00,4.00
NEDERLAND,BUSEY BREWS,NEDERLAND - BUSEY BREWS - ,FA0002701,4.70,717,45.00,2.50
NEDERLAND,CARIBOU ROOM THE,NEDERLAND - CARIBOU ROOM THE - ,FA0004851,4.80,144,11.00,3.00
NEDERLAND,COVERED WAGON,NEDERLAND - COVERED WAGON - ,FA0000655,4.10,69,33.57,2.50
NEDERLAND,CROSSCUT PIZZERIA & TAPHOUSE,NEDERLAND - CROSSCUT PIZZERIA & TAPHOUSE - ,FA0004816,4.70,1169,26.33,3.00
NEDERLAND,DELI AT 8236 THE,NEDERLAND - DELI AT 8236 THE - ,FA0002689,4.70,154,25.00,2.50
NEDERLAND,ELDORA MOUNTAIN RESORT,NEDERLAND - ELDORA MOUNTAIN RESORT - ,FA0000242,4.00,2,35.00,4.00
NEDERLAND,KATHMANDU RESTAURANT,NEDERLAND - KATHMANDU RESTAURANT - ,FA0001347,4.50,600,43.24,3.50
NEDERLAND,NEDERLAND COMMUNITY CENTER,NEDERLAND - NEDERLAND COMMUNITY CENTER - ,FA0000567,5.00,3,20.00,1.50
NEDERLAND,NEDS,NEDERLAND - NEDS - ,FA0001202,4.20,695,61.12,4.25
NEDERLAND,NEW MOON BAKERY,NEDERLAND - NEW MOON BAKERY - ,FA0000402,4.60,547,25.00,2.00
NEDERLAND,ROASTED TOAD BBQ THE,NEDERLAND - ROASTED TOAD BBQ THE - ,FA0004494,4.40,79,34.29,2.00
NEDERLAND,SALTO COFFEE WORKS,NEDERLAND - SALTO COFFEE WORKS - ,FA0003703,4.60,436,40.00,2.50
NEDERLAND,TRAIN CARS COFFEE & YOGURT CO THE,NEDERLAND - TRAIN CARS COFFEE & YOGURT CO THE - ,FA0000230,4.70,506,18.10,2.50
NEDERLAND,TRES GRINGOS CANTINA,NEDERLAND - TRES GRINGOS CANTINA - ,FA0000075,4.50,171,27.00,2.00
NEDERLAND,UBON THAI CUISINE,NEDERLAND - UBON THAI CUISINE - ,FA0000942,4.40,321,37.22,3.00
NEDERLAND,VEGETABLE EXPRESS THE (MOBILE),NEDERLAND - VEGETABLE EXPRESS THE (MOBILE) - ,FA0005208,5.00,16,5.00,1.00
NIWOT,1914 HOUSE,NIWOT - 1914 HOUSE - ,FA0004879,4.60,388,35.62,4.00
NIWOT,ABOS PIZZA,NIWOT - ABOS PIZZA - ,FA0000011,4.30,119,37.86,3.50
NIWOT,FANS CHINESE CUISINE,NIWOT - FANS CHINESE CUISINE - ,FA0000238,4.00,103,49.94,4.33
NIWOT,GARDEN GATE CAFE,NIWOT - GARDEN GATE CAFE - ,FA0000314,4.40,382,54.52,7.25
NIWOT,LEFTYS GADGET AND PIZZA,NIWOT - LEFTYS GADGET AND PIZZA - ,FA0000487,4.40,144,39.55,5.50
NIWOT,NIWOT WHEEL WORKS,NIWOT - NIWOT WHEEL WORKS - ,FA0004603,4.50,2,17.60,2.50
NIWOT,OLD OAK COFFEEHOUSE THE,NIWOT - OLD OAK COFFEEHOUSE THE - ,FA0001240,4.70,165,34.47,4.75
NIWOT,PINOCCHIOS,NIWOT - PINOCCHIOS - ,FA0001149,4.20,608,49.17,3.00
NIWOT,RAZA FRESA MEXICAN KITCHEN,NIWOT - RAZA FRESA MEXICAN KITCHEN - ,FA0000355,4.20,209,107.74,6.00
NIWOT,SUBWAY,NIWOT - SUBWAY - ,FA0001203,4.30,48,13.00,2.00
NIWOT,WINOT COFFEE,NIWOT - WINOT COFFEE - ,FA0000743,4.60,178,32.50,2.00
SUPERIOR,ASIAN CUISINE AND VIETNAMESE,SUPERIOR - ASIAN CUISINE AND VIETNAMESE - ,FA0001338,4.70,177,54.73,6.60
SUPERIOR,BOSS LADY PIZZA,SUPERIOR - BOSS LADY PIZZA - ,FA0004515,4.20,54,5.00,2.50
SUPERIOR,FAIRWAYS GOLF,SUPERIOR - FAIRWAYS GOLF - ,FA0005066,4.50,340,4.00,1.50
SUPERIOR,FIREHOUSE SUBS,SUPERIOR - FIREHOUSE SUBS - ,FA0005063,4.30,153,2.00,4.00
SUPERIOR,IHOP 2071,SUPERIOR - IHOP 2071 - ,FA0001269,3.70,332,17.40,3.33
SUPERIOR,PANDA EXPRESS#1100,SUPERIOR - PANDA EXPRESS#1100 - ,FA0002513,2.90,189,3.67,1.50
SUPERIOR,PANERA BREAD #2432,SUPERIOR - PANERA BREAD #2432 - ,FA0002435,3.80,373,10.00,1.00
SUPERIOR,PJS DINER,SUPERIOR - PJS DINER - ,FA0001183,4.70,878,26.50,3.00
SUPERIOR,STARBUCKS COFFEE #47385,SUPERIOR - STARBUCKS COFFEE #47385 - ,FA0005033,4.30,357,1.00,1.00
SUPERIOR,STARBUCKS COFFEE 10867,SUPERIOR - STARBUCKS COFFEE 10867 - ,FA0002840,4.20,236,23.33,3.00
SUPERIOR,SUSHI OUTLET,SUPERIOR - SUSHI OUTLET - ,FA0001374,4.60,459,25.00,2.00
SUPERIOR,TEQUILA Y MEZCHAL,SUPERIOR - TEQUILA Y MEZCHAL - ,FA0001375,4.70,176,40.54,6.50
WARD,GLACIER VIEW RANCH,WARD - GLACIER VIEW RANCH - ,FA0000327,4.90,24,50.00,4.50
WARD,JACKLEGGERS MERCANTILE,WARD - JACKLEGGERS MERCANTILE - ,FA0004654,5.00,11,20.00,1.00
WARD,MILLSITE INN,WARD - MILLSITE INN - ,FA0000541,4.20,88,30.00,3.00
